month,orig_1M,orig_100k,orig_50k,micro_1M,micro_100k,micro_50k,orig_1M_rawNoRollAdj,orig_1M_risk0.25pct,orig_1M_ddRefHWM,orig_1M_noDDrule,S2only_1M,S1only_1M,adds1N_1M,modern_1M,modern_1M_risk0.25pct,modern_100k_micro,modern_50k_micro,ES_buyhold,NQ_buyhold
2001-01,747305,105829,62562,751286,95797,59630,803063,999715,747305,765838,651454,787273,890963,1013025,1004141,102014,49820,1035041,1099600
2001-02,748767,113198,66712,778953,105799,68310,815131,1005052,748767,770768,672994,780606,953314,1103713,1023549,111164,54584,935946,805643
2001-03,945189,134822,82491,968900,139064,83157,1012217,1085340,945189,989749,822538,968890,1196142,1187240,1046091,122270,59485,884702,668772
2001-04,900592,105130,67487,930238,102074,64509,1021053,1055331,900592,927807,784955,971917,1170737,1111597,1029919,114721,56043,945177,786060
2001-05,730894,100579,62929,691549,98496,62043,721804,1002981,730894,755948,695075,596872,938550,1120067,1031533,113494,55978,945365,757423
2001-06,502169,90673,60217,422053,83336,54532,638109,903637,502169,490479,447184,372557,763949,1090788,1024155,111014,53126,932743,781217
2001-07,461791,85725,57469,372558,66036,42551,554379,856710,461791,431810,425630,323121,674072,1016456,1011382,103942,48839,915787,712992
2001-08,532849,78515,57469,452993,75977,47923,667315,880215,532849,556142,521088,396630,758945,1065936,1023122,106897,52522,857950,620131
2001-09,659772,85199,57469,555199,88940,56841,743665,923462,659772,690431,673271,444053,779861,1358112,1091160,132755,68094,831970,494841
2001-10,633684,77789,57469,506443,70806,45878,760009,929084,633684,667000,671567,413423,747473,1567210,1129336,152937,77948,841934,576542
2001-11,498280,94820,57469,380706,58087,38030,591023,895339,498280,446170,502777,309710,598549,1301146,1068423,125349,62781,904904,672984
2001-12,1162455,88339,57469,1350342,189896,106759,506065,1588003,1162455,1705003,1507735,890531,1867600,2413473,1299505,236498,107701,916064,666877
2002-01,919735,76593,55240,1075548,149161,84566,415235,1527188,918661,1337459,1209203,686264,1480807,2319731,1285258,227677,103123,901118,654243
2002-02,741045,75058,54739,856585,129670,79057,359086,1439168,741084,1031220,1016422,530290,1279599,2329409,1287092,226051,103383,882386,572963
2002-03,880219,70814,55007,1024210,131798,80761,428722,1510513,883678,1326193,1201856,650970,1469717,2167667,1265355,208238,98242,912477,614656
2002-04,732070,67414,51928,839504,116636,72116,336819,1451573,737553,1032416,954551,554133,1239607,2146465,1278006,205062,93297,857676,539061
2002-05,815138,78154,49678,925339,116077,72625,354775,1508583,823447,1159898,1153900,567679,1273772,2266505,1305381,215543,100693,848111,509370
2002-06,1081504,72458,47848,1249085,168373,87532,409214,1653959,1098767,1639167,1445735,800868,1483965,2898421,1396934,276360,127552,787532,443883
2002-07,1279915,66669,48232,1477127,187969,103808,457384,1791744,1309794,2032960,1761951,931124,1623830,3192048,1444087,301986,140595,723764,404927
2002-08,1395962,67016,47312,1582173,185810,112480,459413,1837876,1444541,2254150,1760798,1096507,1741403,3420276,1474930,321970,152451,727152,397347
2002-09,1613709,73068,50693,1824778,203039,124161,537859,1938610,1680687,2659847,2026911,1280770,2101003,4315246,1573900,412322,195758,649634,352495
2002-10,1177703,78690,58179,1322403,153693,98955,370974,1800580,1220284,1891538,1251210,1117196,1558943,3596360,1501587,336900,160763,705829,417562
2002-11,966496,75175,54665,1070200,135652,91284,331201,1717891,996505,1465974,941951,1007211,1394596,3162273,1460035,298546,142928,746083,470415
2002-12,899803,73260,54665,999316,130193,86220,290879,1713334,937128,1354211,822378,1020540,1372738,3955252,1556021,363745,174431,700648,415666
2003-01,977143,85165,59547,1097386,136530,89347,280810,1783964,1010920,1513191,1085382,926353,1508844,5166532,1665965,485311,229853,681319,414614
2003-02,1318693,103451,64582,1597547,198285,118907,300394,2034869,1315422,2311955,1729579,1089260,2232928,7292036,1833526,671706,329778,670359,425563
2003-03,989614,95411,56316,1120144,133996,81294,196059,1822392,1013326,1565641,1291196,791569,1497064,5113189,1676643,457250,227447,675141,429985
2003-04,967178,100566,54835,1082155,123314,83023,182061,1825032,985360,1508500,1247203,738691,1293844,5402109,1711533,484418,239677,730141,466625
2003-05,1271958,133718,53159,1451898,155563,103588,235334,1994887,1267173,2110700,1824484,859470,1750592,8384478,1932275,752702,377376,767804,504948
2003-06,1004549,120040,50926,1124532,133058,103347,228664,1883991,1026951,1600615,1503225,655926,1459925,7206622,1871962,640285,318860,775775,507265
2003-07,877917,104516,50926,978296,113837,83999,213455,1831808,923763,1394631,1161368,652501,1437844,6271406,1795583,556483,275872,788528,538640
2003-08,759452,101007,50119,839973,98812,74836,195260,1768723,827705,1138609,1074930,552408,1161334,6010017,1770559,529006,263232,803275,565172
2003-09,606056,98464,48199,665702,94451,73324,168237,1662908,642241,804093,695610,514454,1064167,5415493,1716248,474839,241841,792315,550011
2003-10,690121,95084,48199,804261,88691,67678,196730,1758090,726738,1000554,828863,612886,1273972,5492357,1727966,479745,240007,836553,597178
2003-11,523806,91916,47000,563340,71917,54843,162141,1606146,549944,624043,597971,422571,1042677,5302192,1710061,460145,229567,843129,600126
2003-12,574592,90885,45722,661206,86956,63185,142024,1642246,591830,731084,630126,508995,1172075,6416943,1808388,555978,272352,885176,618235
2004-01,542980,85512,43602,590108,82150,61211,135464,1627293,581214,645602,655265,383372,1091243,6399081,1810932,553726,271107,900720,629606
2004-02,490109,87050,42506,547336,77398,58491,133111,1589746,537038,608189,656990,328063,1007799,6565560,1839045,563451,278906,912278,619709
2004-03,385256,81745,42138,398428,59618,44731,107148,1496665,419527,430006,377913,313866,812072,5613592,1772405,482129,238207,896734,607075
2004-04,322630,80265,42138,342774,54627,41479,102164,1427490,340383,333902,291502,262732,692607,4608800,1671991,388627,196898,881589,590861
2004-05,331186,82419,42138,332185,48846,38408,103926,1503076,367012,401562,334225,293074,730167,4628607,1672171,391076,198908,893944,618235
2004-06,320123,80248,42138,310546,45577,36112,100029,1428822,319029,338749,279795,280893,632151,4413016,1629415,368575,181851,909089,640556
2004-07,342281,87820,42138,298672,44362,34909,110780,1422728,304488,342517,273796,286836,644391,4240826,1606106,354469,174016,877604,590651
2004-08,282300,72165,42138,269936,39792,31236,94995,1330195,219339,254391,215056,251900,564956,3709665,1543156,305940,152589,879995,576964
2004-09,245178,68870,41707,222259,38475,30001,90737,1271361,170298,186459,152148,226507,458970,3893433,1564256,315569,159600,888763,596968
2004-10,228435,66357,41707,206639,39430,29777,90959,1218244,155685,158645,132724,210988,457851,4133893,1603337,322573,165097,900919,627501
2004-11,257857,64973,41707,240834,47576,35716,91185,1274890,182311,185271,161164,234568,521480,4700062,1666926,356862,188412,935792,662455
2004-12,231025,63798,41350,207438,46858,35536,87718,1225000,159371,162331,137974,195554,460711,4547396,1655960,341676,183529,967477,685829
2005-01,174157,60162,37274,130732,37719,30891,76266,1120647,108699,109841,99982,128329,358201,3726928,1576742,279266,154638,941969,641819
2005-02,173875,60760,37274,121095,38337,30719,74091,1109653,99507,99682,92066,128123,346394,3615574,1567332,270930,150387,959705,637187
2005-03,173353,61805,37274,122869,36347,27441,80264,1129876,102933,103108,99715,119141,369694,3533010,1565019,267297,144696,943763,627922
2005-04,159127,57788,37274,96653,31625,25778,73165,1085157,99429,99605,95445,111654,299235,2829562,1474975,216827,111978,923437,600337
2005-05,131241,57788,37274,94849,31760,25396,69202,1072668,86612,86787,72426,92879,280624,2575069,1438198,198782,104450,950339,650663
2005-06,125016,60116,39601,97437,31939,24900,70968,1080266,79377,79552,64677,89905,269688,2521130,1426508,191225,104556,952930,632975
2005-07,143523,65301,43992,91768,32279,25877,74899,1090393,90919,91095,72206,98673,281994,2485328,1430837,184594,103272,985810,678669
2005-08,125927,57709,40088,76701,27701,21723,67950,1031046,79314,79490,62072,86112,221752,2640532,1440255,184964,99576,973654,667088
2005-09,110806,51699,40088,62437,25997,22064,61147,954576,70831,71006,54306,70842,212995,2454048,1413683,181483,98148,983817,679722
2005-10,117786,55552,40088,59355,22907,19649,67113,994930,77810,77985,56925,73458,197960,2423559,1445518,185334,98222,964288,668141
2005-11,119370,54502,40088,83615,31896,25902,65908,1094985,73179,73354,54691,76165,187632,2734465,1517921,204245,106161,997168,705412
2005-12,137442,72144,40088,95317,30487,25078,83875,1150829,94079,94254,66017,90456,232040,2576324,1513141,198072,102274,1000158,698673
2006-01,156110,100418,39371,120462,25949,20627,105514,1230014,113883,114059,73556,103835,271714,2713675,1528645,210034,110590,1023074,724152
2006-02,137264,91227,38944,97502,22292,18295,95061,1167872,101779,102054,65071,89202,243827,2533143,1488470,198844,104241,1022277,705201
2006-03,121065,87651,36530,86706,20772,17577,89816,1166352,92093,92369,61010,88696,221538,2947726,1551724,230533,121955,1042204,724363
2006-04,122030,82914,34988,107603,21438,16806,90995,1299424,98006,98281,64840,95391,248075,3548208,1623345,281530,146038,1048980,720573
2006-05,119860,80855,34988,128167,24472,17871,98919,1444722,101206,101481,64194,97462,251549,3690795,1648519,289822,143116,1013907,666667
2006-06,114313,84915,34988,97653,21628,16001,102585,1322264,100684,100959,51643,87182,206938,3338631,1616309,258928,128947,1019886,670246
2006-07,103396,74712,34988,67181,20737,16353,86284,1214187,80953,81228,44488,76250,176662,2676175,1529132,205451,104538,1021679,639608
2006-08,133388,76437,34988,64584,20259,16312,96265,1296896,110192,110467,46077,93760,201677,2653832,1531272,198180,102722,1040610,666667
2006-09,134116,75367,34988,68339,21732,17566,92834,1296148,115183,115474,46709,91359,213932,2854140,1565850,219868,106759,1072494,703832
2006-10,129733,68660,34988,66115,22264,17933,81178,1246051,110998,111311,41751,79001,189896,2651685,1536056,203033,94208,1102585,733944
2006-11,126084,67247,34988,69958,24019,17804,78100,1257066,106681,106994,41165,64064,194875,2715381,1549075,204215,100310,1118327,755843
2006-12,116019,67405,34988,64218,22625,16445,74663,1250241,94146,94459,39173,59989,173474,2544725,1521664,192469,96502,1138653,747526
2007-01,111830,67320,34988,58793,21210,16580,71495,1223615,88454,88766,37646,56371,160407,2525739,1523612,188470,92450,1150211,759107
2007-02,94204,60938,34988,47400,18128,14418,65468,1199595,76623,76936,31245,47947,138347,2353294,1505431,176221,87507,1123110,743525
2007-03,88029,60519,34988,39176,17498,13622,71846,1139875,71604,71917,39393,40343,115998,2199633,1472670,164580,82714,1140845,754159
2007-04,90025,59234,34988,45135,21316,16550,65245,1165548,65917,66229,34192,39856,122944,2518088,1537221,179433,91963,1186479,791430
2007-05,87495,63343,34988,50832,25048,20657,70254,1206485,67832,68144,34662,41301,117798,2633006,1556487,189190,94642,1221950,813750
2007-06,113125,80560,34988,47946,24065,19645,69421,1284776,92603,92916,45835,55348,153451,3054163,1622404,225075,109757,1208001,823752
2007-07,101289,81176,34988,47758,23478,18371,66585,1229973,86958,87270,38595,48034,152725,2705734,1589467,194167,99216,1165356,819436
2007-08,89876,89663,34988,35027,19240,16132,70116,1202486,95445,93447,45176,41244,124569,2256668,1529491,162545,88109,1177113,840072
2007-09,100230,103260,34988,38933,20897,16132,71709,1369114,111258,107212,57210,39828,157201,3245904,1715210,228803,131347,1225935,890293
2007-10,105999,94652,34988,42971,20669,15681,66453,1321285,103998,99952,57977,39341,155150,3713087,1788844,247821,145812,1239486,948621
2007-11,129883,107925,34988,33778,19227,15681,66355,1341904,128456,123688,65562,39248,175175,4091283,1831841,273330,146101,1182693,882080
2007-12,134116,119368,34988,33927,19227,15681,65333,1350151,132647,127879,63617,39112,173980,4351960,1860676,295763,150700,1177512,886397
2008-01,169562,161787,34988,47513,20235,15681,74194,1479474,170015,168345,90008,38395,223704,6553054,2079833,450375,214599,1099595,778164
2008-02,234125,226350,34988,60552,21827,15681,79843,1727584,234578,232907,121897,38403,352508,12862586,2538720,888595,437893,1061135,736260
2008-03,208421,200646,34988,49333,20083,15681,72416,1632507,208672,207001,103884,37127,303822,8682250,2356815,618455,305807,1055357,754053
2008-04,171161,170012,34988,47706,20003,15681,71934,1553382,178115,176444,86583,37127,257573,8183108,2322166,571891,287073,1104777,809960
2008-05,197845,196440,34988,48052,20671,15681,71934,1592610,210921,209251,102061,37127,276774,8970676,2369864,627125,310746,1116334,857128
2008-06,183185,179809,34988,45905,20313,15681,71934,1655306,244543,242873,108642,37127,292847,10142553,2460817,715397,330525,1021081,777427
2008-07,163345,158816,34988,40531,17777,15681,71934,1501466,165911,165155,84358,37127,213749,7294397,2248277,505271,252370,1009922,780691
2008-08,167183,166223,34988,47261,17973,15681,71934,1548977,198474,197718,81033,37127,229922,7645692,2277937,527197,257673,1022277,789640
2008-09,151245,150284,34988,38966,17973,15681,71934,1506490,197905,197149,73617,37127,197011,7731802,2301918,530854,258167,931806,671405
2008-10,171739,170779,34988,49920,17973,15681,71934,1718356,313111,312355,80921,37127,214527,12949471,2774509,891351,399934,770992,563066
2008-11,182099,175759,34988,51704,17973,15681,71934,1783906,339676,346030,91073,37127,225593,15801659,2907684,1037633,451513,713601,499474
2008-12,192386,186047,34988,47133,17973,15681,71934,1715629,351820,362600,99607,37127,234279,16205654,2960517,1048042,443163,717387,510634
2009-01,162660,156321,34988,40867,17973,15681,71934,1584716,266108,268171,84100,37127,203994,12680530,2811729,820108,347882,655612,496631
2009-02,154303,147911,34988,42176,17973,15681,71934,1591034,251677,250709,84619,37127,200906,12619585,2812181,816338,357672,585269,470415
2009-03,126257,129639,34988,39340,17602,15681,71934,1496227,190108,189140,70935,37127,168079,10068844,2663918,652498,289362,633493,521162
2009-04,151243,154743,34988,44160,19260,15681,70538,1634474,253365,252397,80113,35588,187125,10068316,2683854,650715,287932,693474,586860
2009-05,151762,147376,34988,50649,19269,15111,69805,1698355,303365,302397,81055,34854,186033,10995775,2764185,700884,322371,731735,604548
2009-06,126456,124276,34988,49176,19397,14587,67540,1693290,279700,273594,73385,34108,161169,9204260,2655244,587121,273038,729742,621710
2009-07,123693,121876,34988,52721,20422,15701,63989,1721373,238693,236272,73267,32332,164329,9353056,2667050,584112,279848,784742,674668
2009-08,169682,120043,34988,53595,20596,15651,63989,1724126,308729,314795,94966,32332,207789,9402181,2679582,586334,285983,812840,684355
2009-09,145598,115133,34988,55736,21434,16441,63989,1715323,271661,234414,94434,32332,184931,10001910,2718007,612556,295331,839343,723310
2009-10,122742,111827,34988,48079,19772,15604,63989,1612657,211939,180616,65097,32383,161883,8688300,2650438,544302,248803,823401,701411
2009-11,135501,128870,34988,46199,19434,14830,69574,1607685,222751,198928,70165,37222,173555,10590746,2825113,656750,301375,872622,744367
2009-12,139728,130749,34988,41278,19934,15035,63532,1586233,231007,189177,62884,34431,165016,8914616,2705469,573043,256010,885376,782796
2010-01,130410,125399,34988,38979,19642,14465,62467,1581536,252001,189493,59616,33899,154972,6649814,2534851,424716,191128,853292,732470
2010-02,128665,122331,34988,37016,18459,14188,62456,1600516,238718,183706,58044,33888,142616,6511703,2540160,417176,191545,879597,765845
2010-03,137263,133589,34988,40771,19832,14971,61748,1641958,252073,179797,68387,32869,144114,7565022,2671180,481351,223646,946562,823647
2010-04,156042,153908,34988,34187,18441,15975,60928,1638387,271681,175608,74616,36310,163176,7669705,2687814,483172,228728,961387,841651
2010-05,133590,132853,34988,35838,16935,14767,58110,1635389,275536,145566,61323,34901,135596,6375931,2577983,403004,187801,884216,779954
2010-06,130727,129734,34988,34382,16935,14767,58055,1668992,242140,138083,63941,35613,129285,5910911,2506502,380113,173847,833852,731944
2010-07,123040,122713,34988,30072,16935,14767,56185,1713346,275439,145366,64507,33468,120537,6000334,2530838,388872,176906,892137,784270
2010-08,140290,147042,34988,29302,16935,14767,55186,1821383,331256,168672,84800,32469,130121,6771339,2629175,450910,211291,851520,743946
2010-09,158342,173922,35278,27826,17399,15155,54816,1829637,345008,230376,100316,32065,128097,9840448,2923655,639906,313051,923411,840387
2010-10,185793,248023,32278,31233,19635,17179,50448,1981142,409146,325670,145270,29938,124794,13887684,3212795,895408,439127,958341,893662
2010-11,137547,214286,31671,28771,18251,16731,47556,1892025,307279,275439,107167,27349,106805,10599825,3046559,691430,334286,958138,891556
2010-12,155102,244369,31671,29310,19401,18178,47556,2005494,331215,294464,132985,26248,104592,16498158,3446892,1064913,502833,1017844,933249
2011-01,177361,277370,31671,29143,20022,18762,46791,2030405,360758,333665,155871,25059,114529,16723866,3477667,1090185,524094,1041808,960202
2011-02,179196,272250,31671,29579,21962,20571,46791,2071435,321094,286272,164858,25059,94666,21296935,3736173,1391071,673260,1077144,989998
2011-03,150581,200982,31671,22719,17814,16866,46791,1885120,193653,172581,116526,25059,93641,16344632,3547049,1047208,525372,1073082,983891
2011-04,134705,179668,31671,23060,17925,16812,44398,1895326,179597,145205,101091,23863,89176,23960426,3981594,1522173,763630,1104560,1011055
2011-05,147476,184451,31671,19304,17371,16620,45432,1815878,165723,158347,95028,24362,91508,13305914,3502365,841505,431800,1091766,998842
2011-06,142989,175119,31671,18924,16991,16240,44484,1721749,145393,137924,90842,24133,88964,10880981,3288920,697794,361783,1068614,977469
2011-07,138197,168238,31671,18924,16991,16240,43616,1712998,143897,128650,90842,23265,87815,11209955,3320966,718983,381391,1046682,993578
2011-08,138744,163543,31671,18924,16991,16240,45466,1703907,137443,118835,83357,24760,88081,10478861,3313457,669257,348869,989209,943672
2011-09,135610,158335,31671,18924,16991,16240,44987,1819928,135810,121796,75694,24760,88081,12015267,3466349,742765,392557,914679,898926
2011-10,135610,150152,31671,18924,16991,16240,44987,1667386,119964,110181,75694,24760,88081,8318242,3110034,503707,266034,1014798,992209
2011-11,135610,150152,31671,18924,16991,16240,44987,1692531,119964,110181,75694,24760,88081,8742971,3162790,545724,283935,1012158,966519
2011-12,126941,141482,31078,18924,16991,16240,44243,1718670,110853,101663,73263,23574,86130,8587367,3150745,542132,283214,1017438,957886
2012-01,125697,140742,31399,18361,16978,16324,44886,1691497,110987,102185,69952,23918,84443,7594937,3062171,469523,252781,1062725,1037797
2012-02,105794,119443,30004,19810,19400,18235,42096,1754096,97948,89146,60486,22711,78095,7449150,3047712,457312,245930,1108418,1104654
2012-03,106660,117770,28776,19477,19102,19333,39638,1952044,98814,87036,54598,21482,73626,7187315,3010237,439723,235735,1139896,1158454
2012-04,126828,135348,28776,17335,16980,17212,39638,1989169,119238,107412,64682,21482,73637,7111473,3013457,434948,233460,1131976,1145188
2012-05,154733,162004,28776,16613,16245,17744,39638,2156310,145787,124153,80184,21482,74360,9035280,3205673,561830,279138,1063537,1062961
2012-06,120268,126046,28459,15425,14374,15594,39006,1937993,116154,110127,61356,21213,70302,6122014,2921792,390383,190434,1101920,1099073
2012-07,116117,118989,26661,14756,13856,14840,36124,2067274,95791,93776,59232,19620,64833,7564489,3131267,472891,234211,1116542,1110339
2012-08,117877,123338,26276,14756,13856,14970,35740,2004042,88181,86757,60688,18851,63439,7149956,3082182,438028,218454,1141317,1166983
2012-09,109700,113117,26276,14756,13856,13998,35740,1920559,86250,84826,55059,18851,61980,7036384,3057508,437896,215311,1165078,1175826
2012-10,106067,108517,25629,14558,13856,13593,34445,1841693,82617,81193,53130,18199,58774,5457918,2852139,339636,167351,1142739,1112024
2012-11,101263,105276,25081,14301,13749,13593,33619,1840616,77927,78643,51997,17317,58059,5321909,2833396,325550,167154,1149035,1126869
2012-12,97958,101821,24854,13819,13267,13111,33165,1839447,73045,74582,51997,16863,57012,5088888,2781189,311446,155500,1153502,1118235
2013-01,83546,88753,23810,12428,11876,11720,31490,1913008,70615,72152,43166,15516,55086,5000603,2768012,304129,149009,1213005,1147610
2013-02,79846,83988,23785,15175,14089,13932,31440,1862069,69645,71182,39785,15466,54349,5264068,2797682,319575,154049,1229252,1153085
2013-03,72551,81431,23577,13020,12705,12548,31024,1883508,67088,68625,39825,15049,53313,5649649,2858942,339151,161061,1269462,1183828
2013-04,70691,76965,23487,12848,12533,12376,31052,1890502,65957,66458,38471,14841,52594,6284988,2944037,379138,184951,1293425,1212887
2013-05,72583,78378,21691,11953,11422,11266,28206,1836512,67445,67533,36714,14983,46482,6933638,3031965,416608,202875,1323278,1255106
2013-06,79135,84722,20264,11953,11422,11266,25652,2008683,73944,74032,40268,13645,48512,8280498,3191523,507741,239356,1299112,1221836
2013-07,74530,80958,20264,11953,11422,11266,25652,2007184,68455,68543,37234,13049,47498,7423660,3115445,454785,213260,1365113,1298379
2013-08,76026,81475,20264,11953,11422,11266,25611,1911364,70072,70160,40421,12689,48042,7296831,3086096,444704,213672,1325106,1294378
2013-09,69250,74887,20264,11953,11422,11266,25413,1914319,63774,63862,36591,13065,46639,6405998,2999956,394007,193819,1360036,1351442
2013-10,69291,80099,20264,11516,11422,11266,25434,1872793,69512,69600,33201,13086,46660,6750175,3034365,413991,201859,1422382,1418825
2013-11,67523,69780,19483,12323,11422,11266,24369,1871186,56269,56357,32728,12439,45710,7054469,3077299,438109,214513,1465435,1468730
2013-12,65541,75345,19337,12443,11422,11266,23608,1929929,62210,62298,34627,11868,44834,8010227,3197550,489750,247613,1495491,1509265
2014-01,61798,89680,18932,14779,11422,11266,22532,1985782,67644,67731,41423,11331,43599,7689826,3197654,458843,235079,1443096,1479891
2014-02,60393,117827,18932,13633,11422,11266,22532,2142998,78565,78653,58519,11331,43773,8061871,3262727,480290,250149,1508895,1556222
2014-03,59061,158265,18932,13315,11422,11266,22109,2067762,91767,91855,90209,10909,42914,8615046,3310113,506995,266327,1514581,1542837
2014-04,56582,126307,18932,13135,11699,11543,21275,1949143,84426,84514,72148,10491,42187,8528780,3304891,495357,259464,1525547,1537245
2014-05,56582,119509,18932,12461,11025,10869,21275,1918765,85859,85947,64730,10491,42187,7266738,3184196,424976,217553,1560884,1607046
2014-06,56582,121954,18932,13033,11634,11478,21275,1988098,83403,83491,96194,10491,42187,7248025,3204048,422075,218294,1586066,1652218
2014-07,58612,146786,19422,11968,10255,10545,21764,2168636,105617,105705,128686,10736,41793,8373682,3315154,492177,246957,1563524,1671255
2014-08,53351,146392,18662,11562,10023,10312,21004,2057497,96675,96763,99915,10403,41387,8707018,3332529,512273,250132,1625870,1756113
2014-09,53309,178491,18662,13497,9368,9573,21004,2100907,98293,98381,112171,10403,41345,13722974,3767590,808539,384605,1596626,1740088
2014-10,50267,140177,18662,12425,9368,9573,21004,2013776,73753,73841,109449,10403,39205,11178592,3613427,657502,308579,1633993,1785583
2014-11,49659,137451,18662,12905,9368,9573,21004,2133219,72848,72936,124903,10403,39257,14952975,3944280,886999,403805,1678468,1866354
2014-12,48714,138902,18662,13477,9368,9573,21004,2225378,68893,68981,111405,10403,38128,17552340,4144237,1063105,497272,1667298,1820967
2015-01,49353,208289,18662,19024,9368,9573,21004,2422531,64804,64892,164267,10403,38332,19035157,4378115,1204975,561934,1615309,1781603
2015-02,49353,186559,18662,17685,9368,9573,21004,2343632,64804,64892,162484,10403,38332,15247718,4129221,964221,459558,1708118,1911204
2015-03,49581,219603,18662,16999,9368,9573,21004,2255693,65032,65120,162914,10403,38332,14463717,4119078,937632,437277,1674000,1862590
2015-04,46790,159773,18662,16276,9368,9573,21004,2071384,62241,62329,112878,10403,38332,11841400,3872165,755622,348589,1688825,1896469
2015-05,46095,143619,18662,16876,9368,9573,21004,2022578,61546,61634,104029,10403,37983,11752588,3863786,744321,344307,1710758,1940673
2015-06,44753,141870,18662,15990,9368,9573,21004,1989094,60204,60292,87137,10403,37619,10765826,3769338,683013,315850,1694765,1888725
2015-07,40411,114376,18662,17953,9368,9573,21004,2003776,55862,55950,73152,10403,36569,11575120,3854430,730659,330074,1731060,1972509
2015-08,40411,107978,18662,17464,9368,9573,21004,1823972,54356,54444,66606,10403,36569,8462212,3532869,537915,243177,1624442,1837746
2015-09,40411,105303,18662,17119,9368,9573,21004,1898936,53725,53813,64401,10403,36569,8239288,3503261,520548,235670,1574535,1790960
2015-10,40411,98577,18662,17889,9368,9573,21004,1912147,51684,51772,67415,10403,36569,7042060,3342098,441617,198464,1710644,1997568
2015-11,40411,103478,18662,20049,9368,9573,21004,1926580,55370,55458,71849,10403,36569,8211567,3481197,507331,230109,1715593,2008539
2015-12,39984,100899,18662,17464,9368,9573,21004,1840937,56031,56119,72464,10403,36284,7702732,3406987,477660,209490,1679091,1973692
2016-01,40058,125384,18662,19338,9368,9573,21004,1923295,53784,53872,79905,10403,36116,7322161,3366443,449871,198713,1592064,1833981
2016-02,40058,116842,18662,18836,9368,9573,21004,1994547,53467,53555,79278,10403,36116,7600415,3401180,463929,204750,1591652,1807416
2016-03,40188,101559,18662,19338,9368,9573,21004,1855872,50378,50466,55825,10403,36116,5917541,3194007,364525,162073,1692290,1925723
2016-04,38982,119281,18662,19949,9368,9573,21004,2014579,48809,48897,52346,10403,35809,5889717,3190406,365946,156394,1698477,1863451
2016-05,37800,125290,18662,17619,9368,9573,21004,1895623,47627,47715,52346,10403,35737,4920709,3039100,306513,125161,1728173,1946373
2016-06,37675,135682,18662,17342,9368,9573,21004,1757172,45274,45361,47999,10403,35570,5250296,3123824,334781,143710,1724255,1895931
2016-07,37675,168823,18662,17342,9368,9573,21004,1932116,44498,44586,60317,10403,35373,6105831,3265295,395434,159134,1788597,2033491
2016-08,37675,150009,18662,17342,9368,9573,21004,1853241,46205,46293,63123,10403,35373,5283429,3115867,345268,135918,1789628,2053711
2016-09,37320,121856,18662,17342,9368,9573,21004,1714417,43925,44013,58169,10403,35018,5050624,3085326,328948,131954,1782204,2095226
2016-10,37875,121232,18662,16924,9368,9573,21004,1639582,44836,44924,57889,10403,34929,4493408,2980473,291033,115024,1748796,2063605
2016-11,36171,124179,18662,19907,9368,9573,21004,1677198,46334,46422,58092,10403,33812,5451911,3159397,338428,129579,1813757,2071887
2016-12,36171,128830,18662,17577,9368,9573,21004,1702522,46293,46381,54808,10403,33812,5633223,3187432,349460,134832,1844691,2092537
2017-01,34668,109110,18662,15681,9368,9573,21004,1591530,47729,47817,52756,10403,32810,4870174,3081238,308296,113510,1876243,2199551
2017-02,34668,101680,18662,15301,9368,9573,21004,1691416,45522,45610,47378,10403,32810,5494305,3203368,355232,127411,1949041,2293982
2017-03,34668,90271,18662,14605,9368,9573,21004,1571818,44629,44717,45318,10403,32810,4539980,3066544,295269,105127,1946154,2339692
2017-04,33948,82552,18662,14344,9844,10049,21004,1558553,43135,43223,42377,10403,32810,4787980,3111581,314567,109821,1963683,2400782
2017-05,33948,80403,18662,12867,9075,8982,21004,1427536,42416,42504,41471,10403,32810,4042901,2962740,261940,92956,1988843,2492309
2017-06,33787,75656,18662,14051,9075,8982,21004,1408895,42255,42343,38897,10403,32649,4022493,2974190,259196,90439,1997092,2431864
2017-07,32320,71706,18662,20674,9075,8982,21004,1436204,40788,40876,36568,10403,31785,4150678,3004089,270317,98331,2035862,2530705
2017-08,31484,70123,18662,20023,9075,8982,21004,1406626,39952,40040,36568,10403,31941,3829104,2936871,258155,86366,2037512,2577275
2017-09,30387,65649,18662,17417,9075,8982,21004,1338499,38856,38944,34491,10403,31165,3038925,2740959,201897,69461,2075458,2573726
2017-10,33212,71524,18662,18253,9075,8982,21004,1361666,41680,41768,36165,10403,33626,3264404,2797490,213841,72189,2122271,2688699
2017-11,38087,80031,18662,18489,9075,8982,21004,1415454,44621,44709,38708,10403,38501,3461365,2846294,228131,79804,2184345,2740002
2017-12,39587,82710,18662,17268,9075,8982,21004,1461215,46183,46271,39555,10403,40001,3468743,2862650,227703,78915,2207442,2757102
2018-01,55715,118852,18662,25233,10378,10285,21004,1728513,63215,63303,52509,10403,55623,5610481,3277641,368449,127995,2330972,2995331
2018-02,54590,93036,18662,18069,8810,8717,21004,1523983,62076,62164,38243,10403,54798,4079626,3028128,249999,90527,2239201,2953385
2018-03,54085,100808,18662,16506,8810,8717,21004,1536442,61182,61270,38852,10403,54500,3839571,2972668,234553,82578,2180220,2836799
2018-04,60544,130528,18662,16640,8810,8717,21004,1601503,66222,66310,46414,10403,60291,4344129,3099925,264316,88299,2183520,2844973
2018-05,54537,104203,18662,17349,8810,8717,21004,1526720,57497,57585,41138,10403,53245,3481069,2957646,210090,73320,2231777,3001569
2018-06,56076,94089,18662,16748,8810,8717,21004,1523582,58690,58778,39196,10403,53245,3377543,2941123,194849,74528,2244975,3040180
2018-07,58164,99076,18662,15907,8810,8717,21004,1495464,61919,62007,40091,10403,54763,3676944,3022773,207624,80109,2323754,3116757
2018-08,55056,90085,18662,15422,8444,8351,21004,1466297,57540,57628,35217,10403,52447,4069057,3163141,230954,89139,2393870,3295939
2018-09,57211,91648,18662,15174,8444,8351,21004,1423718,60179,60266,35860,10403,53187,4240302,3202178,238967,91272,2407894,3293358
2018-10,58863,93363,18662,13899,8444,8351,20472,1308702,61359,61447,35918,10403,55636,3264929,3005847,192907,72990,2236314,3000923
2018-11,55920,85793,18662,13910,8164,8071,20472,1252098,57253,57341,35096,10403,54127,3213032,3015251,196464,71100,2275291,2989738
2018-12,68785,95689,18662,13804,8050,7957,20472,1285280,70117,70205,41141,10403,60558,3515467,3101580,217795,75014,2066590,2724622
2019-01,65997,87818,18662,13196,7977,7884,20472,1259619,65471,65559,41367,10403,59560,2412304,2842551,146088,52873,2230952,2974788
2019-02,64989,80266,18662,11959,7519,7426,20472,1284059,64463,64550,36263,10403,58401,2424018,2834568,146256,51772,2297150,3055560
2019-03,63678,77789,18662,11324,7519,7426,20472,1266428,63152,63239,32977,10403,55661,2392623,2822833,143493,48579,2340870,3183762
2019-04,58137,71409,18662,10732,7277,7184,20472,1254829,58085,56685,30699,10403,53592,2581044,2888824,149586,52201,2432228,3355631
2019-05,53683,75036,18662,11437,6896,7015,20472,1356707,58301,56792,31279,10403,50650,2820275,2972036,156596,53563,2270547,3068896
2019-06,53683,81716,18662,11198,6607,6803,20472,1337097,65064,63745,33935,10403,50650,2650595,2928727,152530,52690,2428723,3309921
2019-07,53683,70950,18662,9643,6342,6669,20472,1254656,56257,56184,32456,10403,50650,2324391,2808059,136311,47329,2460069,3384347
2019-08,53683,70950,18662,10007,6342,6669,20472,1249928,56257,56184,33056,10403,50650,3145500,3078155,182502,59087,2412637,3308630
2019-09,53683,70950,18662,9614,6342,6669,20472,1139034,56257,56184,31666,10403,50650,2057103,2753511,122748,42625,2456976,3342940
2019-10,53683,69049,18662,9098,6228,6266,20472,1129581,52249,52175,31666,10403,50650,1788663,2659174,110953,36286,2504201,3480499
2019-11,53683,69657,18662,8865,6228,6266,20472,1127533,52856,52783,31663,10403,50650,1778382,2661218,109946,35513,2593291,3621285
2019-12,53683,73933,18662,9449,6581,6485,20472,1081081,57132,57059,32564,10403,50254,1696802,2616003,106382,36147,2665264,3765297
2020-01,58214,75945,18662,8458,6049,5954,20472,1158695,57573,57499,36884,10403,52075,2017941,2738902,131294,40726,2659489,3870914
2020-02,71777,98459,18662,9013,6222,6127,20472,1228343,70549,70475,46779,10403,47730,2153402,2804998,151014,42146,2434291,3636987
2020-03,106926,141882,18662,12161,9098,9003,20472,1212339,105715,105642,75924,10403,55100,2447620,2974538,191338,47383,2327652,3349715
2020-04,108093,142221,18662,10747,8440,8345,20472,1193854,109200,109126,78362,10403,53478,2280123,2951210,172121,45357,2629053,3866934
2020-05,103280,132136,18662,10697,8340,8245,20472,1172811,102576,102502,74241,10403,52936,1942204,2813825,149218,39924,2755411,4112906
2020-06,93150,110372,18662,10697,8340,8245,20472,1126301,92142,92069,60878,10403,52100,1711536,2707486,134247,34073,2799115,4365439
2020-07,89456,105385,19302,10697,8340,8245,21108,1141231,87447,87374,58758,10723,51978,2040378,2873627,161351,45613,2956043,4685192
2020-08,75262,99260,17562,10458,8340,8245,19367,1128024,81925,81851,57360,9825,47467,2196771,2957257,178712,48030,3169356,5211553
2020-09,70222,83456,17530,10194,8340,8245,19336,1154884,65033,64959,47105,9793,47259,1718907,2745405,138499,38813,3036205,4907502
2020-10,67960,79588,17260,10153,8299,8204,19065,1143650,61164,61091,44851,9523,46054,1578250,2693960,126882,35070,2957175,4752197
2020-11,59600,69920,16085,10064,8210,8115,17891,1068322,50882,50808,38943,8797,40854,1618949,2721119,132931,35792,3281901,5281677
2020-12,60338,70855,16272,10043,8210,8115,18077,1146832,51817,51743,38871,9004,41109,2382585,3078130,188858,46439,3395577,5543459
2021-01,56210,64385,15654,9039,7716,7620,17392,1137111,47556,47483,35866,8708,38885,2705049,3179409,214852,46682,3356175,5554537
2021-02,59442,67234,14763,8773,7716,7620,16418,1251558,50872,50798,34207,8240,35188,3653387,3527574,278803,56147,3450377,5554429
2021-03,60960,68536,14444,8773,7716,7620,16418,1423723,52549,52475,34628,8080,34550,3789757,3601566,287989,56608,3593718,5631329
2021-04,60146,67443,14164,9321,8233,8138,16131,1513901,52015,51941,34477,7940,33991,4903544,3905098,366544,69730,3781217,5958396
2021-05,57776,64449,13848,10292,9277,9182,15809,1540855,49644,49571,33373,7624,33347,5231979,3981628,398880,68765,3806579,5888056
2021-06,51481,57363,12750,9577,8859,8764,14709,1444746,43656,43582,30209,7188,31590,4250408,3833874,328627,59218,3884477,6259112
2021-07,48517,54132,12750,8688,8859,8764,13987,1404242,40692,40619,28265,6952,31022,3830610,3728004,294060,53887,3975962,6434099
2021-08,48517,54132,12750,8315,8322,8226,13987,1322754,40692,40619,28265,6952,31022,3426925,3606416,270831,51291,4094620,6703733
2021-09,46966,53470,12750,8315,8322,8226,13987,1428456,39756,39682,28003,6952,30705,3496243,3637478,278363,50508,3892855,6316545
2021-10,73435,79249,12750,8315,8322,8226,13987,1364434,62205,62131,39688,6952,41983,4229026,3869246,332473,57246,4163913,6813866
2021-11,62962,70920,12750,8315,8322,8226,13987,1273321,53296,53222,36110,6952,37727,3562450,3670773,288838,49586,4136060,6948092
2021-12,63011,71688,12750,8315,8322,8226,13987,1230027,53345,53271,37548,6952,37727,3584017,3678645,288384,51288,4310198,7021335
2022-01,82331,94133,12750,8315,8322,8226,13987,1343137,68645,68571,50318,6952,43204,4598493,3948865,377415,54392,4079901,6412266
2022-02,86248,95719,12750,8315,8322,8226,13987,1390896,75293,75219,52763,6952,46355,5635936,4203600,466030,62116,3956487,6121015
2022-03,92502,93995,12750,8315,8322,8226,13987,1475469,89056,88982,52545,6952,52027,8196875,4787748,682800,84824,4103904,6396671
2022-04,125013,126938,12750,8315,8322,8226,13987,1673211,124069,123995,70934,6952,56683,12948865,5401501,1088159,125854,3738645,5529047
2022-05,110167,112093,12750,8315,8322,8226,13987,1544495,109223,109150,59217,6952,54959,10441401,5151788,876145,105004,3742041,5440639
2022-06,100108,99098,12750,8315,8322,8226,13987,1497243,96229,96155,54351,6952,54959,10499106,5243647,905652,115481,3432488,4960095
2022-07,95659,95720,12750,8315,8322,8226,13987,1482620,90698,90624,52657,6952,54959,8756289,5072273,772683,101008,3744079,5580457
2022-08,95659,95720,12750,8315,8322,8226,13987,1458423,84958,84885,52657,6952,54959,9220386,5175506,829142,111484,3583755,5285226
2022-09,95659,95720,12750,8315,8322,8226,13987,1589417,92557,92484,52657,6952,54959,11970797,5640520,1099296,154683,3262200,4747572
2022-10,95659,95720,12750,8315,8322,8226,13987,1570537,95982,95909,51863,6952,54959,11540006,5747673,1081980,167715,3517179,4924711
2022-11,95659,95720,12750,8315,8322,8226,13987,1500212,95539,95466,51383,6952,54959,8206214,5235503,762135,122917,3696752,5180685
2022-12,95659,95720,12750,8315,8322,8226,13987,1527243,89678,89604,51383,6952,54959,8447813,5292907,792734,126277,3497252,4741872
2023-01,86819,86880,12750,8315,8322,8226,13987,1546430,82357,82284,45824,6952,54959,7691053,5168912,728684,112507,3704678,5227901
2023-02,113687,113748,12750,8315,8322,8226,13987,1552059,79761,79564,51258,6952,54959,7511950,5143187,719372,111093,3600965,5193591
2023-03,98222,98283,12750,8315,8322,8226,13987,1493489,75538,74633,36300,6952,54959,6252679,4985125,618622,85596,3747929,5722533
2023-04,141890,141951,12750,8315,8322,8226,13987,1715403,75538,74633,41609,6952,54959,7949526,5359752,799971,104773,3793898,5730492
2023-05,105295,105355,12750,8149,8155,8060,13987,1604365,75538,74633,39232,6952,54959,7889900,5356760,794167,97358,3795709,6152205
2023-06,101796,101857,12750,7772,7779,7683,13987,1570870,75538,74633,39232,6952,54959,7979232,5379675,809645,96563,4065408,6598116
2023-07,101796,101857,12750,7621,7628,7532,13987,1500573,75538,74633,39232,6952,54959,8384408,5447395,866220,98493,4179764,6822040
2023-08,100311,100371,12750,7643,7649,7554,13987,1454095,74053,73147,37750,6952,54959,6874994,5180564,694415,83234,4090544,6684804
2023-09,94638,94699,12750,7307,7313,7217,13987,1512268,67933,68668,37750,6952,54959,7527539,5344436,769283,91024,3917991,6395703
2023-10,86136,86197,12750,7307,7313,7217,13987,1496139,63794,63852,37750,6952,54959,7692416,5398862,778589,94474,3815410,6233837
2023-11,86136,86197,12750,7307,7313,7217,13987,1515141,63794,63852,37750,6952,54959,5538044,4950296,572293,72937,4145571,6877107
2023-12,86136,86197,12750,7307,7313,7217,13987,1577979,63794,63852,37750,6952,54959,6180809,5105444,648127,76834,4296467,7323664
2024-01,87605,87666,12750,7307,7313,7217,13987,1532979,63794,63852,39814,6952,54959,5335513,4917409,543757,66729,4341481,7417772
2024-02,100610,100671,12750,7315,7321,7226,13987,1920612,63794,63852,45802,6952,54959,6848901,5232120,685734,86087,4549396,7779363
2024-03,87380,87440,12750,6988,6994,6899,13987,2322499,63794,63852,39599,6952,54959,7103961,5277583,707785,74916,4655612,7948113
2024-04,92178,92239,12750,6825,6832,6861,13987,2470442,60566,60624,37669,6952,54959,8390248,5515760,832363,80739,4443814,7559311
2024-05,76246,76307,12750,6825,6832,6861,13987,2271383,60566,60624,37669,6952,54959,6698947,5247436,654611,64328,4644211,7998017
2024-06,75229,75290,12750,6825,6832,6751,13987,2327320,60566,60624,37669,6952,54959,6597742,5251876,631860,67543,4842416,8572884
2024-07,65477,65538,12750,6667,6674,6593,13987,2334251,50814,50872,33416,6952,51979,6079555,5148237,582906,59128,4874426,8391335
2024-08,74304,74364,12750,6804,6810,6729,13987,2283950,59640,59698,34907,6952,49716,6594579,5330411,636706,58635,4964759,8441993
2024-09,77326,77387,12750,6138,6144,6063,13987,2385357,62413,62471,37471,6952,49716,7456501,5553462,710017,65197,5099160,8716573
2024-10,80338,80399,12750,6822,6828,6147,13987,2379018,62755,62813,32400,6952,49716,5776441,5223316,540374,52278,5032727,8613538
2024-11,83084,83145,12750,7198,7204,6523,13987,2336140,64235,64293,31420,6952,49716,6082682,5316013,555136,51981,5307231,9031594
2024-12,93861,93922,12750,8726,8732,8051,13987,2507404,75918,75976,31420,6952,49716,6038085,5341543,560712,53667,5066441,8872393
2025-01,90954,91014,12750,7983,7989,7308,13987,2650867,76194,76252,28131,6952,48507,6043216,5341973,542561,51484,5178682,9024018
2025-02,83558,83619,12750,7983,7989,7308,13987,2439856,75394,75452,28575,6952,48016,4549370,4956824,394331,42306,5089913,8744071
2025-03,88398,88459,12750,7983,7989,7308,13987,2412398,79076,79134,30946,6952,48016,4983218,5068885,425380,45008,4825314,8125451
2025-04,90660,90721,12750,7983,7989,7308,13987,2173249,83999,84057,34171,6952,48016,4716650,4940693,394168,44420,4768766,8216990
2025-05,80584,80644,12750,8043,8049,7308,13987,1922225,71021,71079,28567,6952,48016,3859980,4654615,328092,38050,5049583,8935196
2025-06,82488,82549,12750,7731,7737,7308,13987,1971451,71501,71559,28567,6952,48016,4028825,4687323,337957,44168,5337869,9569073
2025-07,77101,77162,12750,7731,7737,7308,13987,1956144,69444,69502,28567,6952,48016,3902788,4681518,333497,38865,5440721,9766258
2025-08,73297,73357,12750,7485,7491,7062,13987,1959524,65186,65244,27464,6952,46545,4315817,4835766,376554,38032,5524795,9806698
2025-09,70638,70699,12750,7344,7350,6921,13987,1900104,61175,61233,26188,6952,45481,5449120,5189960,464654,52772,5751839,10408599
2025-10,67707,67768,12750,7296,7302,6873,13987,1869626,59193,59251,23511,6952,42178,4566160,4960567,391105,46340,5867281,10869324
2025-11,64409,64470,12750,7010,7016,6587,13987,1813038,53970,54028,23511,6952,42178,4570018,4974309,386756,43010,5854905,10651135
2025-12,64044,64105,12750,7044,7050,6367,13987,1742047,51040,51098,23511,6952,42178,4308026,4881280,372281,40054,5883072,10640581
2026-01,54682,54743,12750,6076,6082,5584,13987,1694498,47396,47455,22075,6952,40967,4845435,5018750,413318,41430,5945594,10729717
2026-02,54976,55037,12750,6076,6082,5584,13987,1743877,45461,45519,21669,6952,40018,5377949,5201254,468540,38940,5880084,10451651
2026-03,49730,49790,12750,6076,6082,5584,13987,1667824,48333,48391,21259,6952,38931,4594040,4953914,366008,30614,5608443,9996150
2026-04,49730,49790,12750,6076,6082,5584,13987,1652101,46352,46410,21259,6952,38931,4532640,4869410,360209,28761,6182880,11534759
2026-05,49730,49790,12750,6116,6122,5565,13987,1615506,46135,46193,21259,6952,38931,4616203,4879721,391550,28813,6483329,12708988
2026-06,49730,49790,12750,7463,7469,6912,13987,1745737,54495,54553,21259,6952,38931,4415115,4840372,380009,29515,6442785,12758415
2026-07,49730,49790,12750,6575,6582,6025,13987,1690429,50890,50948,21259,6952,38931,3674190,4650822,311342,27178,6418032,11872597
2026-08,49730,49790,12750,6297,6304,5747,13987,1728335,48473,48531,21259,6952,38931,3881010,4736980,334553,26573,6571457,12336040
2026-09,49730,49790,12750,6342,6349,5792,13987,1811434,48473,48531,21259,6952,38931,4246905,4839274,344856,31417,6585541,12831667
2026-10,49730,49790,12750,6415,6422,5865,13987,1809843,46756,46814,21259,6952,38931,4371668,4868917,358371,32168,6638247,12983396