year,orig_1M,orig_100k,orig_50k,micro_1M,micro_100k,micro_50k,orig_1M_rawNoRollAdj,orig_1M_risk0.25pct,orig_1M_ddRefHWM,orig_1M_noDDrule,S2only_1M,S1only_1M,adds1N_1M,modern_1M,modern_1M_risk0.25pct,modern_100k_micro,modern_50k_micro,ES_buyhold,NQ_buyhold
2001,19.8,-7.1,14.9,44.1,95.7,111.2,-47.2,61,19.8,75.7,58.2,-5.9,89.7,141.3,30,136.5,115.4,-6.5,-26.9
2002,-22.6,-17.1,-4.9,-26,-31.4,-19.2,-42.5,7.9,-19.4,-20.6,-45.5,14.6,-26.5,63.9,19.7,53.8,62,-23.5,-37.7
2003,-36.1,24.1,-16.4,-33.8,-33.2,-26.7,-51.2,-4.1,-36.8,-46,-23.4,-50.1,-14.6,62.2,16.2,52.8,56.1,26.3,48.7
2004,-59.8,-29.8,-9.6,-68.6,-46.1,-43.8,-38.2,-25.4,-73.1,-77.8,-78.1,-61.6,-60.7,-29.1,-8.4,-38.5,-32.6,9.3,10.9
2005,-40.5,13.1,-3.1,-54.1,-34.9,-29.4,-4.4,-6.1,-41,-41.9,-52.2,-53.7,-49.6,-43.3,-8.6,-42,-44.3,3.4,1.9
2006,-15.6,-6.6,-12.7,-32.6,-25.8,-34.4,-11,8.6,0.1,0.2,-40.7,-33.7,-25.2,-1.2,0.6,-2.8,-5.6,13.8,7
2007,15.6,77.1,0,-47.2,-15,-4.6,-12.5,8,40.9,35.4,62.4,-34.8,0.3,71,22.3,53.7,56.2,3.4,18.6
2008,43.4,55.9,0,38.9,-6.5,0,10.1,27.1,165.2,183.5,56.6,-5.1,34.7,272.4,59.1,254.4,194.1,-39.1,-42.4
2009,-27.4,-29.7,0,-12.4,10.9,-4.1,-11.7,-7.5,-34.3,-47.8,-36.9,-7.3,-29.6,-45,-8.6,-45.3,-42.2,23.4,53.3
2010,11,86.9,-9.5,-29,-2.7,20.9,-25.1,26.4,43.4,55.7,111.5,-23.8,-36.6,85.1,27.4,85.8,96.4,15,19.2
2011,-18.2,-42.1,-1.9,-35.4,-12.4,-10.7,-7,-14.3,-66.5,-65.5,-44.9,-10.2,-17.7,-47.9,-8.6,-49.1,-43.7,0,2.6
2012,-22.8,-28,-20,-27,-21.9,-19.3,-25,7,-34.1,-26.6,-29,-28.5,-33.8,-40.7,-11.7,-42.6,-45.1,13.4,16.7
2013,-33.1,-26,-22.2,-10,-13.9,-14.1,-28.8,4.9,-14.8,-16.5,-33.4,-29.6,-21.4,57.4,15,57.3,59.2,29.6,35
2014,-25.7,84.4,-3.5,8.3,-18,-15,-11,15.3,10.7,10.7,221.7,-12.3,-15,119.1,29.6,117.1,100.8,11.5,20.7
2015,-17.9,-27.4,0,29.6,0,0,0,-17.3,-18.7,-18.6,-35,0,-4.8,-56.1,-17.8,-55.1,-57.9,0.7,8.4
2016,-9.5,27.7,0,0.6,0,0,0,-7.5,-17.4,-17.4,-24.4,0,-6.8,-26.9,-6.4,-26.8,-35.6,9.9,6
2017,9.4,-35.8,0,-1.8,-3.1,-6.2,0,-14.2,-0.2,-0.2,-27.8,0,18.3,-38.4,-10.2,-34.8,-41.5,19.7,31.8
2018,73.8,15.7,0,-20.1,-11.3,-11.4,-2.5,-12,51.8,51.7,4,0,51.4,1.3,8.3,-4.4,-4.9,-6.4,-1.2
2019,-22,-22.7,0,-31.5,-18.3,-18.5,0,-15.9,-18.5,-18.7,-20.8,0,-17,-51.7,-15.7,-51.2,-51.8,29,38.2
2020,12.4,-4.2,-12.8,6.3,24.8,25.1,-11.7,6.1,-9.3,-9.3,19.4,-13.4,-18.2,40.4,17.7,77.5,28.5,27.4,47.2
2021,4.4,1.2,-21.6,-17.2,1.4,1.4,-22.6,7.3,2.9,3,-3.4,-22.8,-8.2,50.4,19.5,52.7,10.4,26.9,26.7
2022,51.8,33.5,0,0,0,0,0,24.2,68.1,68.2,36.8,0,45.7,135.7,43.9,174.9,146.2,-18.9,-32.5
2023,-10,-9.9,0,-12.1,-12.1,-12.3,0,3.3,-28.9,-28.7,-26.5,0,0,-26.8,-3.5,-18.2,-39.2,22.9,54.4
2024,9,9,0,19.4,19.4,11.6,0,58.9,19,19,-16.8,0,-9.5,-2.3,4.6,-13.5,-30.2,17.9,21.1
2025,-31.8,-31.7,0,-19.3,-19.3,-20.9,0,-30.5,-32.8,-32.7,-25.2,0,-15.2,-28.7,-8.6,-33.6,-25.4,16.1,19.9
2026_YTD,-22.4,-22.3,0,-8.9,-8.9,-7.9,0,3.9,-8.4,-8.4,-9.6,0,-7.7,1.5,-0.3,-3.7,-19.7,12.8,22