month,turtle_s1_BTC_LO,turtle_s2_PORT_LO,turtle_s2_PORT_LS,tsmom_BTC_LO_90_30,tsmom_PORT_LS_90_30,sma200_BTC,cross50_200_BTC,faber10_BTC,lwvb_k0.5_ma5,lwvb_knoise,dthrust_BTC_LS_N4_k0.5,rsi2_BTC_1d_e10,rsi2_BTC_4h_e10,bb_rev_BTC_4h_LO,bb_bo_BTC_4h_LO,dualmom_365,xsmom_28,season_weekend,bh_btc,bh_eth,bh_ew_top10,bh_upbit_btc,combo_oos
2022-01,1.0000,1.0000,1.3686,1.0000,0.9837,1.0000,0.9302,0.9985,0.9359,0.8461,0.8841,1.0000,1.0000,0.8272,0.9246,0.7309,1.0180,1.0143,0.8323,0.7309,0.6886,0.8330,0.9549
2022-02,0.9844,1.0000,1.0107,1.0000,0.9347,1.0000,0.9302,0.9985,0.9512,0.9738,0.9869,1.0000,0.9563,0.8144,1.0589,0.7945,0.9820,0.9358,0.9338,0.7945,0.7978,0.9216,0.9478
2022-03,0.9845,0.9969,0.9523,0.9958,0.8986,1.0000,0.9302,0.9985,1.0224,1.0167,1.0338,1.0000,0.8461,0.7704,1.0705,0.8926,0.8537,0.9243,0.9847,0.8926,0.8710,0.9744,0.9513
2022-04,0.9610,0.9026,0.8407,0.8567,0.8692,1.0000,0.9302,0.9985,0.9601,0.9134,0.9188,1.0000,0.8333,0.7800,1.0180,0.7417,0.8544,0.8646,0.8142,0.7417,0.6453,0.8679,0.9197
2022-05,0.9610,0.9026,1.3143,0.8369,0.9327,1.0000,0.9302,0.9985,1.0013,0.9195,1.0097,1.0000,0.8333,0.6900,0.9537,0.7406,1.0991,0.9415,0.6880,0.5282,0.4082,0.7031,0.9647
2022-06,0.9610,0.9026,2.0717,0.8369,1.0035,1.0000,0.9302,0.9985,1.0045,0.8736,1.0552,1.0000,0.8333,0.4580,0.8681,0.7406,1.0597,0.8522,0.4314,0.2913,0.2845,0.4578,0.9618
2022-07,0.9601,0.9026,1.6010,0.8369,0.9358,1.0000,0.9302,0.9985,0.9003,0.8447,1.1025,1.0000,0.8420,0.4558,0.9610,0.7406,1.1363,0.7922,0.5040,0.4564,0.3502,0.5415,0.9468
2022-08,0.9116,0.7587,1.1906,0.8369,0.9163,1.0000,0.9302,0.9985,0.7509,0.6905,1.1199,1.0000,0.7843,0.4085,0.9362,0.7406,0.9960,0.7722,0.4337,0.4227,0.3159,0.4846,0.9468
2022-09,0.8891,0.7421,1.1044,0.7974,0.8455,1.0000,0.9302,0.9985,0.7097,0.6006,1.0121,1.0000,0.7843,0.3950,0.8917,0.7406,1.0845,0.7472,0.4202,0.3614,0.3108,0.4917,0.9468
2022-10,0.8851,1.0549,1.1235,0.7947,0.7899,1.0000,0.9302,0.9985,0.7132,0.6049,0.9545,1.0000,0.7796,0.3914,0.9004,0.7406,1.1266,0.7387,0.4433,0.4277,0.3564,0.5068,0.9468
2022-11,0.8246,0.6887,0.8919,0.7947,0.8041,1.0000,0.9302,0.9985,0.7340,0.5929,1.0937,1.0000,0.6334,0.3249,0.9164,0.7406,1.2771,0.6691,0.3713,0.3520,0.2927,0.4087,0.9468
2022-12,0.8070,0.6887,1.0091,0.7947,0.8294,1.0000,0.9302,0.9985,0.7045,0.5536,1.0379,1.0000,0.6236,0.3252,0.8535,0.7406,1.2988,0.6627,0.3578,0.3253,0.2357,0.3712,0.9468
2023-01,1.0771,0.8392,0.9890,0.8987,0.7856,1.1588,0.9302,0.9985,0.7485,0.5929,1.1044,1.0000,0.6212,0.3308,1.0831,0.7406,1.2259,0.7166,0.5003,0.4312,0.3407,0.5116,0.9468
2023-02,0.9776,0.7197,0.7891,0.9048,0.7722,1.1596,0.9248,0.9977,0.7420,0.5772,1.1991,1.0167,0.5984,0.3128,1.1894,0.7406,1.1772,0.7006,0.5006,0.4366,0.3322,0.5463,0.9468
2023-03,1.0251,0.7037,0.6795,1.0020,0.7961,1.4268,1.1378,1.2276,0.7873,0.5958,1.4139,0.9975,0.6099,0.3206,1.4386,0.7406,1.2368,0.7889,0.6159,0.4954,0.3481,0.6611,0.9468
2023-04,0.9697,0.6875,0.5901,1.0046,0.7998,1.4653,1.1685,1.2607,0.7386,0.5416,1.3747,1.0626,0.5660,0.3167,1.5524,0.7406,1.1823,0.7849,0.6325,0.5086,0.3411,0.6894,0.9468
2023-05,0.9697,0.6636,0.5409,0.9523,0.8149,1.3638,1.0876,1.1734,0.7420,0.5381,1.3079,1.0723,0.5660,0.3309,1.4284,0.7406,1.2134,0.7838,0.5887,0.5096,0.3209,0.6408,0.9468
2023-06,0.9714,0.6244,0.5965,0.9523,0.7772,1.5275,1.2181,1.3142,0.8031,0.5707,1.3561,1.1829,0.5666,0.3434,1.5832,0.7406,1.3532,0.7490,0.6593,0.5260,0.3022,0.7140,0.9468
2023-07,0.9201,0.5530,0.4472,0.9199,0.6819,1.4652,1.1685,1.2607,0.7571,0.5163,1.2683,1.2051,0.5804,0.3502,1.4599,0.7097,1.2219,0.7386,0.6325,0.5048,0.3213,0.6679,0.9074
2023-08,0.9201,0.5440,0.3756,0.7921,0.6671,1.3084,1.0368,1.1186,0.7916,0.5319,1.3395,1.1053,0.5804,0.3182,1.3149,0.6277,1.2240,0.7310,0.5612,0.4476,0.2630,0.6252,0.8951
2023-09,0.9201,0.5440,0.3649,0.7972,0.6606,1.3084,1.0312,1.1627,0.7856,0.5137,1.3080,1.1053,0.5695,0.3218,1.2672,0.6525,1.2407,0.7144,0.5833,0.4544,0.2687,0.6448,0.9011
2023-10,0.9411,0.6978,0.3053,0.9060,0.6129,1.5882,1.0346,1.4942,0.8257,0.5210,1.4494,1.1053,0.5609,0.3146,1.5863,0.8389,1.2893,0.7615,0.7495,0.4936,0.3179,0.8282,0.9624
2023-11,1.0245,0.9828,0.3876,0.9560,0.5838,1.7298,1.1268,1.6274,0.8296,0.5565,1.3504,1.1736,0.5696,0.3388,1.5459,0.9137,1.4173,0.7639,0.8162,0.5581,0.3623,0.8911,1.0401
2023-12,1.1477,1.5511,0.5585,1.0249,0.6276,1.9391,1.2632,1.8242,0.8639,0.5946,1.3823,1.2159,0.5732,0.3569,1.7795,1.0244,1.5871,0.7485,0.9149,0.6207,0.4584,1.0046,1.1429
2024-01,1.1202,1.3048,0.4281,1.0294,0.6123,1.9527,1.2721,1.8370,0.8558,0.6129,1.4921,1.2883,0.5339,0.3420,1.8993,1.0316,1.5261,0.7190,0.9213,0.6210,0.4197,1.0344,1.1276
2024-02,1.3124,1.4458,0.5370,1.3848,0.7008,2.8043,1.8270,2.6380,1.0260,0.7176,1.4332,1.3053,0.5678,0.3541,2.5934,1.4820,1.4804,0.7317,1.3227,0.9086,0.5581,1.5130,1.3283
2024-03,1.3277,1.3809,0.6449,1.4872,0.7312,3.2702,2.1306,3.0762,1.1117,0.8103,1.4477,1.3521,0.5717,0.3533,2.5776,1.7284,1.3960,0.7821,1.5424,0.9916,0.7113,1.7786,1.3886
2024-04,1.3277,1.3487,0.5443,1.3872,0.6693,2.7833,1.8133,2.6182,1.0672,0.7644,1.4179,1.4162,0.5713,0.3339,2.3729,1.4709,1.4778,0.7776,1.3128,0.8199,0.5284,1.5348,1.3570
2024-05,1.3277,1.3358,0.4940,1.4728,0.6840,3.0985,2.0187,2.9148,1.0940,0.8126,1.4361,1.5214,0.5869,0.3443,2.2332,1.6376,1.4801,0.7816,1.4614,1.0234,0.5985,1.6643,1.3955
2024-06,1.3277,1.2192,0.4316,1.4368,0.7102,2.8797,1.8761,2.7089,1.0347,0.7654,1.3925,1.4144,0.5813,0.3533,2.2378,1.5218,1.5348,0.8030,1.3583,0.9352,0.5067,1.5484,1.3666
2024-07,1.2949,1.1733,0.2943,1.4341,0.7253,2.8485,1.9316,2.7890,0.9875,0.7165,1.2575,1.4144,0.5769,0.3442,2.2123,1.5669,1.4780,0.8435,1.3984,0.8794,0.5080,1.5911,1.3328
2024-08,1.2198,1.1507,0.2489,1.3788,0.7220,2.6129,1.8181,2.5449,0.9294,0.7038,1.2975,1.3459,0.5374,0.3131,2.2212,1.4296,1.2484,0.7539,1.2761,0.6835,0.4356,1.4142,1.2304
2024-09,1.2093,1.0919,0.2125,1.3772,0.6637,2.4836,1.8181,2.7329,0.9325,0.7291,1.1884,1.3459,0.5284,0.3349,2.2732,1.5353,1.3306,0.7207,1.3703,0.7078,0.4937,1.4746,1.2538
2024-10,1.1969,1.0636,0.2012,1.4121,0.6576,2.6341,1.8239,3.0336,0.9914,0.7815,1.1777,1.3459,0.5214,0.3310,2.3468,1.7044,1.3445,0.7452,1.5210,0.6851,0.5034,1.7279,1.2912
2024-11,1.6343,1.9728,0.4542,1.7504,0.8224,3.6141,2.5025,4.1612,1.1951,0.9357,1.3059,1.4099,0.5148,0.3320,2.8507,2.3385,2.0101,0.7388,2.0861,1.0074,0.9163,2.3550,1.7331
2024-12,1.5868,1.7712,0.4076,1.7211,0.8356,3.5079,2.4290,4.0389,1.1350,0.8583,1.1570,1.4230,0.5055,0.3428,2.7806,2.2697,1.6803,0.7422,2.0249,0.9079,0.8556,2.4549,1.6291
2025-01,1.7351,1.6380,0.5383,1.8127,0.8603,3.8401,2.6590,4.4212,1.0561,0.8300,1.0685,1.4524,0.5104,0.3550,2.7464,2.4847,1.6339,0.6986,2.2164,0.8979,0.9264,2.7576,1.6456
2025-02,1.6535,1.6105,0.4016,1.6634,0.8203,3.1616,2.1892,3.6406,1.0456,0.7981,0.8128,1.3282,0.4929,0.3307,2.5919,2.0457,1.7442,0.6492,1.8252,0.6086,0.6782,2.1926,1.5740
2025-03,1.6535,1.6105,0.3876,1.6634,0.7887,2.7058,2.1424,3.5629,1.1353,0.8647,0.8568,1.3532,0.4929,0.3332,2.2998,2.0020,1.4376,0.6530,1.7863,0.4957,0.6314,2.1699,1.5886
2025-04,1.6535,1.6034,0.3194,1.6634,0.7612,2.7229,2.0513,4.0647,1.1352,0.8686,0.7906,1.3532,0.4987,0.3468,2.3085,2.2842,1.2326,0.6049,2.0378,0.4878,0.6918,2.3978,1.5667
2025-05,1.6794,1.6396,0.2814,1.7482,0.7053,3.0246,1.9178,4.5146,1.1705,0.8821,0.8048,1.3384,0.5085,0.3453,2.4057,2.5372,1.0750,0.6173,2.2632,0.6876,0.7437,2.6053,1.5742
2025-06,1.6794,1.5521,0.2354,1.7836,0.6954,3.0986,1.9647,4.6249,1.1907,0.8653,0.7626,1.4228,0.4956,0.3532,2.3053,2.5992,1.0915,0.6142,2.3185,0.6761,0.7146,2.5670,1.5927
2025-07,1.6571,1.7029,0.2479,1.9030,0.7899,3.3481,2.1230,4.9970,1.1602,0.8498,0.7561,1.4228,0.4969,0.3675,2.3155,2.8084,1.0098,0.6279,2.5050,1.0060,0.9029,2.8425,1.5655
2025-08,1.5828,1.8320,0.2608,1.7988,0.7702,3.1304,1.9849,4.6724,1.1762,0.8559,0.7750,1.4142,0.4920,0.3632,2.2318,2.6259,1.1088,0.6193,2.3423,1.1947,0.9398,2.6540,1.5642
2025-09,1.5550,1.7170,0.2341,1.8792,0.7674,3.2985,2.0915,4.9229,1.1344,0.8428,0.7416,1.4039,0.4766,0.3546,2.1144,2.7667,1.1388,0.6214,2.4679,1.1276,0.9444,2.8676,1.5516
2025-10,1.4674,1.5960,0.2190,1.8592,0.7245,2.9763,2.0099,4.7312,1.0797,0.7993,0.7241,1.4310,0.4534,0.3313,2.0872,2.6589,1.2170,0.6662,2.3718,1.0467,0.8248,2.8931,1.5058
2025-11,1.4674,1.5960,0.2878,1.8592,0.7665,2.8853,1.7255,3.9001,1.0239,0.7762,0.7163,1.4310,0.4534,0.2860,2.0636,2.1916,0.9878,0.6788,1.9553,0.8137,0.6465,2.3908,1.3826
2025-12,1.4674,1.5960,0.3196,1.8592,0.7830,2.8853,1.7255,3.8942,0.9220,0.6574,0.6395,1.4310,0.4534,0.3129,1.8599,2.1883,1.0313,0.6703,1.8966,0.8083,0.6025,2.2542,1.3360
2026-01,1.3833,1.5075,0.2454,1.8592,0.8002,2.8853,1.7255,3.8942,0.9256,0.6471,0.6623,1.4310,0.4429,0.2762,1.8828,2.1883,0.9166,0.5983,1.7038,0.6669,0.5338,2.0714,1.2922
2026-02,1.3833,1.5075,0.2675,1.8592,0.8482,2.8853,1.7255,3.8942,0.8779,0.6544,0.6994,1.4310,0.4429,0.2813,1.7008,2.1883,0.8620,0.5820,1.4492,0.5343,0.4600,1.7193,1.2631
2026-03,1.3316,1.5125,0.2248,1.8592,0.8552,2.8853,1.7255,3.8942,0.9132,0.6528,0.6680,1.4310,0.4031,0.2678,1.7437,2.1883,0.7912,0.5364,1.4775,0.5727,0.4574,1.8200,1.2621
2026-04,1.3226,1.5768,0.2414,1.8592,0.8380,2.8853,1.7255,3.8942,0.9659,0.6679,0.6923,1.4310,0.4067,0.2781,1.6492,2.3431,0.7304,0.5152,1.6520,0.6140,0.4783,2.0043,1.3514
2026-05,1.3491,1.6523,0.2620,1.7294,0.7951,2.8853,1.7255,3.8942,0.9495,0.6449,0.6429,1.4310,0.4074,0.2809,1.6458,2.0828,0.5696,0.5242,1.5942,0.5459,0.4749,1.9098,1.2883
2026-06,1.3491,1.6038,0.3219,1.5930,0.8471,2.8853,1.7255,3.8942,0.9330,0.6430,0.6467,1.4310,0.4074,0.2348,1.6357,2.0796,0.5667,0.5480,1.2685,0.4275,0.3715,1.5735,1.2800
2026-07,1.3491,1.6038,0.2523,1.5930,0.8214,2.8853,1.7255,3.8942,0.8617,0.5775,0.6183,1.4310,0.3936,0.2590,1.6273,2.0796,0.5464,0.5651,1.3608,0.5066,0.3785,1.5914,1.2357
2026-08,1.4699,1.6788,0.2391,1.5947,0.7305,3.2658,1.7255,3.8942,0.8540,0.5660,0.6486,1.4310,0.4023,0.2588,1.9484,2.0796,0.4456,0.5557,1.7004,0.6712,0.4527,1.9074,1.2448
2026-09,1.3945,1.8284,0.2997,1.6669,0.7611,3.4773,1.8374,4.1402,0.8725,0.5971,0.6532,1.4570,0.3927,0.2645,1.9794,2.0796,0.4733,0.5555,1.8104,0.7284,0.5772,2.0004,1.2448
