strategy,family,canonical,2017,2018,2019,2020,2021,2022,2023,2024,2025,2026,IS_CAGR,IS_Sharpe,OOS_CAGR,OOS_Sharpe
bh_btc,benchmark,0,221.7,-73.0,94.6,302.3,59.8,-64.2,155.7,121.3,-6.3,-4.5,72.4,1.09,13.3,0.50
bh_eth,benchmark,0,143.3,-82.1,-1.7,471.8,399.4,-67.5,90.8,46.3,-11.0,-9.9,77.1,1.08,-6.5,0.25
bh_ew_top10,benchmark,0,128.3,-78.2,18.2,162.4,380.3,-76.4,94.5,86.7,-29.6,-4.2,60.9,0.99,-10.9,0.16
bh_upbit_btc,benchmark,0,358.8,-78.2,97.9,285.8,77.3,-62.9,170.7,144.4,-8.2,-11.3,84.0,1.19,15.7,0.55
turtle_s1_BTC_LO,1 Turtle,1,32.1,-0.9,51.9,169.4,81.4,-19.3,42.2,38.3,-7.5,-5.0,71.5,1.53,7.2,0.42
turtle_s1_BTC_LS,1 Turtle,0,32.3,13.7,56.1,206.6,70.6,-13.2,42.5,14.7,-22.9,5.7,81.3,1.44,3.1,0.26
turtle_s1_ETH_LO,1 Turtle,0,72.6,-15.0,-16.0,80.3,116.1,-16.1,32.5,1.2,2.2,-10.6,45.2,0.99,0.6,0.14
turtle_s1_ETH_LS,1 Turtle,0,64.6,6.6,-15.1,40.6,90.7,8.7,27.9,-8.0,2.4,13.5,38.9,0.88,8.7,0.42
turtle_s1_PORT_LO,1 Turtle,0,85.1,-41.0,80.9,444.1,113.1,-25.7,164.4,46.6,1.5,15.8,110.2,1.48,29.3,0.80
turtle_s1_PORT_LS,1 Turtle,0,96.4,3.8,227.8,274.3,641.7,-31.3,79.3,-4.1,-39.0,36.7,245.4,1.63,-0.3,0.47
turtle_s2_BTC_LO,1 Turtle,0,35.2,-17.7,85.1,86.0,37.6,-2.4,18.5,41.7,-8.7,-7.3,48.4,1.10,7.2,0.41
turtle_s2_BTC_LS,1 Turtle,0,35.3,1.9,93.9,98.3,0.4,15.8,5.3,-2.1,-14.1,-11.9,48.7,0.99,-2.1,0.10
turtle_s2_ETH_LO,1 Turtle,0,67.5,-8.8,0.9,76.0,189.9,-9.4,27.3,26.5,24.3,10.7,63.1,1.17,15.8,0.70
turtle_s2_ETH_LS,1 Turtle,0,67.5,13.4,2.8,32.3,127.8,-1.1,21.6,25.8,27.7,9.8,52.3,1.01,17.2,0.64
turtle_s2_PORT_LO,1 Turtle,1,80.1,-23.3,169.3,331.5,22.0,-31.1,125.2,14.2,-9.9,14.6,102.6,1.44,13.5,0.51
turtle_s2_PORT_LS,1 Turtle,1,103.4,51.4,67.4,193.7,344.3,0.9,-44.7,-27.0,-21.6,-6.2,171.5,1.44,-22.4,0.16
turtle_s2_PORT_LO_risk0.5,1 Turtle,0,51.5,-16.7,80.0,213.9,50.1,-6.7,88.3,40.7,-9.4,19.9,75.5,1.30,23.1,0.78
turtle_s2_PORT_LO_risk2,1 Turtle,0,64.0,-23.8,155.3,346.7,42.7,-28.4,223.7,-27.7,-0.9,37.2,104.4,1.45,18.9,0.58
turtle_s1_BTC_LO_noskip,1 Turtle,0,32.1,-8.0,48.0,227.0,90.4,-19.3,44.7,52.0,-1.5,2.2,77.4,1.58,13.0,0.63
turtle_s2_BTC_LO_1unit,1 Turtle,0,23.1,-9.1,31.7,31.8,26.8,-2.4,10.9,14.9,-2.7,-1.0,23.9,0.99,3.9,0.43
turtle_s1_BTC_LO_risk2,1 Turtle,0,55.2,-1.6,59.0,174.9,90.7,-33.5,51.3,42.4,-6.3,-4.5,82.9,1.57,5.4,0.33
tsmom_BTC_LO_90_20,2 TSMOM,0,18.9,-15.1,64.6,35.2,9.0,-14.6,14.7,43.4,7.9,-9.7,24.2,1.16,6.9,0.49
tsmom_BTC_LS_90_20,2 TSMOM,0,19.0,0.7,69.8,-2.4,-5.8,4.6,-21.2,27.2,14.6,-17.8,16.4,0.74,-0.3,0.10
tsmom_ETH_LO_90_20,2 TSMOM,0,22.2,-4.6,19.3,35.5,41.3,-13.6,3.9,37.5,7.2,-8.0,26.8,1.39,4.2,0.34
tsmom_ETH_LS_90_20,2 TSMOM,0,22.2,32.7,26.1,-6.7,16.5,-7.8,-20.0,41.0,11.9,-13.4,21.3,0.97,0.2,0.12
tsmom_PORT_LO_90_20,2 TSMOM,0,3.9,-6.2,14.2,6.3,29.2,-16.0,4.2,30.1,-1.8,0.7,10.8,0.91,2.5,0.28
tsmom_PORT_LS_90_20,2 TSMOM,0,3.9,8.1,13.6,-24.7,11.1,-10.9,-17.1,21.6,-3.4,-1.2,1.6,0.18,-3.2,-0.15
tsmom_BTC_LO_90_30,2 TSMOM,1,29.1,-21.4,94.1,42.9,12.3,-20.5,29.0,67.9,8.0,-10.3,32.2,1.10,11.4,0.59
tsmom_BTC_LS_90_30,2 TSMOM,0,29.1,0.1,115.9,-10.9,-9.5,5.8,-30.6,44.3,20.1,-28.7,21.7,0.72,-2.0,0.11
tsmom_ETH_LO_90_30,2 TSMOM,0,34.3,-7.9,29.5,55.7,63.3,-19.9,9.4,53.7,10.9,-11.9,40.5,1.39,6.0,0.36
tsmom_ETH_LS_90_30,2 TSMOM,0,34.3,51.2,37.5,-10.8,20.4,-13.8,-30.3,60.6,18.0,-21.6,30.5,0.96,-2.4,0.10
tsmom_PORT_LO_90_30,2 TSMOM,0,5.8,-9.2,21.0,8.5,45.1,-23.4,7.4,46.1,-4.5,1.2,15.8,0.90,3.2,0.27
tsmom_PORT_LS_90_30,2 TSMOM,1,5.8,12.8,19.3,-35.1,15.8,-17.1,-24.3,33.1,-6.3,-2.8,1.7,0.18,-5.6,-0.16
tsmom_BTC_LO_90_40,2 TSMOM,0,39.5,-24.1,115.0,49.6,19.2,-26.6,43.5,80.5,11.1,-11.9,40.4,1.11,13.9,0.61
tsmom_BTC_LS_90_40,2 TSMOM,0,39.5,0.1,154.3,-13.8,-16.0,2.1,-32.3,59.6,24.4,-39.8,25.7,0.72,-3.9,0.14
tsmom_ETH_LO_90_40,2 TSMOM,0,47.1,-7.8,39.5,87.8,87.1,-25.9,16.1,67.2,10.5,-10.0,58.3,1.44,7.8,0.40
tsmom_ETH_LS_90_40,2 TSMOM,0,47.2,72.7,48.4,-14.4,28.3,-18.8,-39.0,73.0,18.1,-28.9,41.1,0.99,-6.7,0.08
tsmom_PORT_LO_90_40,2 TSMOM,0,7.8,-11.7,27.8,8.5,62.7,-30.4,10.1,61.4,-7.4,1.7,20.3,0.89,3.3,0.26
tsmom_PORT_LS_90_40,2 TSMOM,0,7.8,16.1,25.3,-45.1,20.2,-22.2,-31.3,45.5,-10.2,-5.8,0.9,0.17,-8.4,-0.16
tsmom_BTC_LO_12-1_20,2 TSMOM,0,,-3.0,-1.9,47.1,15.5,-1.8,29.6,52.1,0.4,-0.4,15.3,0.80,14.9,0.90
tsmom_BTC_LS_12-1_20,2 TSMOM,0,,19.0,-42.0,13.1,6.8,35.0,1.7,42.0,-2.5,1.2,-5.2,-0.08,14.8,0.72
tsmom_ETH_LO_12-1_20,2 TSMOM,0,,-11.1,-9.6,60.4,59.3,-8.0,7.4,28.7,-12.5,4.5,23.8,1.29,3.2,0.27
tsmom_ETH_LS_12-1_20,2 TSMOM,0,,-1.5,-30.9,29.5,46.9,0.3,-15.4,22.5,-25.4,9.9,7.9,0.45,-3.3,-0.03
tsmom_PORT_LO_12-1_20,2 TSMOM,0,,-1.4,-5.7,19.5,39.6,-7.2,8.6,25.9,-1.9,0.7,13.8,1.18,4.9,0.45
tsmom_PORT_LS_12-1_20,2 TSMOM,0,,1.6,-14.4,0.2,29.7,6.8,-9.7,13.2,-3.2,-1.6,3.7,0.38,0.8,0.13
tsmom_BTC_LO_12-1_30,2 TSMOM,0,,-4.5,-0.5,66.4,21.6,-1.8,50.6,86.5,-3.0,-0.6,21.4,0.79,22.8,0.97
tsmom_BTC_LS_12-1_30,2 TSMOM,0,,28.4,-56.3,11.1,8.0,57.8,0.4,71.4,-4.5,-1.1,-11.0,-0.10,22.0,0.75
tsmom_ETH_LO_12-1_30,2 TSMOM,0,,-16.6,-14.6,103.1,91.6,-12.9,15.2,39.2,-18.5,6.7,35.2,1.27,4.2,0.29
tsmom_ETH_LS_12-1_30,2 TSMOM,0,,-4.5,-43.3,42.2,69.8,0.4,-24.4,29.8,-35.7,13.9,8.3,0.40,-6.6,-0.03
tsmom_PORT_LO_12-1_30,2 TSMOM,0,,-2.1,-8.6,30.2,63.4,-11.1,13.9,37.8,-5.3,0.2,21.0,1.19,6.1,0.41
tsmom_PORT_LS_12-1_30,2 TSMOM,0,,2.4,-21.2,0.1,46.7,10.0,-15.0,18.4,-5.4,-2.8,5.2,0.38,0.4,0.13
tsmom_BTC_LO_12-1_40,2 TSMOM,0,,-5.2,0.4,91.0,37.2,-4.9,66.7,100.6,-3.5,-0.8,31.1,0.89,26.4,0.95
tsmom_BTC_LS_12-1_40,2 TSMOM,0,,39.7,-68.1,17.2,10.1,72.9,0.5,101.0,-12.7,-8.0,-15.1,-0.05,24.3,0.71
tsmom_ETH_LO_12-1_40,2 TSMOM,0,,-20.9,-19.4,133.9,138.1,-17.2,21.8,46.4,-24.4,8.8,45.6,1.23,4.2,0.29
tsmom_ETH_LS_12-1_40,2 TSMOM,0,,-7.4,-56.0,57.6,105.4,-3.0,-27.4,32.4,-44.9,17.7,8.5,0.41,-10.0,-0.01
tsmom_PORT_LO_12-1_40,2 TSMOM,0,,-2.6,-11.4,39.1,89.8,-13.0,16.6,50.0,-8.1,0.1,27.6,1.18,7.3,0.42
tsmom_PORT_LS_12-1_40,2 TSMOM,0,,3.3,-27.4,-1.0,65.5,12.6,-19.4,24.4,-8.5,-5.2,6.3,0.38,-0.4,0.13
sma100_BTC,3 MA,0,68.4,-46.6,133.3,166.4,76.5,-21.1,81.6,63.6,3.8,10.8,74.7,1.24,23.2,0.81
sma150_BTC,3 MA,0,,-49.0,106.6,186.8,35.7,-7.3,91.5,93.6,-10.2,12.2,42.8,0.93,29.9,0.97
sma200_BTC,3 MA,1,,-35.1,56.9,173.5,-21.7,0.0,93.9,80.9,-17.7,20.5,22.6,0.65,30.0,0.95
cross20_100_BTC,3 MA,0,68.4,-56.9,169.8,71.4,52.8,-14.4,56.5,59.4,10.6,-15.8,48.9,0.96,15.6,0.61
cross50_150_BTC,3 MA,0,,-19.2,55.4,81.7,9.3,0.3,39.0,100.1,-18.7,-12.9,25.9,0.69,15.4,0.60
cross50_200_BTC,3 MA,1,,-40.1,70.0,108.7,17.5,-7.0,35.8,92.3,-29.0,6.5,27.0,0.71,13.7,0.55
faber6_BTC,3 MA,0,,-32.9,55.4,129.1,26.0,-0.2,36.4,125.4,4.5,6.3,32.5,0.77,29.5,0.97
faber10_BTC,3 MA,1,,0.0,41.3,204.7,59.8,-0.2,82.7,121.4,-3.6,6.3,71.2,1.20,34.9,1.00
faber12_BTC,3 MA,0,,0.0,-16.0,108.7,59.8,-0.2,48.4,121.4,-3.6,0.0,35.1,0.80,27.5,0.88
sma100_ETH,3 MA,0,56.6,-9.2,59.8,104.6,164.6,-46.4,48.8,16.4,38.2,15.8,84.4,1.18,8.7,0.41
sma150_ETH,3 MA,0,,-57.9,4.2,143.9,164.8,-18.1,64.1,48.9,1.6,18.7,30.1,0.75,20.4,0.66
sma200_ETH,3 MA,0,,-44.2,6.9,104.1,314.0,-16.2,49.4,48.5,-3.2,18.7,52.5,0.95,17.4,0.60
cross20_100_ETH,3 MA,0,56.6,-22.5,20.0,182.5,207.9,-44.4,30.2,23.5,37.7,23.4,85.6,1.17,9.2,0.42
cross50_150_ETH,3 MA,0,,-72.9,29.9,106.2,187.8,-16.3,18.8,39.3,-11.6,10.7,20.4,0.65,6.6,0.36
cross50_200_ETH,3 MA,0,,-50.6,0.2,120.6,331.0,-30.9,23.9,3.3,-17.8,8.4,49.8,0.92,-4.9,0.08
faber6_ETH,3 MA,0,,-65.2,21.0,162.5,399.4,-40.1,30.0,27.3,-21.1,8.4,54.6,0.96,-3.4,0.14
faber10_ETH,3 MA,0,,-21.7,-36.0,117.3,399.4,-39.6,28.4,-1.1,-46.1,8.4,60.3,1.01,-15.5,-0.20
faber12_ETH,3 MA,0,,0.0,-46.8,117.3,399.4,-39.6,25.1,-1.1,-46.1,0.0,66.9,1.06,-17.4,-0.26
lwvb_k0.3,4 LW VB,0,44.3,-24.7,64.3,133.7,48.4,-53.8,9.0,41.8,-43.0,-1.4,54.2,1.16,-17.5,-0.52
lwvb_k0.3_ma5,4 LW VB,0,72.4,26.2,37.2,90.9,64.4,-32.1,22.4,39.2,-17.0,-6.4,70.1,1.54,-2.2,0.03
lwvb_k0.4,4 LW VB,0,47.5,59.7,44.8,136.8,42.6,-58.7,-7.4,46.9,-39.0,-0.9,78.6,1.63,-20.3,-0.70
lwvb_k0.4_ma5,4 LW VB,0,43.4,59.5,26.1,119.3,50.9,-36.9,6.7,37.2,-18.8,-2.5,70.8,1.67,-6.4,-0.17
lwvb_k0.5,4 LW VB,0,53.2,54.4,78.3,110.0,19.9,-47.5,12.6,53.1,-31.1,-5.2,75.2,1.71,-10.5,-0.33
lwvb_k0.5_ma5,4 LW VB,1,52.4,64.9,58.4,74.9,41.1,-29.6,22.6,31.4,-18.8,-5.4,72.0,1.80,-2.8,-0.02
lwvb_k0.6,4 LW VB,0,42.8,41.9,83.1,59.8,47.1,-39.2,0.8,41.0,-21.8,1.2,67.2,1.70,-7.7,-0.25
lwvb_k0.6_ma5,4 LW VB,0,57.1,41.7,55.6,40.9,55.9,-29.2,10.3,46.5,-17.7,9.3,61.9,1.72,0.6,0.13
lwvb_k0.7,4 LW VB,0,23.8,39.0,66.5,103.5,37.8,-27.2,3.6,62.3,-7.9,2.3,64.0,1.80,3.1,0.25
lwvb_k0.7_ma5,4 LW VB,0,39.0,45.5,40.5,81.9,38.0,-16.8,15.1,69.8,-10.1,11.4,59.4,1.82,10.8,0.64
lwvb_knoise,4 LW VB,1,45.8,45.6,88.7,80.4,35.2,-44.6,7.4,44.3,-23.4,-9.2,71.8,1.74,-10.3,-0.35
lwvb_knoise_ma5,4 LW VB,0,60.5,39.5,49.9,56.5,43.6,-34.2,18.6,32.3,-17.8,-4.5,61.5,1.67,-4.3,-0.10
lwvb_k0.5_NAIVE_nocost,4 LW VB,0,64.7,96.0,139.5,187.8,64.9,-30.5,56.4,107.7,-7.7,17.9,135.2,2.50,20.8,0.90
lwvb_k0.5_NAIVE_cost,4 LW VB,0,55.1,53.6,79.6,114.9,20.7,-47.0,13.6,53.2,-31.2,-6.0,77.0,1.74,-10.3,-0.33
lwvb_k0.5_HONEST_nocost,4 LW VB,0,62.7,96.6,137.8,181.2,63.8,-31.3,54.8,107.6,-7.5,18.9,132.6,2.47,20.5,0.89
lwvb_k0.5_HONEST_slip0.2,4 LW VB,0,40.0,7.4,15.7,35.5,-24.9,-65.0,-30.1,-2.9,-55.7,-32.4,14.5,0.55,-42.7,-2.15
lwvb_k0.5_ma5_NAIVE_nocost,4 LW VB,0,62.8,96.1,98.5,129.0,83.4,-14.5,59.8,67.1,1.0,11.1,117.9,2.50,21.9,1.01
lwvb_k0.5_ma5_NAIVE_cost,4 LW VB,0,54.3,64.1,59.3,78.0,42.0,-29.0,23.7,32.0,-18.8,-6.0,73.5,1.83,-2.5,-0.01
lwvb_k0.5_ma5_HONEST_nocost,4 LW VB,0,60.8,97.0,97.4,125.0,82.2,-15.2,58.1,66.4,1.0,11.9,116.0,2.47,21.5,1.00
lwvb_k0.5_ma5_HONEST_slip0.2,4 LW VB,0,40.5,26.3,13.9,19.9,-3.9,-46.7,-16.2,-7.8,-41.4,-26.5,22.2,0.77,-30.5,-1.56
dthrust_BTC_LS_N1_k0.3,5 Dual Thrust,0,-74.9,-43.6,-27.8,-63.1,-75.6,-73.2,-64.2,-55.1,-74.7,-57.4,-65.7,-0.87,-67.7,-2.13
dthrust_BTC_LS_N1_k0.5,5 Dual Thrust,0,-49.4,-19.5,7.4,20.2,-64.2,-71.8,-46.2,-21.2,-66.5,-46.2,-31.7,-0.19,-55.4,-1.58
dthrust_BTC_LS_N1_k0.7,5 Dual Thrust,0,-23.3,22.5,84.3,125.6,-17.0,-20.4,-31.3,4.8,-60.7,-23.2,30.8,0.74,-30.9,-0.78
dthrust_BTC_LS_N4_k0.3,5 Dual Thrust,0,-59.8,-14.4,-31.3,73.9,-26.7,-37.1,-4.9,-12.9,-45.7,9.6,-24.0,-0.13,-21.8,-0.48
dthrust_BTC_LS_N4_k0.5,5 Dual Thrust,1,-58.7,27.1,78.2,66.1,10.5,3.8,33.2,-16.3,-44.7,2.1,13.2,0.50,-8.6,-0.20
dthrust_BTC_LS_N4_k0.7,5 Dual Thrust,0,-41.9,13.7,13.2,80.5,-0.9,-1.3,4.6,-22.2,-28.4,6.2,6.9,0.37,-9.8,-0.37
dthrust_BTC_LS_N7_k0.3,5 Dual Thrust,0,-55.0,-21.9,74.7,82.4,-13.0,-27.3,-5.3,11.5,-45.0,-3.2,-0.6,0.22,-17.2,-0.43
dthrust_BTC_LS_N7_k0.5,5 Dual Thrust,0,-58.5,-4.2,45.5,57.4,-11.7,15.3,5.3,-17.3,-33.1,1.4,-4.9,0.04,-7.8,-0.31
dthrust_BTC_LS_N7_k0.7,5 Dual Thrust,0,-14.2,-12.4,9.1,43.4,-27.4,19.8,-0.2,-23.9,-12.3,2.7,-3.6,-0.02,-4.1,-0.23
dthrust_BTC_LO_N4_k0.5,5 Dual Thrust,0,2.4,2.5,38.7,58.3,23.1,-3.7,22.4,10.6,-11.9,3.3,27.0,1.03,3.7,0.29
dthrust_ETH_LS_N4_k0.5,5 Dual Thrust,0,-24.7,57.0,22.8,141.6,-21.9,-2.1,27.2,8.9,-37.6,-4.4,26.0,0.69,-4.4,0.05
dthrust_BTC_LS_N4_k0.5_nocost,5 Dual Thrust,0,-54.0,65.4,133.4,124.2,46.7,34.1,81.7,14.7,-24.0,27.2,49.8,1.13,23.3,0.92
rsi2_BTC_1d_e5,6 RSI2,0,,-4.1,-0.6,2.8,2.8,0.0,7.2,12.7,6.7,1.8,0.2,0.10,5.9,0.68
rsi2_BTC_1d_e10,6 RSI2,1,,-4.1,-9.8,25.3,-7.5,0.0,21.6,17.0,0.6,1.8,0.1,0.13,8.2,0.58
rsi2_BTC_1d_e15,6 RSI2,0,,-11.3,4.3,36.8,-2.8,0.0,21.7,0.5,8.1,-0.4,5.6,0.33,6.0,0.42
rsi2_BTC_4h_e5,6 RSI2,0,5.0,-24.1,-16.0,7.1,10.2,-10.3,-6.8,5.1,-11.9,-8.3,-5.3,-0.25,-6.9,-0.72
rsi2_BTC_4h_e10,6 RSI2,1,20.9,-15.7,-14.2,5.0,-14.5,-37.6,-8.1,-11.8,-10.3,-13.4,-5.5,-0.16,-17.9,-1.18
rsi2_BTC_4h_e15,6 RSI2,0,60.9,-23.7,-8.3,8.7,-24.4,-37.7,-7.9,-7.4,-19.0,-19.9,-1.8,0.07,-20.1,-1.20
rsi2_ETH_1d_e5,6 RSI2,0,,-4.1,15.6,5.2,-5.2,-3.0,0.6,6.1,27.2,0.0,2.7,0.23,6.0,0.47
rsi2_ETH_1d_e10,6 RSI2,0,,-18.8,2.9,49.3,-7.8,-6.7,13.2,-15.3,22.8,2.9,3.7,0.29,2.6,0.23
rsi2_ETH_1d_e15,6 RSI2,0,,-18.8,6.4,-5.4,55.7,-6.7,12.7,-18.5,25.3,2.9,6.5,0.40,2.1,0.21
rsi2_ETH_4h_e5,6 RSI2,0,-3.5,-22.7,-29.8,-1.0,14.9,-32.0,-2.5,-25.5,-9.4,-2.6,-11.4,-0.41,-16.0,-1.01
rsi2_ETH_4h_e10,6 RSI2,0,35.5,-40.2,-21.8,12.1,10.9,-29.0,-7.9,-26.6,-14.4,-9.8,-5.4,0.01,-18.9,-0.96
rsi2_ETH_4h_e15,6 RSI2,0,28.2,-41.4,-16.5,18.9,-4.1,-37.6,-11.6,-20.0,-14.6,-5.0,-7.5,-0.03,-19.4,-0.86
bb_rev_BTC_4h_LO,7 Bollinger,1,23.9,-60.4,1.6,-36.3,18.2,-67.5,9.7,-4.0,-8.7,-15.5,-20.1,-0.21,-24.4,-0.77
bb_rev_BTC_4h_LS,7 Bollinger,0,-50.7,-70.8,-66.3,-68.9,-6.3,-64.1,-65.1,-52.0,7.7,-33.9,-62.3,-1.06,-48.5,-1.35
bb_bo_BTC_4h_LO,7 Bollinger,1,107.3,7.2,82.5,57.4,10.4,-14.7,108.5,56.3,-33.1,6.4,56.3,1.25,15.5,0.65
bb_bo_BTC_4h_LS,7 Bollinger,0,39.0,83.5,41.5,79.7,-38.3,64.2,57.2,28.3,-37.3,3.9,37.3,0.81,17.6,0.61
bb_rev_ETH_4h_LO,7 Bollinger,0,1.0,-87.4,-32.0,-18.8,6.9,-64.0,35.5,-42.1,-11.7,-28.1,-44.7,-0.63,-30.3,-0.70
bb_rev_ETH_4h_LS,7 Bollinger,0,-10.0,-96.3,-69.2,-82.6,-70.5,-61.3,-2.2,-59.5,-24.7,-33.3,-82.3,-1.14,-41.7,-0.68
bb_bo_ETH_4h_LO,7 Bollinger,0,-43.8,91.6,52.6,210.6,88.4,-25.5,2.1,9.1,-26.5,-20.2,67.9,1.18,-14.0,-0.25
bb_bo_ETH_4h_LS,7 Bollinger,0,-50.7,680.7,67.5,113.1,6.1,27.2,-37.3,40.8,-32.7,-6.4,84.6,1.18,-7.0,0.10
bb_rev_BTC_4h_LO_k1.5,7 Bollinger,0,21.2,-68.5,-13.2,-34.7,8.8,-65.5,13.1,-11.7,-21.8,-17.5,-28.2,-0.37,-27.1,-0.83
bb_bo_BTC_4h_LO_k1.5,7 Bollinger,0,120.6,-15.4,91.6,81.2,12.5,-39.0,63.4,95.3,-43.8,-2.8,57.5,1.19,1.3,0.19
bb_rev_BTC_4h_LO_k2.5,7 Bollinger,0,-4.0,-54.0,-12.0,-24.6,3.9,-56.9,13.5,4.2,11.1,-18.6,-23.8,-0.47,-15.0,-0.46
bb_bo_BTC_4h_LO_k2.5,7 Bollinger,0,70.8,39.3,75.8,26.4,10.5,-9.8,85.8,51.5,-30.4,11.7,49.7,1.29,15.4,0.70
dualmom_30,8 Dual Momentum,0,112.1,-10.0,45.9,41.2,89.7,-34.2,45.0,4.4,2.6,21.5,60.4,1.00,4.7,0.32
dualmom_90,8 Dual Momentum,0,39.3,-76.4,110.2,233.9,135.5,-38.9,36.4,85.1,10.3,-14.1,51.3,0.93,8.3,0.40
dualmom_180,8 Dual Momentum,0,,-58.7,-24.6,117.3,225.1,-27.1,87.4,65.2,-0.9,-10.8,22.8,0.67,15.7,0.55
dualmom_365,8 Dual Momentum,1,,-9.4,-16.0,169.6,399.5,-25.9,38.3,121.6,-3.6,-5.0,100.8,1.27,16.7,0.59
xsmom_7,9 XS Momentum,0,,,,26.4,29.2,19.9,4.5,51.2,-18.8,-42.0,30.3,0.74,-2.4,0.09
xsmom_28,9 XS Momentum,1,,,,54.2,93.3,29.9,22.2,5.9,-38.6,-54.1,83.6,1.33,-14.6,-0.29
xsmom_84,9 XS Momentum,0,,,,23.9,104.2,-19.1,10.0,-8.5,-28.0,-5.2,75.8,1.21,-11.6,-0.18
xsmom_28_k5,9 XS Momentum,0,,,,39.3,73.0,19.0,25.4,18.1,-23.1,-41.5,65.8,1.37,-4.8,-0.06
xsmom_28_reversal,9 XS Momentum,0,,,,-43.6,-75.0,-36.7,-32.9,-33.4,37.1,79.2,-66.4,-1.46,-7.4,-0.05
season_weekend,10 Seasonality,1,15.9,-10.0,0.4,-20.1,3.2,-33.7,12.9,-0.8,-9.7,-17.1,-3.3,0.07,-11.6,-0.60
season_weekday,10 Seasonality,0,144.3,-78.2,41.7,268.8,13.3,-60.7,65.8,63.0,-24.1,-8.9,30.1,0.73,-6.3,0.10
season_block4h,10 Seasonality,0,49.6,-68.0,-48.2,-6.3,-53.3,-64.5,-55.8,-63.4,-56.2,-46.9,-39.8,-1.53,-59.7,-4.42
season_block4h_gross,10 Seasonality,0,124.9,-4.5,55.0,180.8,39.8,6.2,32.4,9.8,31.1,20.3,79.9,2.10,20.6,1.03
season_block8h,10 Seasonality,0,39.5,-71.6,-16.1,16.6,-44.1,-79.5,-42.0,-48.9,-61.6,-48.6,-29.5,-0.60,-60.6,-2.67
season_block8h_gross,10 Seasonality,0,110.3,-15.3,150.9,249.5,67.4,-38.6,73.6,53.4,14.9,16.6,110.7,1.94,18.0,0.67
season_block12h,10 Seasonality,0,105.7,-65.9,-6.0,92.7,-48.2,-82.7,-34.6,-46.1,-65.7,-50.5,-9.1,0.10,-61.8,-2.22
season_block12h_gross,10 Seasonality,0,209.9,1.7,181.2,477.2,55.1,-48.1,95.6,61.8,2.7,12.3,171.6,2.08,14.4,0.54
season_weekend_gross,10 Seasonality,0,22.8,5.3,17.4,-6.6,20.6,-22.4,32.0,16.1,5.6,-6.8,13.0,0.54,3.4,0.27
COMBO_OOS_invvol,combo,1,,,,,,-5.3,20.7,42.5,-18.0,-6.8,,,,
