universe,strategy,2018,2019,2020,2021,2022,2023,2024,2025,2026YTD,CAGR,Sharpe,MDD,IS_CAGR,IS_Sharpe,OOS_CAGR,OOS_Sharpe,OOS_MDD
"A","BTC + SMA50",-0.3366,0.9848,2.7484,1.3958,-0.3414,0.7728,1.1899,0.1128,0.0691,0.5182,1.3259,-0.4338,0.9076,1.6561,0.2635,0.9845,-0.3641
"A","BTC + SMA120",-0.1792,1.6353,1.2826,0.9648,-0.246,0.7146,1.2263,-0.0146,-0.1177,0.4502,1.1636,-0.4645,0.8114,1.4756,0.2127,0.8328,-0.3178
"A","EW 유니버스 + SMA50",-0.5956,-0.2604,1.7365,15.7141,-0.2852,0.9719,0.1493,-0.5185,-0.0039,0.3171,0.7961,-0.7482,0.9817,1.4361,-0.0517,0.09,-0.7482
"A","MOM top1 L7 H7 SMA50",-0.6853,-0.6173,0.4257,1.9598,0.0583,0.0853,-0.523,-0.8614,-0.8069,-0.435,0.1329,-0.996,-0.1622,0.4023,-0.5884,-0.0782,-0.996
"A","MOM top3 L7 H7 SMA50",-0.6308,-0.3874,0.8551,12.1453,-0.4069,0.2521,0.3128,-0.7097,-0.4441,-0.0164,0.3916,-0.8629,0.5628,0.9119,-0.3222,-0.1048,-0.8629
"A","MOM top5 L7 H7 SMA50",-0.6188,-0.3807,1.622,15.1637,-0.4587,-0.0562,0.2421,-0.6081,-0.1774,0.087,0.4755,-0.8456,0.8261,1.1155,-0.2837,-0.175,-0.8456
"A","MOM top3 L7 H7 필터없음",-0.8769,-0.79,-0.6111,5.0521,-0.9014,0.136,-0.1772,-0.9673,-0.972,-0.7582,-0.7144,-1,-0.5191,-0.0166,-0.8609,-1.3665,-0.9999
"A","KANG 원형근사(top20유동성,SMA120,양수만,top3)",-0.2337,-0.3023,-0.762,5.3956,-0.3923,-0.4033,-0.1328,-0.8302,-0.3991,-0.3461,-0.158,-0.9811,-0.0524,0.3735,-0.5147,-0.7267,-0.9726
"A","KANG 원형근사 체결1일지연",-0.2259,-0.242,-0.757,5.5282,-0.3848,-0.4506,0.0068,-0.776,-0.428,-0.3116,-0.1169,-0.976,-0.0186,0.4066,-0.4825,-0.687,-0.9625
"A","MOM top3 SMA50 체결1일지연",-0.654,-0.318,1.1058,11.4829,-0.3677,0.4835,0.0692,-0.6672,-0.2966,0.0448,0.4548,-0.8356,0.6115,0.9511,-0.2626,-0.0012,-0.8356
"A","REV bottom1 L7 H7 SMA50",-0.6218,-0.7344,0.0809,2.0907,-0.5188,-0.0353,-0.744,-0.8167,-0.5765,-0.49,-0.6737,-0.9979,-0.2484,0.0437,-0.6266,-1.6176,-0.9935
"A","REV bottom3 L7 H7 SMA50",-0.6197,-0.4317,0.8012,5.0417,-0.3438,0.4236,-0.6202,-0.7377,-0.478,-0.2234,-0.163,-0.9744,0.2506,0.664,-0.4705,-1.1114,-0.9711
"A","REV bottom5 L7 H7 SMA50",-0.6139,-0.4094,0.8012,5.4957,-0.3456,0.3355,-0.4948,-0.7008,-0.3698,-0.1608,-0.0646,-0.9476,0.2925,0.7253,-0.4071,-0.943,-0.9476
"A","GRID top N3 L3 H7 SMA50",-0.619,-0.4437,1.2671,16.9492,-0.4238,-0.3235,-0.0429,-0.7489,-0.0501,-0.0304,0.3704,-0.9384,0.7565,1.029,-0.3987,-0.2943,-0.9372
"A","GRID top N3 L3 H14 SMA50",-0.6867,-0.297,0.1736,9.8748,-0.5097,0.3202,0.0727,-0.6811,-0.3352,-0.0977,0.2042,-0.9067,0.3102,0.7275,-0.3315,-0.2463,-0.8897
"A","GRID top N3 L7 H7 SMA50",-0.6308,-0.3874,0.8551,12.1453,-0.4069,0.2521,0.3128,-0.7097,-0.4441,-0.0164,0.3916,-0.8629,0.5628,0.9119,-0.3222,-0.1048,-0.8629
"A","GRID top N3 L7 H14 SMA50",-0.683,-0.0773,0.6662,14.1499,-0.5378,-0.1662,-0.0342,-0.7172,-0.3792,-0.0814,0.2636,-0.9494,0.6866,1.0457,-0.4365,-0.4228,-0.9439
"A","GRID top N3 L14 H7 SMA50",-0.6138,-0.2948,0.9439,6.7225,-0.453,-0.3798,0.172,-0.4275,-0.3661,-0.0597,0.3482,-0.8663,0.4451,0.8277,-0.3344,-0.1175,-0.8642
"A","GRID top N3 L14 H14 SMA50",-0.6785,-0.1159,1.182,2.597,-0.5334,-0.4026,-0.0488,-0.7168,-0.5728,-0.2646,-0.0481,-0.9722,0.2334,0.6556,-0.5148,-0.6949,-0.9679
"A","GRID top N3 L28 H7 SMA50",-0.5501,-0.4313,2.2014,7.1125,-0.3254,-0.3856,-0.2175,-0.6976,-0.56,-0.1355,0.2335,-0.973,0.6407,0.9659,-0.4836,-0.507,-0.973
"A","GRID top N3 L28 H14 SMA50",-0.6466,-0.3231,0.9138,5.54,-0.5227,-0.517,-0.1766,-0.7752,-0.6429,-0.3022,-0.1071,-0.9878,0.332,0.7498,-0.5851,-0.9261,-0.9878
"A","MOM top3 SMA50 비용0.15%",-0.6256,-0.3602,0.9641,12.899,-0.3926,0.3308,0.3992,-0.6946,-0.427,0.0305,0.4456,-0.8494,0.6339,0.9591,-0.2886,-0.044,-0.8494
"A","MOM top3 SMA50 비용0.25%",-0.6308,-0.3874,0.8551,12.1453,-0.4069,0.2521,0.3128,-0.7097,-0.4441,-0.0164,0.3916,-0.8629,0.5628,0.9119,-0.3222,-0.1048,-0.8629
"A","MOM top3 SMA50 비용0.35%",-0.636,-0.4134,0.752,11.4315,-0.421,0.1779,0.2316,-0.724,-0.4606,-0.0612,0.3375,-0.8882,0.4946,0.8646,-0.3541,-0.1657,-0.8882
"B1","BTC + SMA50",-0.4139,0.7986,2.7957,1.0644,-0.3756,1.0256,0.6439,0.0039,0.1269,0.4131,1.044,-0.4901,0.7368,1.3448,0.197,0.7236,-0.4074
"B1","BTC + SMA120",-0.2862,1.2083,1.5925,0.7724,-0.1898,0.6465,0.8329,0.0127,-0.0775,0.3868,0.983,-0.4888,0.6782,1.2487,0.1897,0.7018,-0.3192
"B1","EW 유니버스 + SMA50",-0.5272,0.1889,1.6571,16.0781,-0.3931,1.5321,0.2171,-0.3791,0.3037,0.5308,1.0488,-0.6474,1.3323,1.7134,0.0911,0.4288,-0.6474
"B1","MOM top1 L7 H7 SMA50",-0.487,-0.0659,0.9544,1.0358,-0.5073,3.5347,0.025,3.8614,0.409,0.4859,0.8779,-0.8713,0.1838,0.6537,0.7839,1.0399,-0.8449
"B1","MOM top3 L7 H7 SMA50",-0.5572,0.0911,3.4314,10.0334,-0.6253,3.3562,1.0807,0.4041,0.6887,0.8434,1.1796,-0.702,1.2859,1.4311,0.5505,0.9608,-0.702
"B1","MOM top5 L7 H7 SMA50",-0.5533,0.1343,2.7297,17.7437,-0.5718,2.403,0.7882,0.1394,0.6103,0.8186,1.2263,-0.6929,1.5414,1.6591,0.3895,0.8357,-0.6929
"B1","MOM top3 L7 H7 필터없음",-0.7127,0.1436,2.2016,12.4688,-0.9054,5.2967,0.88,-0.2742,0.0198,0.3325,0.8023,-0.9462,1,1.182,-0.0387,0.4575,-0.9193
"B1","KANG 원형근사(top20유동성,SMA120,양수만,top3)",-0.3006,0.0663,0.4897,21.9903,-0.2614,0.7639,0.3724,-0.2139,0.6225,0.6059,1.0398,-0.6187,1.3331,1.4888,0.1892,0.5844,-0.6187
"B1","KANG 원형근사 체결1일지연",-0.3123,0.0265,0.0198,13.5173,-0.2561,0.471,0.4683,-0.1952,0.7178,0.4427,0.8824,-0.6492,0.847,1.1915,0.1827,0.5743,-0.5975
"B1","MOM top3 SMA50 체결1일지연",-0.5824,0.0642,2.1511,7.1122,-0.6099,2.5804,1.5231,0.4604,0.6244,0.7001,1.0834,-0.7192,0.8878,1.2049,0.5628,0.9791,-0.6848
"B1","REV bottom1 L7 H7 SMA50",-0.3899,-0.202,0.0238,1.3893,-0.5987,-0.4403,-0.4057,-0.4939,-0.164,-0.2699,0.0028,-0.9756,0.0468,0.4285,-0.4535,-0.3044,-0.968
"B1","REV bottom3 L7 H7 SMA50",-0.5069,0.0524,0.3554,3.731,-0.5171,0.664,-0.4355,-0.5691,0.1393,-0.0343,0.2482,-0.8739,0.3694,0.8119,-0.2708,-0.2487,-0.853
"B1","REV bottom5 L7 H7 SMA50",-0.5026,0.1523,0.5862,7.0894,-0.479,0.7631,-0.3943,-0.5449,0.2059,0.0988,0.4539,-0.8232,0.6849,1.1535,-0.2208,-0.1814,-0.8232
"B1","GRID top N3 L3 H7 SMA50",-0.5597,0.2594,2.5508,31.2081,-0.585,2.3518,1.4243,0.072,0.7618,1.0125,1.305,-0.6816,1.9594,1.8149,0.4759,0.8885,-0.6816
"B1","GRID top N3 L3 H14 SMA50",-0.6805,0.4424,1.635,17.9731,-0.6256,0.6186,1.1901,0.0203,1.1609,0.6335,1.05,-0.7998,1.2711,1.4572,0.2533,0.6699,-0.7292
"B1","GRID top N3 L7 H7 SMA50",-0.5572,0.0911,3.4314,10.0334,-0.6253,3.3562,1.0807,0.4041,0.6887,0.8434,1.1796,-0.702,1.2859,1.4311,0.5505,0.9608,-0.702
"B1","GRID top N3 L7 H14 SMA50",-0.6733,0.2584,1.3791,12.824,-0.6124,1.0962,2.8474,0.8925,0.2443,0.7093,1.102,-0.7165,0.9756,1.2935,0.5215,0.9421,-0.7053
"B1","GRID top N3 L14 H7 SMA50",-0.5727,0.4139,1.2179,14.4634,-0.5566,4.4733,2.2063,0.6714,0.9196,1.0714,1.3107,-0.6974,1.209,1.3772,0.967,1.255,-0.6449
"B1","GRID top N3 L14 H14 SMA50",-0.6828,0.4102,0.7605,7.2408,-0.6628,1.3567,0.8185,0.6134,0.5935,0.449,0.8666,-0.7304,0.6307,1.0132,0.3178,0.7386,-0.6844
"B1","GRID top N3 L28 H7 SMA50",-0.5382,0.6863,0.9049,10.7525,-0.558,3.0098,1.2774,0.4036,0.6252,0.8073,1.143,-0.6744,1.1115,1.3331,0.5948,0.9851,-0.6744
"B1","GRID top N3 L28 H14 SMA50",-0.639,0.3745,0.9165,16.365,-0.6384,1.2131,0.541,0.4813,0.4428,0.5523,0.9532,-0.7531,1.0817,1.3082,0.226,0.6364,-0.7531
"B1","MOM top3 SMA50 비용0.10%",-0.5572,0.0911,3.4314,10.0334,-0.6253,3.3562,1.0807,0.4041,0.6887,0.8434,1.1796,-0.702,1.2859,1.4311,0.5505,0.9608,-0.702
"B1","MOM top3 SMA50 비용0.20%",-0.5642,0.0495,3.2067,9.4063,-0.6339,3.1088,0.9567,0.3482,0.6261,0.7622,1.1201,-0.7089,1.1893,1.3769,0.48,0.8966,-0.7089
"B2","BTC + SMA50",-0.4139,0.7986,2.7957,1.0644,-0.3756,1.0256,0.6439,0.0039,0.1269,0.4131,1.044,-0.4901,0.7368,1.3448,0.197,0.7236,-0.4074
"B2","BTC + SMA120",-0.2862,1.2083,1.5925,0.7724,-0.1898,0.6465,0.8329,0.0127,-0.0775,0.3868,0.983,-0.4888,0.6782,1.2487,0.1897,0.7018,-0.3192
"B2","EW 유니버스 + SMA50",-0.5978,0.0816,1.4576,10.8297,-0.3779,0.8999,-0.2463,-0.606,-0.1345,0.1698,0.5649,-0.8843,0.9414,1.3859,-0.2216,-0.1936,-0.8843
"B2","MOM top1 L7 H7 SMA50",-0.5663,-0.2405,-0.433,0.0887,-0.8264,2.1122,-0.9158,-0.9715,-0.9672,-0.743,-0.2425,-1,-0.3406,0.2138,-0.8795,-0.5149,-1
"B2","MOM top3 L7 H7 SMA50",-0.6001,-0.0037,1.9474,3.307,-0.5514,0.5468,-0.5185,-0.9187,-0.8558,-0.3668,0.0727,-0.9982,0.5278,0.8991,-0.6882,-0.4573,-0.9982
"B2","MOM top5 L7 H7 SMA50",-0.609,-0.0354,1.8948,6.0419,-0.487,0.9597,-0.3363,-0.8076,-0.6354,-0.1123,0.2818,-0.984,0.7045,1.0572,-0.4747,-0.2591,-0.984
"B2","MOM top3 L7 H7 필터없음",-0.7464,-0.1023,0.9058,2.804,-0.9764,1.1896,-0.5408,-0.994,-0.9968,-0.8062,-0.4135,-1,0.14,0.7575,-0.9534,-1.2244,-1
"B2","KANG 원형근사(top20유동성,SMA120,양수만,top3)",-0.3146,-0.1424,0.0117,3.6994,-0.3365,-0.15,-0.154,-0.54,0.1694,-0.038,0.3056,-0.8721,0.3083,0.7324,-0.2487,-0.1095,-0.8463
"B2","KANG 원형근사 체결1일지연",-0.3167,-0.1742,-0.294,2.1692,-0.3661,-0.2587,-0.0574,-0.4633,0.0394,-0.127,0.1647,-0.8774,0.0628,0.4704,-0.2547,-0.1293,-0.8378
"B2","MOM top3 SMA50 체결1일지연",-0.6241,-0.0998,1.1017,1.8038,-0.5956,0.2244,-0.6085,-0.8628,-0.8549,-0.4329,-0.1598,-0.9977,0.1978,0.625,-0.6891,-0.7114,-0.9966
"B2","REV bottom1 L7 H7 SMA50",-0.697,-0.135,-0.2969,0.1181,-0.7258,-0.9131,-0.9961,-0.9896,-0.7373,-0.8583,-1.1287,-1,-0.3383,-0.1418,-0.959,-1.6312,-1
"B2","REV bottom3 L7 H7 SMA50",-0.6412,-0.0388,0.1748,0.9868,-0.6622,-0.335,-0.9451,-0.9282,-0.736,-0.632,-0.96,-0.9999,-0.0552,0.2728,-0.8276,-1.8598,-0.9998
"B2","REV bottom5 L7 H7 SMA50",-0.6182,0.102,0.2709,1.8932,-0.6379,-0.0356,-0.9071,-0.8812,-0.6403,-0.5113,-0.7381,-0.9992,0.1209,0.5102,-0.7493,-1.7922,-0.9988
"B2","GRID top N3 L3 H7 SMA50",-0.5993,0.1625,1.8882,11.8423,-0.6503,-0.3687,-0.6409,-0.9156,-0.6443,-0.3106,0.0478,-0.9981,1.1065,1.2342,-0.7192,-0.9007,-0.9981
"B2","GRID top N3 L3 H14 SMA50",-0.7158,0.3255,1.0408,3.8652,-0.6937,-0.4962,-0.4773,-0.6776,-0.6836,-0.3335,-0.1116,-0.9949,0.4119,0.8327,-0.6355,-0.8095,-0.9947
"B2","GRID top N3 L7 H7 SMA50",-0.6001,-0.0037,1.9474,3.307,-0.5514,0.5468,-0.5185,-0.9187,-0.8558,-0.3668,0.0727,-0.9982,0.5278,0.8991,-0.6882,-0.4573,-0.9982
"B2","GRID top N3 L7 H14 SMA50",-0.714,0.0591,0.8667,0.2889,-0.694,-0.4722,-0.7288,-0.4931,-0.9258,-0.5433,-0.5772,-0.9993,-0.0794,0.2785,-0.7401,-1.2193,-0.9984
"B2","GRID top N3 L14 H7 SMA50",-0.6061,0.2396,1.692,1.0475,-0.6687,0.5781,-0.7622,-0.8394,-0.8247,-0.4194,-0.0211,-0.9981,0.2955,0.7237,-0.6955,-0.5195,-0.997
"B2","GRID top N3 L14 H14 SMA50",-0.7269,0.2785,1.1433,0.0845,-0.7046,0.3301,-0.7085,-0.7623,-0.8935,-0.506,-0.3002,-0.998,-0.0531,0.3503,-0.7073,-0.741,-0.9975
"B2","GRID top N3 L28 H7 SMA50",-0.6013,0.409,1.0149,2.8655,-0.6893,0.0741,-0.4933,-0.9075,-0.8296,-0.4047,-0.0403,-0.9986,0.471,0.8621,-0.7124,-0.6727,-0.9975
"B2","GRID top N3 L28 H14 SMA50",-0.7032,0.1786,0.9226,0.4839,-0.7144,-0.5709,-0.4468,-0.7733,-0.9481,-0.5647,-0.5507,-0.9996,-0.0005,0.4179,-0.7769,-1.325,-0.9992
"B2","MOM top3 SMA50 비용0.10%",-0.6001,-0.0037,1.9474,3.307,-0.5514,0.5468,-0.5185,-0.9187,-0.8558,-0.3668,0.0727,-0.9982,0.5278,0.8991,-0.6882,-0.4573,-0.9982
"B2","MOM top3 SMA50 비용0.20%",-0.6071,-0.045,1.7884,3.0469,-0.5608,0.4497,-0.5498,-0.9225,-0.8611,-0.3968,0.0269,-0.9984,0.4584,0.8488,-0.7034,-0.5005,-0.9984