run,2018,2019,2020,2021,2022,2023,2024,2025,2026,CAGR,Sharpe,MDD,OOS_CAGR,OOS_Sharpe,OOS_MDD
"BENCH BTC 보유",-0.6665,0.979,2.8549,0.7722,-0.6288,1.7063,1.4411,-0.0804,-0.1,0.2941,0.7479,-0.7413,0.1604,0.5584,-0.6363
"BENCH BTC + SMA50 필터",-0.4423,1.0581,2.7845,1.4046,-0.348,0.553,1.1222,0.1957,-0.0248,0.4624,1.1834,-0.5201,0.2129,0.819,-0.379
"BENCH BTC + SMA120 필터",-0.224,1.6936,1.0505,1.1856,-0.3084,0.6302,1.202,-0.1015,-0.1188,0.4038,1.0466,-0.5161,0.1526,0.621,-0.3799
"BENCH 동일가중 유니버스(필터없음)",-0.8532,-0.547,0.8101,10.2174,-0.7516,1.2439,0.2014,-0.733,-0.3986,-0.2012,0.096,-0.9459,-0.3741,-0.4541,-0.9286
"BENCH 동일가중 유니버스 + SMA50",-0.6853,-0.2725,1.3997,14.4621,-0.3491,0.6915,0.107,-0.5292,-0.1061,0.1869,0.59,-0.7914,-0.1309,-0.0942,-0.7914
"MOM top1 L7 H7 SMA50 월",-0.7247,-0.6346,0.6561,-0.2578,-0.6956,-0.1911,1.259,-0.8864,-0.8669,-0.5506,0.1259,-0.9993,-0.6337,-0.0568,-0.9971
"MOM top3 L7 H7 SMA50 월",-0.6944,-0.5222,0.0343,25.0961,-0.5715,0.609,1.2859,-0.8559,-0.8796,-0.2284,0.1864,-0.9847,-0.5306,-0.4391,-0.9847
"MOM top5 L7 H7 SMA50 월",-0.6728,-0.2972,0.5916,21.4668,-0.5556,0.3907,0.2899,-0.7911,-0.8644,-0.178,0.1507,-0.9814,-0.5491,-0.7595,-0.9814
"MOM top1 L7 H7 필터없음",-0.9277,-0.9148,0.2009,-0.5237,-0.9475,-0.5026,0.063,-0.9802,-0.9871,-0.8697,-0.2328,-1,-0.9172,-0.5182,-1
"MOM top3 L7 H7 필터없음",-0.8856,-0.8679,-0.5801,14.1297,-0.8475,0.4446,0.1482,-0.968,-0.9894,-0.744,-0.517,-1,-0.8601,-1.1673,-1
"MOM top5 L7 H7 필터없음",-0.8652,-0.7307,-0.3167,8.9747,-0.849,0.15,-0.2226,-0.9516,-0.9741,-0.6908,-0.613,-1,-0.8387,-1.4946,-0.9999
"REV bottom1 L7 H7 SMA50",-0.7338,-0.7725,0.2114,2.6227,-0.4259,-0.3705,-0.7667,-0.7125,-0.2441,-0.462,-0.3092,-0.9955,-0.5685,-0.8451,-0.986
"REV bottom3 L7 H7 SMA50",-0.7397,-0.6246,0.8121,5.8736,-0.368,0.2266,-0.648,-0.6368,-0.2062,-0.239,-0.0857,-0.961,-0.4139,-0.651,-0.961
"REV bottom5 L7 H7 SMA50",-0.7241,-0.5001,0.653,4.2944,-0.3505,0.175,-0.5217,-0.6303,-0.2604,-0.2184,-0.1128,-0.941,-0.3839,-0.6896,-0.941
"REV bottom1 L7 H7 필터없음",-0.8849,-0.9405,-0.6562,3.7657,-0.949,-0.3584,-0.8001,-0.9557,-0.6474,-0.7966,-0.5785,-1,-0.855,-1.1185,-0.9999
"REV bottom3 L7 H7 필터없음",-0.9183,-0.8494,0.0249,5.252,-0.8474,0.2396,-0.6103,-0.8135,-0.6587,-0.6015,-0.4465,-0.9998,-0.6759,-0.9195,-0.9971
"REV bottom5 L7 H7 필터없음",-0.8819,-0.7317,0.0829,2.4065,-0.8198,0.2214,-0.4998,-0.79,-0.5919,-0.5475,-0.4337,-0.9992,-0.6247,-0.9107,-0.9934
"KANG 원형근사 top20유동성 SMA120 양수만 top3",-0.3438,-0.3873,-0.8064,13.5732,-0.3775,0.0041,-0.3365,-0.824,-0.5852,-0.3247,-0.0308,-0.9818,-0.5205,-0.5792,-0.9766
"KANG 원형근사 + 20주(140일)MA",-0.1806,-0.5168,-0.7935,8.1712,-0.4369,0.0041,-0.3333,-0.8438,-0.5634,-0.3685,-0.1128,-0.9858,-0.5366,-0.6528,-0.9749
"KANG 원형근사 필터없음(시장필터X)",-0.774,-0.8858,-0.6649,5.2255,-0.7277,0.2252,-0.3309,-0.9554,-0.9766,-0.7313,-0.6871,-1,-0.8275,-1.2516,-0.9998
"MOM top3 SMA120",-0.3438,-0.3064,-0.8034,55.3469,-0.43,0.1132,0.4131,-0.8813,-0.7101,-0.1948,0.2288,-0.9815,-0.5185,-0.4496,-0.9774
"MOM top3 SMA140(20주)",-0.1806,-0.4218,-0.7903,26.8569,-0.4926,0.1132,0.4673,-0.89,-0.5709,-0.2281,0.184,-0.9784,-0.494,-0.4181,-0.9619
"MOM top3 SMA50 체결1일지연",-0.7215,-0.2959,0.3729,20.2957,-0.4579,0.3338,0.0936,-0.7729,-0.7307,-0.1388,0.2842,-0.967,-0.4709,-0.3442,-0.967
"MOM top3 SMA50 비용0.15%/편도",-0.6894,-0.5,0.0965,26.7257,-0.5614,0.7083,1.4294,-0.8479,-0.8751,-0.1902,0.2364,-0.9833,-0.5069,-0.383,-0.9833
"MOM top3 SMA50 비용0.25%/편도",-0.6944,-0.5222,0.0343,25.0961,-0.5715,0.609,1.2859,-0.8559,-0.8796,-0.2284,0.1864,-0.9847,-0.5306,-0.4391,-0.9847
"MOM top3 SMA50 비용0.35%/편도",-0.6992,-0.5434,-0.0246,23.5597,-0.5814,0.5153,1.1507,-0.8634,-0.8839,-0.2649,0.1365,-0.9861,-0.5532,-0.4952,-0.9861
"MOM top3 SMA50 리밸 일",-0.776,-0.5016,1.1681,11.468,-0.3544,-0.0231,-0.608,-0.8033,-0.6192,-0.2852,0.122,-0.9887,-0.5675,-0.5172,-0.9887
"MOM top3 SMA50 리밸 월",-0.6944,-0.5222,0.0343,25.0961,-0.5715,0.609,1.2859,-0.8559,-0.8796,-0.2284,0.1864,-0.9847,-0.5306,-0.4391,-0.9847
"MOM top3 SMA50 리밸 화",-0.7572,-0.1746,-0.1357,4.6227,-0.6017,-0.3246,-0.407,-0.9001,-0.7414,-0.4741,-0.2386,-0.9969,-0.6846,-0.8903,-0.9969
"MOM top3 SMA50 리밸 수",-0.6926,-0.3884,0.9506,2.1307,-0.4642,-0.605,-0.299,-0.8431,-0.798,-0.4558,-0.1158,-0.998,-0.6758,-0.9878,-0.9962
"MOM top3 SMA50 리밸 목",-0.4785,-0.4057,0.5367,11.8709,-0.1953,0.5581,0.5367,-0.5734,-0.4746,0.1199,0.5734,-0.8446,-0.1618,0.2499,-0.8446
"MOM top3 SMA50 리밸 금",-0.6043,-0.4932,1.5148,7.8494,-0.4374,-0.4816,-0.3245,-0.6231,-0.2135,-0.1448,0.2941,-0.9588,-0.4495,-0.2375,-0.9588
"MOM top3 SMA50 리밸 토",-0.5924,-0.2144,1.7374,18.6685,-0.4237,0.3642,0.2024,-0.7381,-0.2806,0.1395,0.5975,-0.8887,-0.3043,0.0219,-0.8887
"KANG 원형근사 리밸 일",-0.2303,-0.4007,-0.6402,9.3538,-0.5014,-0.5887,-0.4572,-0.6849,-0.2508,-0.3027,0.0311,-0.9883,-0.5345,-0.6164,-0.9806
"KANG 원형근사 리밸 월",-0.3438,-0.3873,-0.8064,13.5732,-0.3775,0.0041,-0.3365,-0.824,-0.5852,-0.3247,-0.0308,-0.9818,-0.5205,-0.5792,-0.9766
"KANG 원형근사 리밸 화",-0.2733,-0.2209,-0.9557,7.2798,-0.4247,-0.3653,-0.5973,-0.8631,-0.385,-0.5007,-0.3773,-0.9984,-0.6026,-0.8149,-0.9913
"KANG 원형근사 리밸 수",-0.4147,-0.2711,-0.8486,1.4978,-0.2884,-0.818,-0.5921,-0.8644,-0.4366,-0.5746,-0.4258,-0.9996,-0.686,-1.2657,-0.9973
"KANG 원형근사 리밸 목",-0.0685,-0.2655,-0.8557,4.3549,-0.2979,-0.4342,0.7311,-0.8135,-0.5448,-0.3326,-0.0856,-0.9795,-0.4495,-0.4633,-0.9586
"KANG 원형근사 리밸 금",-0.1687,-0.4989,-0.6902,2.5852,-0.189,-0.6688,0.4105,-0.8959,-0.3885,-0.4072,-0.1954,-0.9919,-0.5428,-0.7178,-0.9767
"KANG 원형근사 리밸 토",-0.1365,-0.0899,-0.5808,3.503,-0.3808,-0.3757,-0.0378,-0.8735,-0.1616,-0.2813,0.0846,-0.9825,-0.4932,-0.4727,-0.9649
"GRID top N3 L3 H7 SMA50",-0.715,-0.5646,0.3,4.1685,-0.4418,0.1169,0.2431,-0.6646,-0.8507,-0.3293,0.0221,-0.9719,-0.4948,-0.3772,-0.9719
"GRID bottom N3 L3 H7 SMA50",-0.6356,-0.4766,1.8493,3.5589,-0.5577,-0.5162,-0.2769,-0.5224,-0.3348,-0.2174,0.1114,-0.9704,-0.469,-0.7496,-0.9648
"GRID top N3 L3 H14 SMA50",-0.8023,-0.6667,-0.5538,-0.1184,-0.542,-0.4357,1.4801,-0.5048,-0.6282,-0.4904,-0.3891,-0.9973,-0.3617,-0.1862,-0.9119
"GRID bottom N3 L3 H14 SMA50",-0.7798,-0.2596,1.424,2.0533,-0.592,0.1198,0.0068,-0.6094,-0.0717,-0.1703,0.1152,-0.9404,-0.3136,-0.2731,-0.9023
"GRID top N3 L7 H7 SMA50",-0.6944,-0.5222,0.0343,25.0961,-0.5715,0.609,1.2859,-0.8559,-0.8796,-0.2284,0.1864,-0.9847,-0.5306,-0.4391,-0.9847
"GRID bottom N3 L7 H7 SMA50",-0.7397,-0.6246,0.8121,5.8736,-0.368,0.2266,-0.648,-0.6368,-0.2062,-0.239,-0.0857,-0.961,-0.4139,-0.651,-0.961
"GRID top N3 L7 H14 SMA50",-0.8423,-0.3722,-0.1184,1.2926,-0.5832,0.1268,3.1956,-0.6509,-0.6011,-0.2867,0.0356,-0.9531,-0.238,0.0547,-0.8966
"GRID bottom N3 L7 H14 SMA50",-0.7954,-0.6473,1.0945,4.0776,-0.4831,0.6337,-0.3608,-0.7646,-0.4934,-0.2954,-0.1369,-0.9619,-0.4381,-0.6714,-0.9508
"GRID top N3 L14 H7 SMA50",-0.6268,-0.5244,0.0935,3.6291,-0.5348,-0.247,0.1181,-0.5987,-0.6928,-0.306,0.0319,-0.9706,-0.471,-0.393,-0.9582
"GRID bottom N3 L14 H7 SMA50",-0.7199,-0.3907,0.5289,2.132,-0.1438,-0.2972,-0.3106,-0.818,-0.4279,-0.3225,-0.2906,-0.9678,-0.4833,-0.9557,-0.9672
"GRID top N3 L14 H14 SMA50",-0.8007,-0.4048,0.2095,1.2633,-0.6239,-0.5346,0.1157,-0.5716,-0.6578,-0.42,-0.2431,-0.9919,-0.5261,-0.6061,-0.978
"GRID bottom N3 L14 H14 SMA50",-0.7696,-0.6654,0.2464,1.0142,-0.4179,0.8483,-0.3255,-0.7171,-0.4379,-0.3577,-0.3674,-0.9808,-0.3648,-0.5144,-0.9447
"GRID top N3 L28 H7 SMA50",-0.5789,-0.5784,0.5986,3.6578,-0.5085,0.1139,0.3167,-0.4521,-0.7455,-0.2094,0.1785,-0.9307,-0.3829,-0.1579,-0.9307
"GRID bottom N3 L28 H7 SMA50",-0.7367,-0.5764,0.3403,4.1675,-0.3769,0.286,-0.3843,-0.7385,-0.4878,-0.2927,-0.0672,-0.9666,-0.435,-0.6833,-0.9567
"GRID top N3 L28 H14 SMA50",-0.7894,-0.5128,0.3462,2.4476,-0.6507,-0.515,0.4449,-0.7646,-0.8351,-0.4666,-0.3344,-0.9955,-0.6241,-0.9053,-0.9928
"GRID bottom N3 L28 H14 SMA50",-0.8375,-0.5827,-0.1688,5.8995,-0.4887,0.8252,0.2623,-0.6161,-0.2504,-0.2101,0.0672,-0.954,-0.2033,-0.0868,-0.8212
"BTC + SMA50",-0.3366,0.9848,2.7484,1.3958,-0.3414,0.7728,1.1899,0.1128,0.0691,0.5182,1.3259,-0.4338,0.2635,0.9845,-0.3641
"BTC + SMA120",-0.1792,1.6353,1.2826,0.9648,-0.246,0.7146,1.2263,-0.0146,-0.1177,0.4502,1.1636,-0.4645,0.2127,0.8328,-0.3178
"EW 유니버스 + SMA50",-0.5956,-0.2604,1.7365,15.7141,-0.2852,0.9719,0.1493,-0.5185,-0.0039,0.3171,0.7961,-0.7482,-0.0517,0.09,-0.7482
"MOM top1 L7 H7 SMA50",-0.6853,-0.6173,0.4257,1.9598,0.0583,0.0853,-0.523,-0.8614,-0.8069,-0.435,0.1329,-0.996,-0.5884,-0.0782,-0.996
"MOM top3 L7 H7 SMA50",-0.6308,-0.3874,0.8551,12.1453,-0.4069,0.2521,0.3128,-0.7097,-0.4441,-0.0164,0.3916,-0.8629,-0.3222,-0.1048,-0.8629
"MOM top5 L7 H7 SMA50",-0.6188,-0.3807,1.622,15.1637,-0.4587,-0.0562,0.2421,-0.6081,-0.1774,0.087,0.4755,-0.8456,-0.2837,-0.175,-0.8456
"MOM top3 L7 H7 필터없음",-0.8769,-0.79,-0.6111,5.0521,-0.9014,0.136,-0.1772,-0.9673,-0.972,-0.7582,-0.7144,-1,-0.8609,-1.3665,-0.9999
"KANG 원형근사(top20유동성,SMA120,양수만,top3)",-0.2337,-0.3023,-0.762,5.3956,-0.3923,-0.4033,-0.1328,-0.8302,-0.3991,-0.3461,-0.158,-0.9811,-0.5147,-0.7267,-0.9726
"KANG 원형근사 체결1일지연",-0.2259,-0.242,-0.757,5.5282,-0.3848,-0.4506,0.0068,-0.776,-0.428,-0.3116,-0.1169,-0.976,-0.4825,-0.687,-0.9625
"MOM top3 SMA50 체결1일지연",-0.654,-0.318,1.1058,11.4829,-0.3677,0.4835,0.0692,-0.6672,-0.2966,0.0448,0.4548,-0.8356,-0.2626,-0.0012,-0.8356
"REV bottom1 L7 H7 SMA50",-0.6218,-0.7344,0.0809,2.0907,-0.5188,-0.0353,-0.744,-0.8167,-0.5765,-0.49,-0.6737,-0.9979,-0.6266,-1.6176,-0.9935
"REV bottom3 L7 H7 SMA50",-0.6197,-0.4317,0.8012,5.0417,-0.3438,0.4236,-0.6202,-0.7377,-0.478,-0.2234,-0.163,-0.9744,-0.4705,-1.1114,-0.9711
"REV bottom5 L7 H7 SMA50",-0.6139,-0.4094,0.8012,5.4957,-0.3456,0.3355,-0.4948,-0.7008,-0.3698,-0.1608,-0.0646,-0.9476,-0.4071,-0.943,-0.9476
"GRID top N3 L3 H7 SMA50",-0.619,-0.4437,1.2671,16.9492,-0.4238,-0.3235,-0.0429,-0.7489,-0.0501,-0.0304,0.3704,-0.9384,-0.3987,-0.2943,-0.9372
"GRID top N3 L3 H14 SMA50",-0.6867,-0.297,0.1736,9.8748,-0.5097,0.3202,0.0727,-0.6811,-0.3352,-0.0977,0.2042,-0.9067,-0.3315,-0.2463,-0.8897
"GRID top N3 L7 H7 SMA50",-0.6308,-0.3874,0.8551,12.1453,-0.4069,0.2521,0.3128,-0.7097,-0.4441,-0.0164,0.3916,-0.8629,-0.3222,-0.1048,-0.8629
"GRID top N3 L7 H14 SMA50",-0.683,-0.0773,0.6662,14.1499,-0.5378,-0.1662,-0.0342,-0.7172,-0.3792,-0.0814,0.2636,-0.9494,-0.4365,-0.4228,-0.9439
"GRID top N3 L14 H7 SMA50",-0.6138,-0.2948,0.9439,6.7225,-0.453,-0.3798,0.172,-0.4275,-0.3661,-0.0597,0.3482,-0.8663,-0.3344,-0.1175,-0.8642
"GRID top N3 L14 H14 SMA50",-0.6785,-0.1159,1.182,2.597,-0.5334,-0.4026,-0.0488,-0.7168,-0.5728,-0.2646,-0.0481,-0.9722,-0.5148,-0.6949,-0.9679
"GRID top N3 L28 H7 SMA50",-0.5501,-0.4313,2.2014,7.1125,-0.3254,-0.3856,-0.2175,-0.6976,-0.56,-0.1355,0.2335,-0.973,-0.4836,-0.507,-0.973
"GRID top N3 L28 H14 SMA50",-0.6466,-0.3231,0.9138,5.54,-0.5227,-0.517,-0.1766,-0.7752,-0.6429,-0.3022,-0.1071,-0.9878,-0.5851,-0.9261,-0.9878
"MOM top3 SMA50 비용0.15%",-0.6256,-0.3602,0.9641,12.899,-0.3926,0.3308,0.3992,-0.6946,-0.427,0.0305,0.4456,-0.8494,-0.2886,-0.044,-0.8494
"MOM top3 SMA50 비용0.25%",-0.6308,-0.3874,0.8551,12.1453,-0.4069,0.2521,0.3128,-0.7097,-0.4441,-0.0164,0.3916,-0.8629,-0.3222,-0.1048,-0.8629
"MOM top3 SMA50 비용0.35%",-0.636,-0.4134,0.752,11.4315,-0.421,0.1779,0.2316,-0.724,-0.4606,-0.0612,0.3375,-0.8882,-0.3541,-0.1657,-0.8882