month,BTC_BH_perp,BTC_MA120_perp,BTC_BH_spot,BTC_MA120_spot,BTC_BH_upbitKRW,BTC_MA120_upbitKRW,C_perp_top5_COMB,C_perp_top10_COMB,C_BE_perp_COMB_risk05,F_BE_perp_COMB_btcMA,C_BE_perp_COMB_worst,C_BE_perp_COMB_best,C_BE_perp_COMB_dailyWorst,C_BE_perp_COMB_dailyBest,C_BE_perp_COMB_slip02,C_BE_perp_longOnly_COMB,C_BE_spot_COMB_worst,C_BE_spot_COMB_best,C_BE_spot_COMB_dailyWorst,C_BE_spot_COMB_slip02,C_BE_spot_COMB_risk05,C_BE_spot_S1,F_BE_spot_COMB_btcMA,C_BE_upbit_COMB,C_BE_upbit_S1,C_BE_upbit_S2,C_BE_upbit_COMB_worst,C_BE_upbit_COMB_dailyWorst,F_perp_COMB_btcMA,F_perp_S2_btcMA,F_perp_ensemble,F_perp_ensemble_btcMA,F_perp_longOnly_COMB,A_perp_S1,A_perp_S2,A_perp_COMB,C_BE_perp_S1,C_BE_perp_S2,C_BE_perp_COMB,A_COMB_hourly_worst,A_COMB_hourly_best,A_COMB_hourly_near,A_COMB_daily_best,A_S1_hourly_worst,A_S1_hourly_best,A_S1_daily_best,A_S2_hourly_worst,A_S2_hourly_best,A_S2_daily_best,A_COMB_hourly_OHLC,A_COMB_daily_worst,A_COMB_slip005,A_COMB_slip02,A_S2_daily_worst,A_S1_daily_worst,REC_spot_BE_COMB_r05,REC_spot_BE_COMB_r05_worst,REC_spot_BE_COMB_r05_dailyWorst,REC_spot_BE_COMB_r05_slip02,REC_spot_BE_COMB_r05_add1N,REC_upbit_BE_COMB_r05,REC_upbit_BE_COMB_r05_worst,REC_upbit_BE_COMB_r05_dailyWorst,B_spot_top5_COMB_r05,B_spot_top5_COMB_r05_worst,B_spot_top5_COMB_r05_dailyWorst,B_spot_top5_COMB_r1,B_spot_top10_COMB_r05,B_spot_top20_COMB_r05,E_GEN_20_10,E_GEN_20_20,E_GEN_40_10,E_GEN_40_20,E_GEN_55_10,E_GEN_55_20,E_GEN_100_10,E_GEN_100_20,E_COMB_risk0.5,E_COMB_risk2,E_COMB_add1N,E_COMB_whipsaw,E_COMB_noLimits,E_COMB_dailyN,E_COMB_noDDrule,B_spot_S1,B_spot_S2,B_spot_COMB,F_spot_COMB_btcMA,F_spot_S2_btcMA,C_BE_spot_COMB,C_BE_spot_S2,B_upbit_S1,B_upbit_S2,B_upbit_COMB,F_upbit_COMB_btcMA
2018-01,,,0.7491,0.7449,,,,,,,,,,,,,1.0000,1.0000,1.0000,1.0000,1.0000,1.0000,1.0000,1.0000,1.0000,1.0000,1.0000,1.0000,,,,,,,,,,,,,,,,,,,,,,,,,,,,1.0000,1.0000,1.0000,1.0000,1.0000,1.0000,1.0000,1.0000,1.0000,1.0000,1.0000,1.0000,1.0000,1.0000,,,,,,,,,,,,,,,,1.0000,1.0000,1.0000,1.0000,1.0000,1.0000,1.0000,1.0000,1.0000,1.0000,1.0000
2018-02,,,0.7521,0.6531,,,,,,,,,,,,,1.0000,1.0000,1.0000,1.0000,1.0000,1.0000,1.0000,0.9919,0.9838,1.0000,0.9919,0.9919,,,,,,,,,,,,,,,,,,,,,,,,,,,,1.0000,1.0000,1.0000,1.0000,1.0000,0.9960,0.9960,0.9960,1.0000,1.0000,1.0000,1.0000,1.0000,1.0000,,,,,,,,,,,,,,,,1.0000,1.0000,1.0000,1.0000,1.0000,1.0000,1.0000,0.9613,1.0000,0.9806,0.9919
2018-03,,,0.5043,0.6511,,,,,,,,,,,,,1.0000,1.0000,1.0000,1.0000,1.0000,1.0000,1.0000,0.9855,0.9711,1.0000,0.9855,0.9855,,,,,,,,,,,,,,,,,,,,,,,,,,,,1.0000,1.0000,1.0000,1.0000,1.0000,0.9928,0.9928,0.9928,0.9785,0.9785,0.9785,0.9571,0.9785,0.9785,,,,,,,,,,,,,,,,0.9496,0.9645,0.9571,1.0000,1.0000,1.0000,1.0000,0.9262,1.0000,0.9631,0.9855
2018-04,,,0.6734,0.6511,1.3165,1.0000,,,,,,,,,,,1.0000,1.0000,1.0000,1.0000,1.0000,1.0000,1.0000,0.9855,0.9711,1.0000,0.9855,0.9855,,,,,,,,,,,,,,,,,,,,,,,,,,,,1.0000,1.0000,1.0000,1.0000,1.0000,0.9928,0.9928,0.9928,0.9711,0.9711,0.9609,0.9422,0.9957,0.9957,,,,,,,,,,,,,,,,1.1046,0.8782,0.9914,1.0000,1.0000,1.0000,1.0000,0.8400,0.9150,0.8775,0.9855
2018-05,,,0.5452,0.6242,1.0755,1.0000,,,,,,,,,,,0.9292,0.9292,0.9292,0.9293,0.9646,0.9296,0.9442,0.9153,0.9012,0.9294,0.9153,0.8799,,,,,,,,,,,,,,,,,,,,,,,,,,,,0.9646,0.9646,0.9646,0.9646,0.9746,0.9577,0.9577,0.9399,0.9281,0.9281,0.9179,0.8583,0.9474,0.9474,,,,,,,,,,,,,,,,1.0298,0.7836,0.9067,0.8985,0.8981,0.9292,0.9287,0.7670,0.8085,0.7877,0.8848
2018-06,,,0.4654,0.6242,0.9303,1.0000,,,,,,,,,,,0.9292,0.9292,0.9292,0.9293,0.9646,0.9296,0.9442,0.9153,0.9012,0.9294,0.9153,0.8799,,,,,,,,,,,,,,,,,,,,,,,,,,,,0.9646,0.9646,0.9646,0.9646,0.9746,0.9577,0.9577,0.9399,0.9052,0.9052,0.8950,0.8216,0.9268,0.9268,,,,,,,,,,,,,,,,0.9840,0.7543,0.8691,0.8985,0.8981,0.9292,0.9287,0.7380,0.8085,0.7732,0.8848
2018-07,,,0.5631,0.6244,1.1427,0.9899,,,,,,,,,,,0.8828,0.8828,0.8828,0.8838,0.9389,0.8832,0.8971,0.9127,0.8799,0.9455,0.9127,0.8778,,,,,,,,,,,,,,,,,,,,,,,,,,,,0.9389,0.9389,0.9389,0.9392,0.9589,0.9545,0.9545,0.9368,0.8637,0.8637,0.8535,0.7613,0.8827,0.8827,,,,,,,,,,,,,,,,0.8679,0.7280,0.7980,0.8561,0.8570,0.8828,0.8824,0.6528,0.7508,0.7018,0.8492
2018-08,,,0.5106,0.6072,1.0213,0.9078,,,,,,,,,,,0.8828,0.8828,0.8828,0.8838,0.9389,0.8832,0.8971,0.8732,0.8626,0.8837,0.8732,0.8468,,,,,,,,,,,,,,,,,,,,,,,,,,,,0.9389,0.9389,0.9389,0.9392,0.9589,0.9297,0.9297,0.9120,0.8585,0.8585,0.8483,0.7587,0.8780,0.8780,,,,,,,,,,,,,,,,0.8679,0.7280,0.7980,0.8530,0.8570,0.8828,0.8824,0.6223,0.6898,0.6560,0.8492
2018-09,,,0.4826,0.5639,0.9600,0.8606,,,,,,,,,,,0.8828,0.8828,0.8828,0.8838,0.9389,0.8832,0.8971,0.8732,0.8626,0.8837,0.8732,0.8468,,,,,,,,,,,,,,,,,,,,,,,,,,,,0.9389,0.9389,0.9389,0.9392,0.9589,0.9297,0.9297,0.9120,0.8585,0.8585,0.8452,0.7587,0.8356,0.8356,,,,,,,,,,,,,,,,0.7863,0.6835,0.7349,0.8530,0.8570,0.8828,0.8824,0.6047,0.6545,0.6296,0.8492
2018-10,,,0.4641,0.5516,0.9300,0.8606,,,,,,,,,,,0.8236,0.8405,0.8380,0.8415,0.9090,0.8342,0.8971,0.8595,0.8353,0.8837,0.8595,0.8338,,,,,,,,,,,,,,,,,,,,,,,,,,,,0.9090,0.8879,0.9090,0.9095,0.9403,0.9170,0.9170,0.8993,0.8311,0.8142,0.8145,0.7246,0.7978,0.7887,,,,,,,,,,,,,,,,0.6896,0.6558,0.6727,0.8236,0.8570,0.8405,0.8468,0.5659,0.6429,0.6044,0.8492
2018-11,,,0.2943,0.5516,0.5928,0.8606,,,,,,,,,,,0.8092,0.8261,0.8236,0.8270,0.9000,0.8054,0.8971,0.8595,0.8353,0.8837,0.8595,0.8338,,,,,,,,,,,,,,,,,,,,,,,,,,,,0.9000,0.8807,0.9000,0.9005,0.9354,0.9170,0.9170,0.8993,0.7988,0.7819,0.7516,0.6884,0.7675,0.7578,,,,,,,,,,,,,,,,0.6397,0.6390,0.6393,0.8236,0.8570,0.8261,0.8468,0.5476,0.6264,0.5870,0.8492
2018-12,,,0.2697,0.5516,0.5454,0.8606,,,,,,,,,,,0.8092,0.8261,0.8236,0.8270,0.9000,0.8054,0.8971,0.8595,0.8353,0.8837,0.8595,0.8178,,,,,,,,,,,,,,,,,,,,,,,,,,,,0.9000,0.8807,0.9000,0.9005,0.9354,0.9170,0.9170,0.8892,0.7988,0.7819,0.7516,0.6884,0.7675,0.7578,,,,,,,,,,,,,,,,0.6397,0.6390,0.6393,0.8236,0.8570,0.8261,0.8468,0.5476,0.6264,0.5870,0.8492
2019-01,,,0.2501,0.5516,0.4902,0.8606,,,,,,,,,,,0.8092,0.8261,0.8236,0.8270,0.9000,0.8054,0.8971,0.8595,0.8353,0.8837,0.8595,0.8178,,,,,,,,,,,,,,,,,,,,,,,,,,,,0.9000,0.8807,0.9000,0.9005,0.9354,0.9170,0.9170,0.8892,0.7785,0.7621,0.7325,0.6535,0.7276,0.6987,,,,,,,,,,,,,,,,0.5214,0.5708,0.5461,0.8236,0.8570,0.8261,0.8468,0.5008,0.5950,0.5479,0.8492
2019-02,,,0.2778,0.5516,0.5506,0.8606,,,,,,,,,,,0.7454,0.7780,0.7834,0.7787,0.8626,0.7585,0.8971,0.8595,0.8353,0.8837,0.8595,0.8178,,,,,,,,,,,,,,,,,,,,,,,,,,,,0.8626,0.8350,0.8370,0.8675,0.9109,0.9170,0.9170,0.8892,0.8113,0.7941,0.7185,0.7283,0.8246,0.8286,,,,,,,,,,,,,,,,0.7077,0.7276,0.7176,0.8236,0.8570,0.7780,0.7975,0.4485,0.5635,0.5060,0.8492
2019-03,,,0.2989,0.5708,0.6053,0.9268,,,,,,,,,,,0.7460,0.7786,0.7689,0.7789,0.8629,0.7598,0.8978,0.8715,0.8469,0.8960,0.8715,0.8291,,,,,,,,,,,,,,,,,,,,,,,,,,,,0.8629,0.8354,0.8374,0.8676,0.9117,0.9229,0.9229,0.8950,0.8335,0.8159,0.7358,0.7661,1.0712,1.0480,,,,,,,,,,,,,,,,0.9692,1.1611,1.0652,0.8660,0.9294,0.7786,0.7975,0.5088,0.6339,0.5714,0.9446
2019-04,,,0.3875,0.7400,0.7943,1.2163,,,,,,,,,,,0.9487,0.9874,0.9794,0.9869,1.0395,0.9807,1.1423,1.1314,1.0869,1.1759,1.1314,1.0767,,,,,,,,,,,,,,,,,,,,,,,,,,,,1.0395,1.0096,1.0079,1.0422,1.0804,1.1701,1.1701,1.1295,0.9695,0.9491,0.7673,0.9055,1.1930,1.1763,,,,,,,,,,,,,,,,1.0593,1.4328,1.2460,0.8711,0.9019,0.9874,0.9942,0.6035,0.6250,0.6143,1.0306
2019-05,,,0.6231,1.1898,1.3483,2.0645,,,,,,,,,,,1.5208,1.5825,1.5744,1.5751,1.6591,1.5766,1.8365,1.8103,1.6247,1.9958,1.8103,1.7391,,,,,,,,,,,,,,,,,,,,,,,,,,,,1.6591,1.6124,1.5910,1.6471,1.7230,1.7993,1.7993,1.7364,1.5278,1.4955,1.0091,1.3255,1.6847,1.6141,,,,,,,,,,,,,,,,1.5396,1.8367,1.6882,1.2886,1.3460,1.5825,1.5885,0.9016,0.9755,0.9386,1.5696
2019-06,,,0.7905,1.5096,1.7658,2.7038,,,,,,,,,,,1.7116,1.7774,1.7701,1.7713,1.8409,1.5564,2.0638,2.1346,1.6555,2.6137,2.1346,2.0527,,,,,,,,,,,,,,,,,,,,,,,,,,,,1.8409,1.7912,1.7816,1.8290,1.9016,2.1059,2.1059,2.0366,1.5968,1.5633,1.0521,1.4270,1.5958,2.1878,,,,,,,,,,,,,,,,1.7534,1.9916,1.8725,1.6173,1.7077,1.7774,1.9984,0.9398,1.1910,1.0654,1.7453
2019-07,,,0.7342,1.4020,1.5527,2.3775,,,,,,,,,,,1.5704,1.6307,1.6252,1.6244,1.7044,1.4729,1.8960,1.9251,1.5759,2.2743,1.9251,1.8498,,,,,,,,,,,,,,,,,,,,,,,,,,,,1.7044,1.6581,1.6467,1.6911,1.7605,1.9126,1.9126,1.8480,1.4838,1.4526,0.9785,1.3123,1.5021,1.8390,,,,,,,,,,,,,,,,1.6277,1.7886,1.7081,1.4620,1.5273,1.6307,1.7884,0.8967,1.0608,0.9788,1.6058
2019-08,,,0.6983,1.3188,1.5079,2.3089,,,,,,,,,,,1.5499,1.6102,1.6048,1.6041,1.6932,1.4319,1.8732,1.9061,1.5379,2.2743,1.9061,1.8322,,,,,,,,,,,,,,,,,,,,,,,,,,,,1.6932,1.6471,1.6355,1.6799,1.7544,1.9024,1.9024,1.8383,1.4741,1.4431,0.9695,1.2954,1.4885,1.8161,,,,,,,,,,,,,,,,1.5499,1.7886,1.6692,1.4139,1.5273,1.6102,1.7884,0.8343,1.0608,0.9475,1.5581
2019-09,,,0.6037,1.3502,1.2914,2.3737,,,,,,,,,,,1.5499,1.6102,1.6048,1.6041,1.6932,1.4319,1.8732,1.9061,1.5379,2.2743,1.9061,1.8322,,,,,,,,,,,,,,,,,,,,,,,,,,,,1.6932,1.6471,1.6355,1.6799,1.7544,1.9024,1.9024,1.8383,1.4741,1.4431,0.9695,1.2954,1.4796,1.7883,,,,,,,,,,,,,,,,1.4552,1.7886,1.6219,1.3554,1.5273,1.6102,1.7884,0.7844,1.0479,0.9161,1.5112
2019-10,,,0.6658,1.3502,1.3884,2.3737,,,,,,,,,,,1.5209,1.6041,1.5678,1.5970,1.6773,1.3740,1.8732,1.9028,1.5313,2.2743,1.9028,1.8126,,,,,,,,,,,,,,,,,,,,,,,,,,,,1.6773,1.6315,1.6150,1.6760,1.7447,1.9006,1.9006,1.8275,1.4403,1.4101,0.9312,1.2368,1.5012,1.7875,,,,,,,,,,,,,,,,1.5409,1.7018,1.6214,1.3554,1.5273,1.5812,1.7884,0.8037,1.0159,0.9098,1.5112
2019-11,,,0.5493,1.3502,1.1477,2.3737,,,,,,,,,,,1.5209,1.5935,1.5678,1.5860,1.6773,1.3740,1.8732,1.8935,1.5126,2.2743,1.8935,1.8126,,,,,,,,,,,,,,,,,,,,,,,,,,,,1.6773,1.6315,1.6150,1.6700,1.7447,1.8956,1.8956,1.8275,1.4283,1.3983,0.9190,1.2159,1.4707,1.8423,,,,,,,,,,,,,,,,1.6290,1.7984,1.7137,1.3554,1.5273,1.5812,1.7884,0.7358,0.9441,0.8400,1.5112
2019-12,0.9531,1.0000,0.5240,1.3502,1.0794,2.3737,0.9668,0.9668,0.9834,0.9668,0.9668,0.9668,0.9616,0.9668,0.9667,1.0000,1.5209,1.5935,1.5678,1.5860,1.6773,1.3740,1.8732,1.8935,1.5126,2.2743,1.8935,1.8126,0.9668,0.9796,0.9711,0.9711,1.0000,0.9541,0.9796,0.9668,0.9541,0.9796,0.9668,0.9668,0.9668,0.9668,0.9668,0.9541,0.9541,0.9541,0.9796,0.9796,0.9796,0.9668,0.9616,0.9669,0.9667,0.9796,0.9437,1.6773,1.6315,1.6150,1.6700,1.7447,1.8956,1.8956,1.8275,1.4283,1.3983,0.9190,1.2159,1.4707,1.7117,0.9541,0.9541,0.9796,0.9796,0.9796,0.9796,0.9796,0.9796,0.9834,0.9336,0.9744,0.9945,0.9668,0.9668,0.9668,1.4724,1.5153,1.4939,1.3554,1.5273,1.5812,1.7884,0.7358,0.9441,0.8400,1.5112
2020-01,1.2389,1.1147,0.6812,1.5050,1.4000,2.6326,1.0198,1.0198,1.0108,0.9061,1.0198,1.0198,0.9919,1.0199,1.0179,1.0564,1.4510,1.5202,1.5804,1.5119,1.5967,1.3108,1.7870,2.0565,1.6429,2.4702,2.0565,1.8939,0.9061,0.9180,1.0064,0.9306,1.0564,1.1216,0.9180,1.0198,1.1216,0.9180,1.0198,1.0198,1.0198,1.0198,1.0199,1.1216,1.1216,1.1217,0.9180,0.9180,0.9180,1.0198,0.9919,1.0203,1.0179,0.8744,1.1095,1.5967,1.5531,1.4999,1.5881,1.6883,1.9284,1.9284,1.8355,1.5875,1.5542,0.9985,1.3950,1.5134,2.6478,1.1216,1.1216,0.8689,0.8689,0.9180,0.9180,0.9796,0.9796,1.0108,1.0340,0.9228,1.0268,1.0198,1.0196,1.0198,2.5024,2.9550,2.7287,2.5592,2.8839,1.5085,1.7062,1.1032,1.9632,1.5332,2.9611
2020-02,1.1290,1.0158,0.6208,1.3716,1.3471,2.5332,0.9766,0.9766,0.9723,0.8264,0.9439,0.9439,0.9279,0.9428,0.9395,0.9786,1.5340,1.6070,1.5888,1.5966,1.7175,1.4312,1.8905,2.2817,1.8955,2.6679,2.2817,1.9224,0.8591,0.8441,0.9671,0.8750,1.0121,1.1092,0.8441,0.9766,1.0981,0.7897,0.9439,0.9766,0.9766,0.9766,0.9756,1.1092,1.1092,1.1081,0.8441,0.8441,0.8431,0.9766,0.9553,0.9779,0.9730,0.8145,1.0961,1.7175,1.6707,1.6151,1.7062,1.8130,2.1137,2.1137,2.0130,1.5811,1.5479,0.9927,1.3840,1.6194,2.4977,1.1503,1.0913,0.8525,0.8098,0.8975,0.8441,0.9067,0.9067,0.9889,0.9643,0.8755,1.0081,0.9766,0.9770,0.9766,2.5352,2.4372,2.4862,2.2475,2.3712,1.5942,1.7572,1.1868,1.6037,1.3952,2.6874
2020-03,0.8491,0.9564,0.4669,1.2914,1.0127,2.3367,1.1156,1.1156,1.0480,0.9114,1.0717,1.0717,0.9381,1.0643,1.0656,0.9786,1.5340,1.6070,1.5888,1.5966,1.7175,1.4312,1.8905,2.2646,1.8955,2.6337,2.2646,1.9224,0.9549,0.9514,1.0361,0.9111,1.0121,1.2757,0.9555,1.1156,1.2647,0.8788,1.0717,1.1156,1.1156,1.1156,1.1067,1.2757,1.2757,1.2747,0.9555,0.9555,0.9386,1.1156,0.9669,1.1180,1.1100,0.8524,1.0813,1.7175,1.6707,1.6151,1.7062,1.8130,2.0996,2.0996,1.9993,1.5811,1.5479,0.9927,1.3840,1.5996,2.4369,1.3846,1.3742,0.9731,0.9685,0.9891,0.9555,0.7682,0.7682,1.0667,1.2048,0.9863,1.0772,1.1333,1.1273,1.1295,2.4307,2.3296,2.3802,2.1513,2.2628,1.5942,1.7572,1.1868,1.6037,1.3952,2.6874
2020-04,1.1418,0.9382,0.6278,1.2668,1.3605,2.3019,1.0877,1.0824,1.0336,0.8501,1.0566,1.0566,0.9267,1.0540,1.0493,1.0004,1.5502,1.6234,1.6054,1.6115,1.7248,1.5269,1.8230,2.2901,2.0504,2.5297,2.2901,1.9439,0.8749,0.8554,1.0153,0.8511,1.0223,1.3054,0.8595,1.0824,1.3113,0.8020,1.0566,1.0824,1.0824,1.0824,1.0775,1.3054,1.3054,1.3004,0.8595,0.8595,0.8546,1.0824,0.9440,1.0855,1.0754,0.7813,1.1067,1.7248,1.6778,1.6212,1.7125,1.8209,2.1113,2.1113,2.0094,1.5713,1.5383,0.9857,1.3655,1.6256,2.4820,1.4182,1.3917,1.0279,0.9719,0.9421,0.8595,0.7682,0.7682,1.0462,1.1622,0.9425,1.0477,1.0752,1.0927,1.0888,2.6279,2.3263,2.4771,2.0374,2.1319,1.6098,1.6928,1.3178,1.6034,1.4606,2.5504
2020-05,1.2515,1.0284,0.6881,1.3885,1.4845,2.5117,1.0160,0.9376,1.0070,0.7987,1.0140,1.0140,0.8499,1.0102,1.0155,0.9576,1.4681,1.5373,1.4301,1.5448,1.6791,1.4722,1.7008,2.1913,2.0001,2.3825,2.1913,1.7796,0.9344,0.9003,1.0464,0.9349,1.1470,1.3566,0.8792,1.1179,1.2683,0.7598,1.0140,1.0931,1.1179,1.1179,1.0992,1.3070,1.3566,1.3387,0.8792,0.8792,0.8597,1.1179,0.8883,1.1221,1.1087,0.6815,1.0951,1.6791,1.6334,1.5241,1.6763,1.8009,2.0617,2.0617,1.9258,1.5222,1.4903,0.9222,1.2814,1.5514,2.4545,1.4438,1.3348,1.1933,1.0387,0.9490,0.8792,0.8161,0.8161,1.0667,1.2039,0.9047,1.0173,0.8942,1.1312,1.1544,2.5671,2.2887,2.4279,1.9498,2.0236,1.5242,1.5761,1.3127,1.7013,1.5070,2.4574
2020-06,1.2105,0.9947,0.6656,1.3430,1.4158,2.3955,0.8735,0.7697,0.9756,0.7518,0.9577,0.9577,0.7777,0.9538,0.9502,0.9067,1.3980,1.4638,1.3469,1.4512,1.6269,1.4092,1.6232,2.1060,1.9455,2.2665,2.1060,1.6950,1.0174,1.0435,1.0503,0.9987,1.2643,1.3069,0.9437,1.1253,1.1979,0.7175,0.9577,1.1005,1.1253,1.1253,1.0302,1.2573,1.3069,1.1682,0.9437,0.9437,0.8922,1.1253,0.7479,1.1312,1.1125,0.6692,0.8266,1.6269,1.5826,1.4689,1.6139,1.7606,2.0157,2.0157,1.8709,1.4879,1.4566,0.8958,1.2295,1.4669,2.3063,1.3941,1.2888,1.2157,0.8657,0.8625,0.9437,0.7100,0.8131,1.0808,1.2020,0.8906,1.0238,0.6311,1.1366,1.2116,2.2906,2.2352,2.2629,1.7838,1.8819,1.4513,1.4934,1.2435,1.6513,1.4474,2.4336
2020-07,1.5015,1.2338,0.8256,1.6659,1.7421,2.9476,1.5712,1.2146,1.1878,1.0599,1.3014,1.3139,1.0396,1.3103,1.3033,1.2791,1.8476,1.9701,1.7240,1.9491,2.0581,1.9150,2.1878,2.7902,2.5467,3.0337,2.7288,2.1830,2.1398,2.2061,2.1883,2.1988,2.5067,2.4020,2.0179,2.2100,1.6950,0.9328,1.3139,2.1852,2.2100,2.2100,2.0374,2.3524,2.4020,2.2023,2.0179,2.0179,1.8724,2.2100,1.2174,2.2193,2.1915,1.0809,1.3540,2.0581,1.9693,1.7964,2.0392,2.1835,2.5773,2.5482,2.3263,1.9202,1.8799,1.1365,1.7311,2.2799,3.3684,2.4993,2.1402,2.5514,1.5952,1.9283,2.0179,1.4516,2.0479,1.7204,2.9725,2.0002,1.7019,2.6138,2.2267,2.6086,3.7307,3.5098,3.6202,2.8560,2.9681,1.9530,1.9910,1.6745,2.4042,2.0393,3.4638
2020-08,1.5431,1.2680,0.8485,1.7120,1.7841,3.0186,1.8747,1.2017,1.2633,1.1493,1.4004,1.4130,1.0974,1.4085,1.4029,1.3811,2.1665,2.3138,2.0215,2.2887,2.3243,2.0965,2.5754,3.2476,2.7105,3.7847,3.1710,2.5396,2.2306,2.6661,2.4460,2.5680,2.6065,1.9922,2.4088,2.2005,1.7542,1.0718,1.4130,2.1612,2.2383,2.2383,1.6836,1.9283,1.9922,1.6922,2.3941,2.4843,1.6751,2.2383,0.8157,2.2135,1.9147,0.7810,0.8503,2.3243,2.2186,2.0166,2.3039,2.4603,2.9211,2.8923,2.6605,1.9461,1.9053,1.1436,1.6322,2.4586,3.7570,2.0830,1.4168,1.9734,2.2345,1.6947,2.4088,1.2921,2.6175,1.6836,3.0967,2.1271,1.5395,2.5067,2.2489,2.4888,3.3573,3.7252,3.5413,3.1623,3.8069,2.2951,2.4937,1.7270,2.4273,2.0772,3.5578
2020-09,1.4275,1.1167,0.7849,1.5077,1.6307,2.6335,1.6697,1.0546,1.1786,1.0486,1.2763,1.2889,0.9818,1.2845,1.2788,1.2776,1.9623,2.0926,1.7946,2.0683,2.1422,2.0263,2.3192,2.9551,2.6343,3.2758,2.8887,2.2639,1.6929,1.9481,1.5226,1.6482,2.0860,1.8056,1.5752,1.6904,1.6580,0.9197,1.2889,1.6511,1.7282,1.7282,1.2622,1.7417,1.8056,1.3701,1.5605,1.6508,1.1544,1.7282,0.5250,1.6990,1.5967,0.4915,0.5586,2.1422,2.0485,1.8508,2.1211,2.2778,2.7156,2.6869,2.4426,1.8534,1.8145,1.0522,1.5039,2.2520,3.4558,1.7901,1.1223,1.5820,1.5039,1.2639,1.5752,0.8524,1.9132,1.4252,2.1029,1.6791,1.1643,1.1719,1.7702,1.9787,3.1631,3.3470,3.2551,2.8307,3.2999,2.0745,2.1228,1.6196,2.0748,1.8472,3.1530
2020-10,1.8268,1.4290,1.0044,1.9294,2.0265,3.2727,1.7645,1.0663,1.2639,1.2162,1.4439,1.4565,1.0583,1.4313,1.4425,1.4509,2.1798,2.3212,1.9733,2.2907,2.2961,2.2204,2.5716,3.2192,2.8655,3.5728,3.1501,2.4003,1.7599,2.0799,1.6155,1.7342,2.1584,1.7722,1.7455,1.7589,1.8222,1.0908,1.4565,1.7110,1.7966,1.7966,1.3035,1.6912,1.7722,1.2821,1.7308,1.8210,1.3250,1.7881,0.5152,1.7635,1.6536,0.4850,0.5453,2.2961,2.1982,1.9594,2.2710,2.4098,2.8703,2.8415,2.5452,1.9634,1.9222,1.1011,1.6090,2.3493,3.4733,1.7331,0.8669,1.6611,1.6379,1.3477,1.7455,0.9147,2.0358,1.4597,2.2378,1.7094,1.1729,1.0171,1.8343,2.0471,3.1737,3.4643,3.3190,2.8855,3.4181,2.3014,2.3823,1.6773,2.2288,1.9531,3.3394
2020-11,2.6089,2.0409,1.4345,2.7556,2.7679,4.4700,3.2260,2.5986,1.7512,2.1744,2.4021,2.4147,1.4709,2.3798,2.3982,2.4419,3.0897,3.2773,2.6905,3.2353,3.1906,3.1240,3.6278,4.3846,3.9135,4.8557,4.3019,3.2781,3.0254,3.8769,2.6358,2.9214,3.4604,2.3331,3.3581,2.8456,2.7612,2.0682,2.4147,2.7977,2.8834,2.8834,2.5164,2.2521,2.3331,2.0398,3.3434,3.4336,2.9931,2.8748,0.5428,2.8523,2.5989,0.4849,0.6007,3.1906,3.0583,2.6621,3.1574,3.3291,3.8690,3.8328,3.4615,2.9637,2.9015,1.5850,2.2349,3.8375,4.8972,2.2324,1.0295,2.9713,2.9193,2.9631,3.3581,1.7798,3.0095,2.0106,4.3507,2.9596,1.9650,1.6657,2.7617,3.1338,4.5231,4.8872,4.7051,4.0981,4.8435,3.2495,3.3749,2.2311,3.0317,2.6314,4.5066
2020-12,3.8312,2.9970,2.1066,4.0466,4.1608,6.7195,3.5380,2.5536,2.0584,2.7828,3.0105,3.0231,1.6117,2.9885,3.0029,3.0626,3.9077,4.1387,3.4396,4.0947,3.8408,3.3000,4.6471,6.5743,5.8824,7.2661,6.4661,4.9273,3.9954,5.2384,3.6872,4.0520,4.4586,2.9195,4.5827,3.7511,2.7270,3.3192,3.0231,3.6368,3.8013,3.8013,3.1976,2.8385,2.9195,2.2172,4.4352,4.6831,4.1781,3.7927,0.5373,3.7609,3.4930,0.4850,0.5897,3.8408,3.6817,3.2723,3.8035,3.9932,5.2814,5.2370,4.7740,3.4067,3.3357,1.9362,3.0374,4.0249,5.2803,2.8171,2.0005,3.2719,4.4143,3.1088,4.5827,2.2683,4.6492,2.4701,6.1078,3.7141,2.2874,1.7705,3.6617,4.0393,4.6393,6.9580,5.7987,5.1954,6.9148,4.1093,4.9186,3.2746,4.4568,3.8657,6.6715
2021-01,4.3835,3.4290,2.4103,4.6299,4.7278,7.6351,3.7338,4.2557,2.4878,3.6293,3.8571,3.8696,2.0082,3.8351,3.8486,3.9333,4.7140,4.9844,4.1032,4.9351,4.8706,4.2731,5.6490,6.7571,6.3588,7.1554,6.6504,5.0500,5.2042,6.1727,4.6916,5.1821,5.8915,4.2621,5.4673,4.8647,3.2075,4.5317,3.8696,4.7156,4.9149,4.9149,4.1498,4.0877,4.2621,3.1224,5.3435,5.5677,5.1772,4.8732,0.5630,4.8789,4.6660,0.4851,0.6409,4.8706,4.6409,4.0843,4.8209,5.1280,6.2838,6.2006,5.5465,4.3618,4.2711,2.4262,3.4890,4.9280,6.7687,4.1126,2.5829,4.8410,5.2362,4.7424,5.4673,3.2768,5.4880,2.9261,9.0789,4.6250,2.9443,6.1215,4.7335,5.1529,7.1627,8.4445,7.8036,6.8495,8.3361,4.9463,5.6195,3.1865,4.2028,3.6947,6.1710
2021-02,5.9787,4.6769,3.2874,6.3148,6.7263,10.8626,3.9257,5.3327,2.8058,4.2528,4.4749,4.4874,2.1830,4.4540,4.4614,4.5670,5.9506,6.2895,4.9856,6.2297,5.9066,4.8488,7.1623,7.1581,7.1437,7.1725,7.0511,5.2727,6.5390,7.9773,5.9554,6.6171,7.3679,5.1104,7.2593,6.1848,3.3440,5.6309,4.4874,6.1677,6.2360,6.2360,5.4598,5.2027,5.1104,3.9207,7.1326,7.3616,6.9990,6.3392,0.6337,6.2030,5.7475,0.4811,0.7863,5.9066,5.6355,5.0070,5.8494,6.2170,6.5288,6.4456,5.7079,5.5153,5.3872,2.9618,4.3847,7.8055,8.5557,4.6399,3.0488,5.8553,7.0628,5.7106,7.2593,4.9218,7.1944,3.5221,12.1891,6.7263,3.5201,10.1788,5.9316,6.4786,9.8249,11.2358,10.5303,9.1724,11.1156,6.2463,7.6438,5.8636,7.4857,6.6746,11.0724
2021-03,7.7808,6.0866,4.2782,8.2182,9.2864,14.9970,4.4282,5.3313,3.1464,4.9196,5.1324,5.1449,2.3326,5.1128,5.1182,5.2387,6.9728,7.3736,5.9564,7.3095,6.7064,4.7323,8.4106,7.8365,6.9324,8.7405,7.7061,5.7958,10.4343,15.3045,10.2809,11.1547,11.4113,5.1685,14.5725,9.8705,3.2383,7.0516,5.1449,9.8029,9.9228,9.9228,9.1295,5.1630,5.1685,3.9097,14.4427,14.6770,14.3492,9.9766,0.6101,9.8865,8.7847,0.4990,0.7212,6.7064,6.4131,5.7959,6.6495,7.0550,6.9358,6.8464,6.0825,6.3525,6.2076,3.4231,5.3521,8.8730,10.4288,4.3601,8.1355,5.8604,14.0061,5.7588,14.5725,4.6718,13.0506,5.3705,19.5077,10.5711,5.3891,14.5251,8.8573,10.1704,11.1018,13.9180,12.5099,10.9915,13.7971,7.3315,9.9307,6.3084,9.2554,7.7819,12.8402
2021-04,7.6422,5.9782,4.2020,8.0718,8.8223,14.2475,5.6737,5.2158,2.8701,4.3959,4.5090,4.5216,2.0642,4.4930,4.4978,4.6740,6.4402,6.8113,5.4770,6.7397,6.4349,4.4292,7.7746,8.2218,7.4698,8.9737,8.0879,6.0759,9.8949,13.9187,8.9470,10.6165,10.9016,4.5793,11.9927,8.2860,2.7480,6.2951,4.5216,7.8399,8.4472,8.4472,7.3436,3.8089,4.8027,2.9011,11.8710,12.0917,11.7860,8.4291,0.4407,8.2212,7.2197,0.4287,0.4527,6.4349,6.1482,5.5375,6.3550,6.8969,6.8208,6.7334,5.9467,7.8540,7.6780,3.8117,5.1749,9.7025,13.6118,4.8407,5.8421,5.1271,10.7398,5.3847,11.9927,4.9314,11.7081,4.6416,15.8754,9.9335,5.0934,19.0428,7.4309,8.5702,14.5775,14.2109,14.3942,12.3099,13.8297,6.7718,9.1143,6.0803,8.1175,7.0989,11.2226
2021-05,4.9346,5.1376,2.7133,6.9368,5.6826,12.3262,5.0647,4.4644,2.9640,4.6306,4.7816,4.7946,2.2393,4.6978,4.7592,4.6883,6.5060,6.8772,5.5167,6.7958,6.4563,4.7345,7.8406,8.3412,8.1097,8.5727,8.2133,6.1413,8.7546,12.0884,7.0005,8.9720,8.7378,4.0137,9.8720,6.9428,3.1860,6.4032,4.7946,6.4319,7.0961,7.0961,5.8027,3.2590,4.2371,2.5128,9.6048,9.9550,9.0925,7.0808,0.2909,6.9046,5.9761,0.2150,0.3668,6.4563,6.1700,5.5510,6.3719,6.8993,6.8545,6.7682,5.9737,7.2767,7.1123,3.6380,4.8134,9.0941,11.9052,5.4631,5.5156,4.7018,9.5769,4.3808,9.8720,3.4132,8.0402,4.2034,11.4732,8.7232,4.1193,13.4524,6.1067,7.0936,13.4284,11.7801,12.6042,11.0559,11.7596,6.8350,8.9355,6.9552,7.4026,7.1789,11.6423
2021-06,4.6421,5.1376,2.5524,6.9368,5.2818,12.3262,4.7696,4.2072,2.9115,4.4912,4.6283,4.6408,2.1535,4.5461,4.6049,4.6883,6.5060,6.8772,5.5167,6.7958,6.4563,4.7345,7.8406,8.3412,8.1097,8.5727,8.2133,6.1413,8.6977,11.9020,6.9414,8.9233,8.7378,3.8204,9.7089,6.7647,3.0210,6.2606,4.6408,6.3050,6.9647,6.9647,5.6413,3.0711,4.0439,2.3766,9.5389,9.8854,8.9061,6.9500,0.2829,6.7277,5.8040,0.2099,0.3560,6.4563,6.1700,5.5510,6.3719,6.8993,6.8545,6.7682,5.9737,7.2767,7.1123,3.6380,4.8134,9.0941,11.9052,5.3520,5.5971,4.1226,9.5362,3.9550,9.7089,3.1426,7.9804,4.1443,10.8962,8.6330,4.0738,13.1148,5.9436,6.9052,13.4284,11.7801,12.6042,11.0559,11.7596,6.8350,8.9355,6.9552,7.4026,7.1789,11.6423
2021-07,5.4920,5.1376,3.0198,6.9368,6.2304,12.3262,4.7375,4.2046,2.9117,4.4603,4.6273,4.6391,2.1768,4.5429,4.5998,4.7246,6.6391,7.0155,5.6207,6.9263,6.5137,5.0292,7.8406,8.6518,8.7394,8.5641,8.5240,6.2558,8.3058,11.2894,6.6600,8.6364,8.7669,3.9339,8.9424,6.4382,3.1847,6.0935,4.6391,5.9892,6.6297,6.6297,5.5250,3.1814,4.1574,2.4661,8.7970,9.1020,8.5839,6.6147,0.2838,6.4037,5.5131,0.2065,0.3610,6.5137,6.2260,5.5965,6.4260,6.9418,6.9659,6.8797,6.0204,7.3203,7.1549,3.6620,4.8747,9.1701,11.9914,5.5461,5.6320,3.7999,8.9881,3.6416,8.9424,3.0659,7.4159,4.0399,9.8115,8.5057,4.0050,12.7187,5.7001,6.5305,13.9759,11.7472,12.8615,11.0559,11.7596,6.9707,8.9122,7.4060,7.3974,7.4017,11.6423
2021-08,6.2390,5.6433,3.4305,7.6196,7.1719,13.3534,5.4442,4.6432,3.0667,4.6162,5.0796,5.0928,2.4359,4.9903,5.0465,5.1842,7.3077,7.7218,6.2002,7.6198,6.8368,5.7187,8.3126,10.0394,10.2552,9.8237,9.8929,7.2469,9.3043,12.6634,8.4873,10.0091,11.0926,6.3550,10.3561,8.3555,3.7115,6.4742,5.0928,7.8544,8.5669,8.5669,7.0713,5.5353,6.5784,4.3426,10.1735,10.5554,9.8001,8.5448,0.3209,8.3320,7.3377,0.2057,0.4361,6.8368,6.5364,5.8694,6.7434,7.2282,7.5156,7.4255,6.5155,7.6023,7.4310,3.8214,5.3661,9.7084,13.2204,7.7542,7.1539,4.9046,10.5152,4.5148,10.3561,4.2968,9.9300,4.6792,16.0014,9.7769,4.4456,15.3684,7.6288,8.5368,18.4194,13.1449,15.7821,12.2371,12.9912,7.6708,9.6229,8.4832,8.2872,8.3852,12.6314
2021-09,5.8049,5.2507,3.1918,7.0896,6.9503,12.9407,4.5264,3.8502,2.9151,4.2740,4.6362,4.6476,2.1657,4.5496,4.6019,4.8581,6.9310,7.3204,5.7856,7.2167,6.6445,5.5639,7.8628,9.6798,10.0592,9.3004,9.5411,6.9861,8.1794,11.0710,7.8561,9.1004,10.3081,5.7175,9.0490,7.3832,3.3128,5.9825,4.6476,6.6870,7.7081,7.7081,6.1597,4.4657,6.1966,3.6036,8.9084,9.2196,8.7158,7.6872,0.2820,7.3637,6.4261,0.2057,0.3583,6.6445,6.3530,5.6687,6.5503,7.0152,7.3640,7.2755,6.3478,7.3718,7.2052,3.6654,4.9381,9.2870,13.1703,7.6181,7.1342,3.8448,9.1104,3.7111,9.0490,4.0731,9.3582,4.3600,12.8280,9.1297,4.2129,12.6802,6.8189,7.4822,18.4082,12.7623,15.5853,11.8338,12.7563,7.2708,8.9776,8.5547,7.3375,7.9461,11.5018
2021-10,8.1198,7.3445,4.4646,9.9166,9.4004,17.5026,4.7892,4.5044,3.0314,4.5817,4.9758,4.9883,2.3272,4.8861,4.9308,5.2032,7.4601,7.8794,6.1449,7.7564,6.9005,6.1036,8.4875,11.0344,11.5380,10.5308,10.8773,7.9767,9.5983,13.0457,9.6809,11.1526,12.4952,6.0489,11.1815,8.6152,3.6879,6.2888,4.9883,7.6845,8.9617,8.9617,7.2580,4.3967,6.5246,3.8552,10.9723,11.3989,10.6607,8.7483,0.2606,8.5612,7.5231,0.2057,0.3156,6.9005,6.5988,5.8356,6.7976,7.2112,7.9117,7.8193,6.8413,7.5710,7.4002,3.7467,5.2812,9.4889,14.6193,7.8579,8.6633,4.2057,10.8601,3.8630,11.1815,4.6908,13.2969,4.7603,16.8765,9.7882,4.6490,13.7416,7.9039,8.8483,20.0816,15.4442,17.7629,13.7933,15.4215,7.8250,9.5463,8.6469,8.0041,8.3255,12.1481
2021-11,7.5437,6.8234,4.1479,9.2131,9.1811,17.0942,4.4743,4.0815,2.9438,4.3786,4.7191,4.7306,2.1720,4.6310,4.6680,4.9854,7.2373,7.6426,5.9184,7.5160,6.7886,5.9695,8.2199,10.8789,11.4761,10.2817,10.7256,7.8617,8.4760,11.4810,8.7618,10.4013,11.3656,4.9301,9.6269,7.2785,3.4689,5.9923,4.7306,6.2991,7.6080,7.6080,6.2342,3.1304,5.4058,3.2254,9.4677,9.8102,9.2430,7.3365,0.2506,7.2335,6.3896,0.2057,0.2956,6.7886,6.4919,5.7276,6.6840,7.1025,7.8400,7.7484,6.7760,7.4379,7.2698,3.6688,5.0279,9.2175,13.8302,6.9644,7.9312,3.0545,9.3462,2.6048,9.6269,3.7578,11.2262,4.3195,12.5281,8.3117,4.0779,12.8240,6.5263,7.4139,18.3864,13.1886,15.7875,12.0375,13.1799,7.5894,9.2093,8.2399,7.7476,7.9938,11.5938
2021-12,6.1219,5.8832,3.3661,7.9436,7.3737,15.0326,4.7092,4.3751,2.9651,4.3769,4.7806,4.7919,2.2200,4.6904,4.7234,4.9854,7.2373,7.6426,5.9184,7.5160,6.7886,5.9695,8.2199,10.7674,11.3756,10.1593,10.6159,7.7782,7.2759,9.9313,7.7148,8.6335,9.9650,4.3521,8.9030,6.6276,3.6301,5.9538,4.7919,5.6678,6.9491,6.9491,5.7046,2.5684,4.8278,2.8273,8.7671,9.0705,8.5820,6.6793,0.2511,6.4788,5.6750,0.2057,0.2965,6.7886,6.4919,5.7276,6.6840,7.1025,7.7953,7.7041,6.7355,7.4264,7.2585,3.6626,5.0110,9.1833,13.2072,6.5549,7.4159,2.7437,8.8998,2.3719,8.9030,3.5397,10.8924,4.1046,10.4125,8.1965,3.9183,11.8405,5.9174,6.7174,17.0356,11.7147,14.3752,11.1950,12.0699,7.5894,9.2093,8.1839,7.6725,7.9282,11.4807
2022-01,5.0953,5.8832,2.8016,7.9436,6.1378,15.0326,5.4148,5.5022,3.1506,4.9075,5.3715,5.3840,2.5154,5.2683,5.2984,4.9854,7.2373,7.6426,5.9184,7.5160,6.7886,5.9695,8.2199,10.7674,11.3756,10.1593,10.6159,7.7782,9.2014,12.4510,8.0740,10.2785,7.9496,4.4608,9.2359,6.8483,4.1915,6.5765,5.3840,5.8653,7.1789,7.1789,5.9025,2.6287,4.9495,3.0703,9.1019,9.4083,8.7346,6.9018,0.2706,6.6907,5.8731,0.2184,0.3228,6.7886,6.4919,5.7276,6.6840,7.1025,7.7953,7.7041,6.7355,7.4264,7.2585,3.6626,5.0110,9.1833,12.4102,7.4212,8.1082,2.4644,8.9594,2.2391,9.2359,3.1297,10.3256,4.1944,10.9681,9.1264,3.9654,11.4944,6.1530,6.9877,14.2545,10.3240,12.2893,11.1950,12.0699,7.5894,9.2093,7.1113,7.6725,7.3919,11.4807
2022-02,5.7170,5.8832,3.1435,7.9436,6.7956,15.0326,4.6790,4.7879,2.9702,4.3595,4.7876,4.7985,2.2658,4.6923,4.7162,4.9854,7.2373,7.6426,5.9184,7.5160,6.7886,5.9695,8.2199,10.7674,11.3756,10.1593,10.6159,7.7782,8.4821,11.2943,7.4366,9.4414,7.9496,4.1948,8.5623,6.3785,3.8606,5.7364,4.7985,5.4541,6.6885,6.6885,5.5081,2.4701,4.6549,2.6850,8.4382,8.7221,8.3312,6.4276,0.2531,6.2369,5.5533,0.2082,0.2979,6.7886,6.4919,5.7276,6.6840,7.1025,7.7953,7.7041,6.7355,7.4264,7.2585,3.6626,5.0110,9.1833,12.4087,6.0067,6.4512,2.0687,7.5190,1.9417,8.5623,2.6662,9.9270,4.0242,9.7315,8.3797,3.7546,6.4254,5.7605,6.4362,14.2515,10.3219,12.2867,11.1950,12.0699,7.5894,9.2093,6.6483,7.6725,7.1604,11.4807
2022-03,6.0283,6.0803,3.3146,8.2096,7.1878,15.4292,4.6512,4.5718,2.9530,4.1885,4.7288,4.7392,2.2570,4.6141,4.6847,4.9323,7.2251,7.6272,5.8821,7.4864,6.7356,6.1724,8.0081,11.0120,11.9479,10.0761,10.8617,7.9471,7.6350,9.9801,6.4789,8.6748,7.0912,3.8068,6.8312,5.3190,3.9747,5.5037,4.7392,4.4874,5.5915,5.5915,4.5982,2.2411,4.2245,2.5533,6.7338,6.9585,6.6430,5.3545,0.2144,5.1793,4.6361,0.1535,0.2752,6.7356,6.4425,5.6723,6.6232,7.0465,7.8589,7.7684,6.7804,7.3633,7.1964,3.6334,4.9776,9.2005,11.4967,5.6783,6.1453,1.7394,6.2295,1.5859,6.8312,2.5559,9.4929,3.6559,7.1539,7.0693,3.3381,6.0695,4.7642,5.2492,14.1347,9.2568,11.6957,11.5934,11.8576,7.5722,8.9720,8.3204,7.9751,8.1478,11.3838
2022-04,4.9846,5.6393,2.7408,7.6142,6.3997,13.9443,4.5555,4.9951,2.8816,3.9719,4.4976,4.5074,2.1585,4.3870,4.4404,4.6842,6.8959,7.2787,5.6098,7.1482,6.5661,5.9719,7.6307,10.5166,11.5952,9.4381,10.3758,7.5850,8.3007,10.5290,7.1462,9.8270,6.5117,4.9636,6.8578,5.9107,3.8412,5.1737,4.5074,4.8419,6.2467,6.2467,4.9685,2.9238,5.5077,3.2764,6.7600,6.9856,6.6605,5.9376,0.2618,5.7389,5.4666,0.1675,0.3562,6.5661,6.2807,5.5292,6.4610,6.9118,7.6386,7.5513,6.5879,7.0046,6.8457,3.4568,4.7322,8.5673,10.5897,6.6345,6.7467,1.9565,7.1027,1.6240,6.8578,2.8021,10.8335,3.9322,8.2006,8.5283,3.4562,6.0702,5.0972,6.5984,12.9204,8.3617,10.6411,10.2028,10.5610,7.2255,8.4790,7.7343,6.6713,7.2028,10.5596
2022-05,4.2124,5.6393,2.3162,7.6142,5.1842,13.1133,6.3453,6.5551,3.1371,4.6191,5.2298,5.2409,2.4030,5.0995,5.1492,4.6842,6.8959,7.2787,5.6098,7.1482,6.5661,5.9719,7.6307,10.5166,11.5952,9.4381,10.3758,7.5850,10.0166,12.6481,8.4469,11.5754,6.5117,6.2570,7.8005,7.0287,4.5925,5.8893,5.2409,5.6877,7.4442,7.4442,5.7511,3.6871,6.9425,3.9714,7.6883,7.9460,7.5308,7.0548,0.3136,6.8474,6.5936,0.1922,0.4349,6.5661,6.2807,5.5292,6.4610,6.9118,7.6386,7.5513,6.5879,7.0046,6.8457,3.4568,4.7322,8.5673,10.2210,7.6483,7.8292,2.1493,8.0132,1.7915,7.8005,3.2415,13.1751,4.4278,10.3470,10.5893,3.8237,6.0732,5.9586,8.7436,12.1491,7.8816,10.0154,10.2028,10.5610,7.2255,8.4790,7.1557,6.0613,6.6085,10.5596
2022-06,2.6415,5.6393,1.4524,7.6142,3.3766,13.1133,6.7184,6.9663,3.5047,5.6462,6.3484,6.3623,2.9177,6.1979,6.2472,4.6842,6.8959,7.2787,5.6098,7.1482,6.5661,5.9719,7.6307,10.5166,11.5952,9.4381,10.3758,7.5850,10.6185,13.6684,8.7608,12.2596,6.4438,6.1461,8.2502,7.1982,5.4173,7.3073,6.3623,5.8764,7.6118,7.6118,5.9345,3.6217,6.8195,3.9271,8.1311,8.4042,7.9419,7.2294,0.3176,7.0141,6.7773,0.2038,0.4315,6.5661,6.2807,5.5292,6.4610,6.9118,7.6386,7.5513,6.5879,7.0046,6.8457,3.4568,4.7322,8.5233,10.1556,6.9645,7.4871,2.1860,8.3956,1.8160,8.2502,3.3445,14.2688,4.5489,10.0875,11.1527,3.9293,6.0751,6.1127,9.3618,11.6972,7.8816,9.7894,10.2028,10.5610,7.2255,8.4790,7.0546,6.0613,6.5580,10.5596
2022-07,3.0854,5.6393,1.6965,7.6142,3.9932,13.1133,6.6251,6.6271,3.4218,5.3997,6.0948,6.1078,2.8233,5.9457,5.9937,4.6842,6.8959,7.2787,5.6098,7.1482,6.5661,5.9719,7.6307,10.5166,11.5952,9.4381,10.3758,7.5850,9.9896,13.0950,8.0023,11.3825,6.2551,5.1766,7.8859,6.5313,5.3461,6.8696,6.1078,5.4109,6.8885,6.8885,5.4919,3.0495,5.7440,3.3826,7.7724,8.0330,7.6012,6.5664,0.2638,6.3583,5.9799,0.1856,0.3420,6.5661,6.2807,5.5292,6.4610,6.9118,7.6386,7.5513,6.5879,6.9697,6.8118,3.4387,4.6833,8.4003,10.5049,5.9691,7.0183,1.9996,7.6625,1.7499,7.8859,3.2466,13.4899,4.2637,8.0326,10.4217,3.7694,6.0742,5.4487,8.3231,12.4972,8.2140,10.3556,10.2028,10.5610,7.2255,8.4790,11.1958,6.1918,8.6938,10.5596
2022-08,2.6558,5.6393,1.4603,7.6142,3.5749,13.1133,6.3705,6.3955,3.3169,5.3997,5.7566,5.7688,2.6669,5.6139,5.6600,4.3712,6.3845,6.7386,5.1908,6.6178,6.3256,5.5573,7.6307,9.8063,10.8256,8.7870,9.6752,7.0824,10.2140,12.9128,8.2428,11.8740,5.8412,5.2734,7.2583,6.2659,5.0925,6.4451,5.7688,5.1305,6.6225,6.6225,5.2977,3.1066,5.8514,3.5923,7.1543,7.3936,7.0032,6.2943,0.2603,6.1112,5.2923,0.1514,0.3692,6.3256,6.0507,5.3262,6.2246,6.7309,7.3033,7.2199,6.2981,6.6463,6.4957,3.2783,4.3992,7.9691,9.7700,7.1325,7.7439,1.9618,7.3220,1.6755,7.2583,3.2466,13.4899,3.9754,8.0991,9.4788,3.6557,6.0733,5.2085,7.3945,11.6629,7.2489,9.4559,10.2028,10.5610,6.6891,7.8208,11.1212,5.5646,8.3429,10.5596
2022-09,2.5727,5.6393,1.4146,7.6142,3.6261,13.1133,5.7285,5.7661,3.2425,5.2375,5.5181,5.5299,2.5173,5.3822,5.4175,4.3019,6.2803,6.6300,5.0782,6.5117,6.2889,5.3440,7.6307,9.6043,10.4216,8.7870,9.4733,6.9413,9.9492,12.7341,7.8459,11.6310,5.7578,4.4441,7.3381,5.8911,4.8438,6.2160,5.5299,4.8979,6.2032,6.2032,4.6027,2.5916,4.9315,2.5699,7.2042,7.4749,6.6354,5.8903,0.1804,5.7544,4.3993,0.1324,0.2284,6.2889,6.0150,5.2798,6.1887,6.7095,7.2417,7.1583,6.2431,6.6110,6.4615,3.2496,4.3499,7.4683,9.2537,5.3271,6.5901,1.9110,7.3726,1.6168,7.3381,3.3373,14.1715,3.8879,6.5211,8.4039,3.5348,6.0730,4.7962,7.1040,10.1104,6.9493,8.5298,10.2028,10.5610,6.5824,7.8208,9.7124,5.3209,7.5167,10.5596
2022-10,2.7142,5.6393,1.4924,7.6142,3.7370,12.9711,5.4206,5.7977,3.1573,4.9876,5.2424,5.2535,2.3972,5.1109,5.1383,4.2935,6.2674,6.6166,5.0694,6.4965,6.2832,5.3176,7.6307,9.5431,10.2993,8.7870,9.4121,6.8985,10.3447,13.3213,9.4643,11.7510,6.3295,4.9270,9.4960,7.2115,4.6750,5.8319,5.2535,6.1028,7.5703,7.5703,6.0137,2.8766,5.4672,3.0357,9.3291,9.6733,8.9918,7.2276,0.2246,6.9688,6.0293,0.1860,0.2632,6.2832,6.0095,5.2753,6.1822,6.7094,7.2231,7.1397,6.2264,6.8546,6.6996,3.3697,4.5594,7.5664,10.8649,5.2886,6.4263,1.9811,7.7589,1.9881,9.4960,3.8057,17.3473,4.8196,6.9445,14.5463,4.1486,6.0735,6.2024,10.7818,10.4984,8.8276,9.6630,10.2028,10.5610,6.5692,7.8208,12.7655,7.1901,9.9778,10.5596
2022-11,2.2735,5.4797,1.2501,7.3987,3.0116,11.6854,5.3700,4.5964,3.0134,4.5580,4.7826,4.7919,2.0730,4.6368,4.6855,4.2412,6.1900,6.5360,5.0164,6.4136,6.2492,5.1593,7.6307,9.4538,10.1207,8.7870,9.3228,6.8361,9.3956,11.5489,7.1454,10.7832,5.8351,5.1127,7.3465,6.2296,4.6820,4.9019,4.7919,4.5460,6.5783,6.5783,5.4623,2.8677,5.6731,3.1238,6.2242,7.4835,7.8007,5.9172,0.1472,6.0238,5.0106,0.1279,0.1664,6.2492,5.9763,5.2480,6.1471,6.6829,7.1728,7.0894,6.1815,6.4319,6.2866,3.1626,4.2195,7.0005,9.7409,4.8024,4.9179,1.9122,7.2378,1.6255,7.3465,2.7790,10.3775,4.2679,6.9451,9.4402,3.3798,6.0716,5.4653,8.7230,10.0611,7.7113,8.8862,8.4865,8.8044,6.4901,7.8208,9.5295,4.5244,7.0270,9.7002
2022-12,2.1912,5.4797,1.2048,7.3987,2.7372,11.6854,5.6569,5.1415,3.0097,4.5492,4.7712,4.7805,2.0650,4.6260,4.6740,4.2412,6.1900,6.5360,5.0164,6.4136,6.2492,5.1593,7.6307,9.4538,10.1207,8.7870,9.3228,6.8361,10.4244,12.4517,7.4676,11.9852,5.4830,5.7569,7.2304,6.4936,4.6591,4.9019,4.7805,4.6759,6.8764,6.8764,5.7112,3.2479,6.3877,3.5354,6.1039,7.3651,7.8869,6.1856,0.1371,6.2640,5.1437,0.1081,0.1662,6.2492,5.9763,5.2480,6.1471,6.6829,7.1728,7.0894,6.1815,6.4319,6.2866,3.1626,4.2195,7.0005,9.0528,5.0011,5.9578,2.0477,7.6650,1.7171,7.2304,2.9081,11.5060,4.0774,7.3090,10.3892,3.3404,6.0718,5.7300,7.7727,9.8573,6.9142,8.3857,8.4865,8.8044,6.4901,7.8208,8.8451,4.5244,6.6848,9.7002
2023-01,3.0632,6.7170,1.6843,9.0693,3.7741,13.1159,7.0210,6.8932,3.7495,6.5983,7.1552,7.1684,3.1543,6.9270,6.9819,6.3128,7.4597,7.8719,6.0544,7.7075,7.4755,6.6189,9.1689,11.0600,12.0924,10.0276,10.9105,7.9909,20.8810,23.4164,8.4242,19.8874,8.7074,9.3179,9.2186,9.2682,7.3646,6.9722,7.1684,6.4598,9.8646,9.8646,7.9974,5.2471,10.3390,5.6980,7.6725,9.3902,10.2968,8.7901,0.2179,8.9808,7.3918,0.1294,0.3064,7.4755,7.1524,6.2679,7.3384,8.1501,8.4820,8.3846,7.1847,7.6633,7.4890,3.7715,5.0242,8.5008,11.9689,8.4969,8.5467,3.9509,14.5615,2.5692,9.2186,2.4582,9.1539,5.0195,15.9414,16.5903,3.9241,19.4331,8.3239,11.5032,13.1415,10.8266,11.9840,16.6985,17.3079,7.8129,9.0069,11.2624,5.4553,8.3588,11.3441
2023-02,3.0653,6.7218,1.6855,9.0758,4.0286,14.0004,5.4948,5.2226,3.4197,5.4347,6.1257,6.1366,2.6910,5.9238,5.9564,5.3739,6.7158,7.0864,5.2671,6.9291,6.8788,5.9898,8.1623,11.2779,11.9920,10.5639,11.1204,7.9639,14.5017,15.9328,5.8791,13.8049,6.1849,6.6298,6.1331,6.3814,6.5212,5.7520,6.1366,4.3991,6.8018,6.8018,4.8874,3.7305,7.3564,3.6727,5.0677,6.2472,6.1020,6.0413,0.1483,6.2028,5.1146,0.0755,0.2211,6.8788,6.5823,5.7101,6.7431,7.5168,8.4367,8.3385,6.9788,7.0338,6.8735,3.4294,4.5184,7.1365,10.5426,5.5251,5.0266,2.8836,9.9032,1.9403,6.1331,1.8976,7.0070,4.0511,9.0304,11.8934,3.2335,9.1333,5.8194,7.8142,11.4033,9.0736,10.2385,13.4476,13.9403,7.0331,8.0763,10.3689,5.3647,7.8668,10.6026
2023-03,3.7705,8.2681,2.0732,11.1637,4.8748,16.9410,4.8303,5.2372,3.3504,5.5004,5.8971,5.9077,2.3996,5.7047,5.7309,5.4347,6.8301,7.2064,5.0270,7.2904,6.9549,6.1550,8.5772,11.7518,12.6459,10.8576,11.5898,7.7934,15.2410,15.6842,5.7457,14.8581,6.7365,7.3399,5.1508,6.2454,6.2095,5.6060,5.9077,4.1993,6.6955,6.6955,4.6383,4.1312,8.1443,3.8628,4.2674,5.2467,5.4138,5.9046,0.1071,6.0218,5.4910,0.0637,0.1505,6.9549,6.6552,5.6013,6.8084,7.5799,8.6868,8.5862,6.6150,7.5021,7.3306,3.2283,4.5858,7.5464,10.6863,6.2774,4.7678,2.6562,8.2688,1.6941,5.1508,1.8764,6.8483,3.9553,8.8445,10.7647,3.1694,4.0394,5.9912,7.5406,12.7979,9.1996,10.9988,14.0937,13.9766,7.1515,8.1480,11.3131,5.6020,8.4575,11.0932
2023-04,3.8722,8.4911,2.1291,11.4648,5.0837,17.6671,4.4691,4.3987,3.2983,5.3380,5.7441,5.7542,2.3420,5.5528,5.5714,5.2809,6.6571,7.0224,4.8920,7.1045,6.8414,6.1152,8.3527,11.6125,12.6886,10.5365,11.4554,7.6958,12.9983,12.9959,5.1419,12.7893,5.5722,6.3066,4.4520,5.3793,6.1810,5.3274,5.7542,3.6005,5.7663,5.7663,4.0715,3.5482,6.9978,3.3801,3.6529,4.5348,4.7628,5.0640,0.0940,5.2073,4.7033,0.0587,0.1293,6.8414,6.5474,5.4976,6.6910,7.2826,8.5876,8.4890,6.5457,7.1161,6.9531,3.0613,4.4520,7.2371,9.9867,5.3027,4.0682,2.2996,6.3840,1.4194,4.4520,1.7479,6.4246,3.5657,6.8269,9.0485,2.7582,3.2886,5.2672,5.8195,11.8914,8.8673,10.3794,13.4138,13.4243,6.9679,7.8206,10.6876,5.4174,8.0525,10.6664
2023-05,3.6043,7.9036,1.9818,10.6715,4.7256,16.4224,4.3932,4.7795,3.2183,5.2938,5.4801,5.4899,2.2121,5.3000,5.3421,5.2408,6.5967,6.9595,4.8517,7.0406,6.8186,5.9916,8.2848,11.5907,12.6449,10.5365,11.4336,7.6806,12.6190,12.9959,5.0590,12.1127,5.3698,6.1807,4.5335,5.3571,5.8210,5.1589,5.4899,3.5925,5.7379,5.7379,4.0489,3.4772,6.8580,3.2488,3.7079,4.6178,4.8491,5.0426,0.0951,5.1831,4.6505,0.0592,0.1310,6.8186,6.5253,5.4797,6.6678,7.2670,8.5807,8.4821,6.5396,7.0841,6.9220,3.0449,4.4104,7.1750,9.8596,5.1151,3.8758,2.4738,7.0711,1.4732,4.5335,1.7632,6.5016,3.5861,6.6695,9.3066,2.7674,3.3307,5.2283,5.9605,11.2570,8.8673,10.0622,13.0502,13.4243,6.9061,7.8206,11.8594,5.9207,8.8900,11.7758
2023-06,4.0363,8.1500,2.2194,11.0041,5.2653,16.5270,4.0511,5.7368,3.0476,4.7575,4.9559,4.9643,1.9421,4.7869,4.8169,5.1885,6.7099,7.0773,4.7959,7.1488,6.7549,6.2271,8.4128,12.0186,13.4535,10.5837,11.8608,7.7039,13.4766,13.8704,5.5557,13.1915,4.9354,6.9266,4.8828,5.9047,5.4782,4.4505,4.9643,3.9018,6.3297,6.3297,4.5311,3.8597,7.6857,3.7602,3.9438,4.9736,5.3020,5.5345,0.0952,5.7025,5.0567,0.0603,0.1301,6.7549,6.4660,5.3253,6.7081,7.3022,8.6414,8.5450,6.5315,6.8162,6.6596,2.8661,4.2190,6.8939,9.2921,6.0529,4.4876,2.7119,9.3724,1.5690,4.8828,1.8236,6.7328,3.8354,7.8116,11.1504,2.9594,3.4559,5.8619,7.2207,10.9163,8.6081,9.7622,12.7327,12.8585,7.0219,7.8166,16.7213,12.9364,14.8289,21.4447
2023-07,3.8721,7.8184,2.1291,10.5564,4.9253,15.4599,4.4714,6.1253,2.9446,4.4463,4.6469,4.6548,1.8161,4.4881,4.4203,4.8984,6.5045,6.8604,4.6491,6.9235,6.5029,6.0575,8.1533,11.7043,13.1509,10.2576,11.5513,7.5006,11.8592,11.4163,4.9336,11.2047,4.3983,5.9369,4.6148,5.2759,5.1573,4.1523,4.6548,3.5174,5.6441,5.6441,4.0411,3.4156,6.5876,3.0681,3.6192,4.7006,5.0140,4.8817,0.0846,5.1240,4.5050,0.0583,0.1110,6.5029,6.2243,5.1444,6.3525,7.0849,8.5031,8.4075,6.3446,7.3793,6.9491,2.9780,4.0868,7.2777,9.3695,4.5746,3.7098,2.3390,7.4545,1.3253,4.6148,1.7897,6.5729,3.5888,6.3550,10.0667,2.7284,3.2883,5.3166,6.0256,10.3236,8.7585,9.5410,12.5695,13.1878,6.8064,7.5554,16.8174,10.2831,13.5502,18.9836
2023-08,3.4361,7.1135,1.8893,9.6047,4.6101,14.9058,4.8367,6.9237,3.1958,4.4463,5.3241,5.3335,1.9747,5.1410,5.0165,4.8984,6.5045,6.8604,4.6491,6.9235,6.5029,6.0575,8.1533,11.6095,12.9613,10.2576,11.4565,7.4344,9.8892,9.7541,4.8132,9.4901,3.7756,5.9288,4.7329,5.3308,5.7162,4.9508,5.3335,3.4809,5.6998,5.6998,4.0910,3.3190,6.5786,3.0662,3.6427,4.8209,5.1157,4.8683,0.0813,5.2321,4.5002,0.0578,0.1049,6.5029,6.2243,5.1444,6.3525,7.0849,8.4730,8.3774,6.3178,7.2450,6.8174,2.9259,4.0868,7.1553,8.7119,4.0865,3.7317,2.0618,6.7580,1.4362,4.7329,1.7986,6.6336,3.6328,6.3607,10.4058,2.7096,3.4299,5.3374,6.4538,8.5791,8.1879,8.3835,11.3714,12.2678,6.8064,7.5554,14.3993,9.0498,11.7246,16.5432
2023-09,3.5715,7.1135,1.9638,9.6047,4.7527,14.9058,4.6267,6.8197,3.1370,4.4463,5.1834,5.1923,1.9335,4.9812,4.9058,4.8884,6.4885,6.8438,4.6385,6.9043,6.4969,6.0248,8.1533,11.6050,12.9523,10.2576,11.4520,7.4320,8.8386,8.7631,4.3596,8.3635,3.5544,4.6317,4.4145,4.5231,5.6891,4.6956,5.1923,3.0335,4.8179,4.8179,3.8035,2.5872,5.1393,2.7258,3.4799,4.4965,4.8811,4.1562,0.0773,4.4685,3.8062,0.0567,0.0979,6.4969,6.2185,5.1397,6.3455,7.0844,8.4706,8.3749,6.3156,7.2396,6.8122,2.9230,4.0789,7.1449,8.7026,3.0934,3.4120,1.6717,5.6601,1.3083,4.4145,1.7357,6.4810,3.3214,4.5168,9.3508,2.5178,3.3140,4.7237,4.8005,8.5178,8.1879,8.3529,11.3714,12.2678,6.7901,7.5554,15.4695,9.4376,12.4536,16.5432
2023-10,4.5884,8.6371,2.5229,11.6618,6.1071,17.3950,6.1425,9.0039,3.4868,5.0274,6.1835,6.1942,1.8543,5.1142,5.8651,6.0581,7.5505,7.9668,4.9279,7.8628,7.4143,6.7682,9.3032,13.5193,14.7636,12.2749,13.3362,7.9983,14.2319,13.1493,4.7231,12.2513,4.1944,4.8182,4.9929,4.9055,6.7425,5.6459,6.1942,3.2569,5.2851,5.2851,4.0044,2.7194,5.4845,2.5609,3.7945,5.0858,5.4479,4.4165,0.0730,4.6567,4.0211,0.0569,0.0892,7.4143,7.0952,5.1820,7.2362,8.0419,9.7783,9.6666,6.7246,8.9669,8.4451,3.5714,4.8392,8.7390,10.3657,3.1372,3.5976,1.6217,5.2738,1.6909,4.9929,1.9093,7.1063,3.7862,3.8596,11.6014,2.9514,3.2187,5.1276,9.4018,10.0512,9.1443,9.5978,15.9123,17.0503,7.9065,9.0449,18.1449,10.3345,14.2397,21.7965
2023-11,4.9969,9.4061,2.7475,12.7002,6.5689,18.7103,7.9309,10.8027,3.8688,5.9232,7.3124,7.3252,2.1893,6.0131,6.9697,7.1347,8.2143,8.6671,5.3664,8.5624,8.0822,7.3706,10.1576,14.5467,15.9282,13.1653,14.3504,8.6026,20.7637,17.2009,5.2575,15.2552,5.0846,6.1740,5.8688,6.0214,7.9251,6.7252,7.3252,3.8762,6.4578,6.4578,4.6773,3.4847,6.8928,3.0809,4.2677,6.0228,6.2736,5.2994,0.0777,5.6170,4.9539,0.0586,0.0969,8.0822,7.7346,5.6909,7.8898,8.7642,10.5242,10.4041,7.2393,11.1402,10.4806,4.7213,5.3465,10.9819,12.7972,3.4232,3.9336,2.0680,6.3701,2.2366,5.8688,2.1716,7.4525,4.5450,4.1117,15.7760,3.5061,3.2425,6.6328,16.3311,11.4619,10.5614,11.0117,22.9093,24.3576,8.6014,9.8323,20.8098,10.9365,15.8731,28.2395
2023-12,5.6009,10.5430,3.0796,14.2352,7.4079,21.1000,11.7490,15.7209,4.3035,6.8937,8.5691,8.5843,2.5292,6.9756,8.2059,8.3651,9.1260,9.6299,5.9762,9.5170,8.9688,8.1189,11.2197,16.1013,17.4195,14.7831,15.8808,9.5374,32.4447,24.7260,6.0345,21.8301,7.1931,9.1779,6.9452,8.0616,9.1737,7.9949,8.5843,4.9231,8.8870,8.8870,6.3705,4.8689,10.7049,4.2057,4.9773,7.0692,8.5353,7.0992,0.0832,6.3973,6.7442,0.0617,0.1047,8.9688,8.5817,6.3074,8.7582,9.7164,11.7065,11.5710,8.0467,14.8549,13.8693,7.0328,6.1173,15.1441,17.2345,4.1218,4.9142,1.6239,7.6332,2.1037,6.9452,2.5969,8.2631,5.9456,4.5410,24.6790,4.4834,3.5856,9.1937,26.5065,13.3432,13.0540,13.1986,36.7744,38.9766,9.5576,10.9962,21.0435,11.3440,16.1938,37.0753
2024-01,5.6402,10.6169,3.1012,14.3350,7.6275,21.7255,8.0570,10.6500,3.8269,5.7089,6.9457,6.8167,1.8691,5.5619,6.6566,6.8816,8.4526,8.9240,5.4158,8.7850,8.4878,7.1368,10.3948,15.1246,16.6313,13.6178,14.9214,8.3714,19.9832,14.7440,3.8320,14.2888,4.5634,5.0711,4.1248,4.5979,7.3571,6.5595,6.9583,2.6957,5.0634,5.0542,3.8821,2.3524,5.9149,2.2776,3.0390,4.2118,5.4865,4.1447,0.0497,3.6872,3.9852,0.0407,0.0586,8.4878,8.1192,5.7800,8.2796,9.2995,10.8068,10.6854,7.0540,13.2322,12.3769,6.0644,5.6864,13.4014,14.9455,2.0786,2.9644,0.8499,4.1224,1.2223,4.1248,1.7223,5.9737,4.1237,1.8623,13.4852,3.2226,1.9684,5.1932,8.3490,9.6743,12.1068,10.8905,30.2442,33.1809,8.8604,10.5840,17.7872,9.9666,13.8769,30.9867
2024-02,8.0974,15.2424,4.4523,20.5804,11.1559,31.7756,10.2460,15.2562,4.6488,8.3624,9.8936,9.5135,2.5419,7.7525,9.2003,9.7630,10.8211,11.4180,6.8670,11.2430,10.6332,9.6828,13.2721,20.3943,23.4838,17.3048,20.1362,11.2850,24.0407,16.7554,4.4473,18.1526,5.5862,5.2733,4.6149,4.9441,10.7029,9.1191,9.9110,2.8538,5.4307,5.4615,4.3472,2.3118,6.1508,2.4432,3.3958,4.7107,6.2513,4.5062,0.0539,4.0396,4.3884,0.0476,0.0602,10.6332,10.1765,7.1377,10.3491,11.4574,14.0935,13.9411,9.1071,16.3111,15.2506,7.4797,7.1922,16.2253,17.3192,2.0802,3.3971,0.8723,4.2275,1.3816,4.6149,2.1124,7.3920,4.6276,1.8524,14.4888,3.5728,2.5777,5.6280,19.7323,11.3122,12.6383,11.9752,34.0442,35.4971,11.3317,12.9807,21.8613,11.8539,16.8576,35.7474
2024-03,9.4418,17.7730,5.1915,23.9972,13.1115,37.3458,9.3023,15.4548,4.7063,8.5280,9.9888,9.4679,2.2711,7.7158,8.9050,9.8345,12.1039,12.7786,7.7442,12.5498,11.5293,10.2401,14.8845,23.0376,25.7377,20.3375,22.7343,12.7245,23.7685,17.2840,4.4219,17.7402,5.5865,5.0615,4.6188,4.8401,10.2271,9.7880,10.0075,2.8282,5.3269,5.3293,4.3216,2.3115,5.9236,2.2961,3.3450,4.7302,6.3471,4.4320,0.0477,3.9197,4.4729,0.0419,0.0536,11.5293,11.0314,7.6321,11.2220,12.0564,15.5808,15.4106,10.0955,18.0211,16.8708,8.2361,7.9767,16.6502,17.1918,2.0729,3.3175,0.8521,4.1193,1.3218,4.6188,2.0595,8.5698,4.4074,1.8496,14.4723,3.4291,2.5907,5.4603,14.8408,9.8380,10.1259,9.9819,29.5789,31.0064,12.6874,15.1347,22.6292,10.4558,16.5425,33.2144
2024-04,8.0366,15.1280,4.4189,20.4259,11.3152,32.2294,8.2863,13.3835,4.4091,7.8533,8.8561,8.4671,2.0392,6.9023,7.9302,9.1298,11.2623,11.8835,7.1424,11.6883,10.8827,10.0733,13.8130,22.2120,25.3813,19.0427,21.9280,12.2775,21.4927,15.2912,3.8538,14.3683,4.9292,5.0790,4.4186,4.7488,9.3323,8.4120,8.8722,2.7569,5.3124,5.3235,4.2092,2.3115,5.9925,2.3016,3.2022,4.6324,6.1169,4.4042,0.0453,3.8880,4.3955,0.0376,0.0530,10.8827,10.4171,7.1664,10.5817,11.5174,15.1534,14.9910,9.8101,16.8853,15.7992,7.7449,7.3483,15.5589,15.6154,2.0717,3.1621,0.8567,4.0478,1.3362,4.4186,1.9934,7.6628,4.3412,1.8391,14.4056,3.3248,1.5140,5.3701,13.4375,8.9215,9.5921,9.2568,26.5179,28.2539,11.7938,13.5142,17.8893,8.4489,13.1691,26.1395
2024-05,8.9464,16.8404,4.9191,22.7381,12.2720,34.9546,8.9614,14.9977,4.3490,7.9012,8.7195,8.3386,1.8902,6.9874,7.7746,9.1440,11.2383,11.8505,6.7195,11.6683,10.8241,10.6950,13.7398,22.6674,27.1537,18.1810,22.3962,12.3735,22.7112,16.3103,3.7969,15.4045,5.2762,5.0880,4.5172,4.8026,9.8263,7.6421,8.7342,2.7997,5.3679,5.3802,4.2997,2.3116,6.0029,2.3001,3.2878,4.7328,6.2992,4.4631,0.0453,3.9514,4.4562,0.0375,0.0530,10.8241,10.3647,6.8499,10.5152,11.4887,15.2346,15.0762,9.8143,16.5897,15.5204,7.4337,7.1916,17.1099,17.2042,2.0723,3.1901,0.8581,4.0477,1.3866,4.5172,2.0015,7.1213,4.4101,1.8443,14.2483,3.2880,1.4932,5.4278,14.9195,9.9377,10.9570,10.4474,30.2800,32.3631,11.7552,12.8154,18.8320,8.0748,13.4534,26.1559
2024-06,8.3148,16.2346,4.5719,21.9200,11.4169,33.8813,8.4905,15.0227,4.2800,7.6832,8.4581,8.1011,1.8538,6.7362,7.5410,8.8739,10.9716,11.5677,6.5851,11.3908,10.6766,10.5716,13.4051,22.2874,26.7390,17.8358,22.0214,12.1940,20.2933,14.1754,3.7864,13.3702,4.7441,5.1062,4.2566,4.6814,9.6276,7.3165,8.4721,2.6893,5.2458,5.2608,4.0432,2.3116,6.0241,2.3030,3.0670,4.4675,5.7835,4.3256,0.0439,3.8149,4.3201,0.0348,0.0529,10.6766,10.2241,6.7735,10.3696,11.3424,15.0967,14.9399,9.7430,16.0919,15.0553,7.0913,6.9442,15.7753,15.0865,2.0724,3.0680,0.8535,3.9616,1.3564,4.2566,1.9329,6.0848,4.2709,1.8306,14.3011,3.1749,1.4931,5.3474,11.9514,9.4510,8.8693,9.1602,26.4219,26.4766,11.4735,12.3755,18.4561,7.8563,13.1562,25.6713
2024-07,8.5606,15.7240,4.7070,21.2306,11.7318,32.7798,8.2734,14.7330,4.1305,7.2040,7.8624,7.5600,1.7638,6.2968,7.0273,8.8739,10.9716,11.5677,6.5851,11.3908,10.6766,10.5716,13.4051,22.2874,26.7390,17.8358,22.0214,12.1940,19.1595,13.3466,3.7494,12.6164,4.4975,5.0695,4.0380,4.5538,8.9899,6.7608,7.8754,2.5952,5.1132,5.1229,3.8338,2.3115,5.9814,2.2822,2.8788,4.2451,5.3853,4.1877,0.0432,3.6830,4.1703,0.0335,0.0528,10.6766,10.2241,6.7735,10.3696,11.3424,15.0967,14.9399,9.7430,15.7891,14.7717,6.9520,6.7101,14.8053,14.2139,2.0744,3.1012,0.8439,3.8970,1.3248,4.0380,1.9222,5.7325,4.1014,1.8190,14.0839,3.1063,1.4928,5.2195,8.2898,8.9083,8.2102,8.5593,25.4490,25.4543,11.4735,12.3755,16.5495,7.1504,11.8500,24.5179
2024-08,7.8117,14.4458,4.2952,19.5048,10.4225,32.7634,8.1745,13.0888,4.1296,7.0369,7.8327,7.5233,1.7577,6.2669,6.9716,8.7419,10.8288,11.4190,6.5061,11.2352,10.6241,10.2793,13.4051,22.2874,26.7390,17.8358,22.0214,12.1940,18.7110,13.0091,3.7212,11.8671,4.3044,5.0260,3.8818,4.4539,8.8600,6.8316,7.8458,2.5364,5.0079,5.0112,3.6866,2.3115,5.9306,2.2575,2.7614,4.0852,5.1156,4.0812,0.0427,3.5802,4.0520,0.0327,0.0528,10.6241,10.1730,6.7387,10.3188,11.3157,15.0967,14.9399,9.7430,15.6059,14.6033,6.8540,6.5168,13.9668,13.8672,2.0712,2.6825,0.8378,3.8600,1.2995,3.8818,1.8286,5.1407,3.9626,1.8120,13.8464,2.9965,1.4924,5.1101,5.2714,8.2042,8.1121,8.1582,24.4674,25.0884,11.3274,12.3755,16.8885,7.2129,12.0507,24.1194
2024-09,8.3884,14.5184,4.6123,19.6028,10.8728,32.3542,8.1433,12.4608,4.0571,6.7504,7.5452,7.2499,1.7149,6.0415,6.7042,8.6999,10.7979,11.3855,6.4908,11.1995,10.5944,10.3261,13.2506,22.0746,26.3134,17.8358,21.8086,12.0619,18.2629,12.8589,3.4615,11.7953,4.2740,5.0083,3.7904,4.3994,8.4285,6.6875,7.5580,2.5037,4.9321,4.9328,3.5984,2.3115,5.9100,2.2784,2.6959,3.9542,4.9184,4.0007,0.0425,3.5121,3.9562,0.0321,0.0528,10.5944,10.1449,6.7172,10.2850,11.2644,15.0322,14.8754,9.6966,16.0394,15.0062,7.0412,6.8310,14.1346,13.8825,2.0718,2.6279,0.8338,3.8520,1.2641,3.7904,1.6833,4.7737,3.8816,1.8092,13.8058,2.9625,1.4923,5.0400,3.1816,8.5550,8.0160,8.2855,24.2177,24.9632,11.2935,12.2608,19.9149,7.2288,13.5718,25.4447
2024-10,9.3109,15.2412,5.1196,20.5787,12.7404,37.3458,7.5676,10.4194,4.0304,6.6876,7.4110,7.1132,1.6930,5.9329,6.5876,8.6002,10.8553,11.4477,6.4799,11.2376,10.5764,10.2430,13.3509,24.3327,28.9439,19.7215,24.0386,13.3179,17.0074,12.5891,3.2144,11.3090,3.8384,4.7698,3.5953,4.1826,8.1344,6.7132,7.4238,2.4419,4.6610,4.6350,3.3379,2.3111,5.6279,2.1707,2.5727,3.6940,4.5051,3.7537,0.0418,3.3152,3.5678,0.0311,0.0524,10.5764,10.1267,6.6406,10.2533,11.1339,15.6374,15.4735,10.1192,15.3154,14.3302,6.7782,6.3872,12.6351,12.1859,2.0642,2.5420,0.8184,3.8265,1.1449,3.5953,1.4762,4.4289,3.5182,1.8062,13.3129,2.6798,1.4918,4.7473,-3.5176,7.8985,7.0756,7.4870,20.8262,21.6473,11.3564,12.4697,22.4573,7.7975,15.1274,27.9679
2024-11,12.7702,20.9038,7.0217,28.2244,17.3618,50.8926,9.4812,20.0733,5.2481,10.6722,11.3502,10.7283,2.2561,9.1384,9.8393,13.3976,14.8873,15.6997,8.8696,15.4117,13.6281,14.0473,18.3099,33.1551,39.4392,26.8709,32.7543,18.1473,20.0772,13.4044,3.9164,12.8432,4.7136,5.4012,4.0149,4.7081,12.7223,10.0162,11.3693,2.5872,5.3709,5.2697,3.9621,2.3121,6.5138,2.4755,2.8623,4.2279,5.4487,4.4369,0.0424,3.6916,4.0635,0.0321,0.0527,13.6281,13.0467,8.7867,13.2298,13.3912,20.3755,20.1542,13.3222,24.8058,22.9723,9.7875,8.7591,21.8290,17.7887,2.0746,2.8746,0.8527,3.8793,1.4567,4.0149,2.1960,5.5889,4.4095,1.8081,14.6251,3.8165,1.4939,5.3004,-3.5176,10.3829,8.7278,9.5553,28.1905,27.8812,15.5746,17.1018,41.9266,14.0740,28.0003,50.5633
2024-12,12.3951,20.2897,6.8154,27.3953,18.0833,53.0074,8.5935,17.8196,4.7577,9.1057,9.5459,8.9844,1.9918,7.6719,7.9994,11.5180,13.7017,14.4563,8.0723,14.1446,12.8298,12.3636,16.8892,28.0125,34.2745,21.7504,27.6881,15.2373,19.3767,13.1695,3.7021,12.4849,4.4771,5.2719,3.8856,4.5788,10.4896,8.6354,9.5625,2.5422,5.1987,5.1120,3.8215,2.3119,6.3340,2.4229,2.7725,4.0634,5.2201,4.2606,0.0422,3.5805,3.9065,0.0318,0.0526,12.8298,12.2811,8.1901,12.4516,12.8284,17.6704,17.4860,11.5117,24.6582,22.7840,9.3659,7.9492,20.4574,16.2919,2.0721,2.8451,0.8489,3.8693,1.3532,3.8856,2.1619,5.4291,4.1584,1.8075,14.3641,3.3614,1.4934,5.1846,-3.5176,9.5542,8.4057,8.9800,26.2983,26.6570,14.3461,16.3285,25.5417,6.8667,16.2042,24.0020
2025-01,13.5678,22.2094,7.4602,29.9873,20.3328,59.6013,7.0602,11.6180,4.4559,8.7730,8.3127,7.7973,1.7452,6.6773,7.1171,11.1006,13.3077,14.0421,7.8574,13.7383,12.6288,11.8833,16.4108,26.8058,32.7981,20.8135,26.4953,14.5809,15.3641,10.8708,3.1624,10.0568,3.5897,3.4968,3.3145,3.4056,8.6811,7.9748,8.3280,1.9044,3.8469,3.7727,3.0223,1.5425,4.2246,1.4746,2.2664,3.4692,4.5699,3.1997,0.0287,2.7303,2.8250,0.0246,0.0328,12.6288,12.0876,8.0701,12.2578,12.6740,17.2642,17.0840,11.2471,25.3896,22.4164,8.8137,7.1018,18.7175,14.7234,1.3994,2.4322,0.5899,2.8937,0.9888,3.3145,1.7515,4.8228,3.6458,1.1037,10.4209,2.8693,1.1643,3.6608,-3.5176,8.0738,7.2448,7.6593,22.4479,22.9755,13.9362,15.9890,23.0504,6.7766,14.9135,23.0679
2025-02,11.1730,19.8312,6.1434,26.7762,16.1669,50.2713,7.6283,13.1420,4.6286,8.9024,8.8936,8.3151,1.8376,7.1395,7.5875,11.1006,13.3077,14.0421,7.8574,13.7383,12.6288,11.8833,16.4108,26.8058,32.7981,20.8135,26.4953,14.5809,14.5047,10.2944,3.2964,9.4806,3.5696,4.1563,3.3742,3.7653,8.7485,9.0733,8.9109,2.0791,4.2883,4.1835,3.1440,1.8463,5.0427,1.7127,2.3119,3.5340,4.5753,3.5382,0.0313,2.9963,3.1853,0.0247,0.0378,12.6288,12.0876,8.0701,12.2578,12.6740,17.2642,17.0840,11.2471,25.3896,22.4164,8.8137,7.1018,18.7175,14.7234,1.7684,1.9347,0.7322,2.9512,1.1986,3.3742,1.9288,4.9709,3.8571,1.1571,11.5934,3.0636,1.3886,4.1132,-3.5176,8.0738,7.2448,7.6593,22.4479,22.9755,13.9362,15.9890,22.7819,5.9628,14.3723,21.5592
2025-03,10.9346,19.8312,6.0123,26.7762,15.9994,45.8489,7.5679,12.9607,4.4716,7.9358,8.3936,7.8121,1.6924,6.7318,7.1544,11.1006,13.3077,14.0421,7.8574,13.7383,12.6288,11.8833,16.4108,26.8058,32.7981,20.8135,26.4953,14.5809,13.9704,10.1202,3.2961,9.3195,3.4014,4.1412,3.2360,3.6886,7.5575,9.2650,8.4112,2.0220,4.1984,4.1044,3.0526,1.7985,5.0061,1.6902,2.2456,3.3906,4.4149,3.4249,0.0301,2.9237,3.1416,0.0239,0.0363,12.6288,12.0876,8.0701,12.2578,12.6740,17.2642,17.0840,11.2471,25.2595,22.2980,8.7233,7.0222,18.0661,14.4093,1.6592,1.6765,0.7170,2.6833,1.2080,3.2360,1.9493,4.8649,3.8112,1.1118,11.3081,3.0415,1.2702,4.0561,-3.5176,7.1910,7.1080,7.1495,22.4479,22.9755,13.9362,15.9890,19.4968,5.6865,12.5916,21.5592
2025-04,12.4740,19.9660,6.8588,26.9581,17.6669,45.6336,7.4793,12.7080,4.4055,7.5919,8.1538,7.5937,1.5667,6.5402,6.9529,11.2838,13.4872,14.2284,7.7233,13.9153,12.6900,12.2980,16.3596,27.2168,33.6200,20.8135,26.9063,14.8085,13.3236,9.6638,3.4017,9.1438,3.8632,4.5184,3.5865,4.0524,7.4374,8.9041,8.1708,2.2506,4.6649,4.5081,3.3548,2.0052,5.5726,1.8329,2.4960,3.7573,4.8768,3.8076,0.0321,3.2476,3.4385,0.0254,0.0387,12.6900,12.1475,7.9994,12.3092,12.7012,17.3596,17.1795,11.3111,25.3668,22.3708,8.7603,7.0882,18.3521,14.2142,1.8574,1.8095,0.7623,2.9242,1.2819,3.5865,1.8795,4.7428,4.1044,1.2086,11.5036,3.2781,0.8759,4.4408,-3.5176,7.2017,6.8383,7.0200,22.1292,23.1534,14.1188,15.9395,19.4851,5.3527,12.4189,20.5736
2025-05,13.8543,22.1751,7.6177,29.9410,19.2098,47.8264,7.7609,12.8916,4.7688,8.5797,9.2234,8.5818,1.6883,7.4647,7.9216,13.2642,14.6925,15.4977,8.4333,15.1428,13.8141,13.5780,17.5900,30.7205,39.4545,21.9866,30.3926,14.6389,13.9020,9.8448,2.8452,9.7060,3.7094,4.4171,3.3653,3.8912,8.2471,10.2387,9.2429,2.1259,4.4237,4.3333,3.4967,1.9136,5.3215,1.7958,2.3382,3.5260,5.1976,3.6060,0.0295,3.0828,3.3086,0.0220,0.0369,13.8141,13.2247,8.5579,13.3818,13.7415,19.0424,18.8499,11.7680,26.2901,23.1872,9.2687,7.6069,18.7068,14.5793,1.8822,1.9375,0.8199,3.1013,1.2533,3.3653,1.4146,3.5211,4.0060,1.1236,11.9507,3.2419,0.8224,4.2817,-3.5176,7.6768,6.6746,7.1757,21.4526,22.2715,15.3767,17.1754,19.4558,5.6029,12.5294,21.1172
2025-06,14.1926,22.7167,7.8038,30.6723,18.9276,47.1238,6.9936,12.2543,4.5914,8.2471,8.7450,8.1287,1.6004,7.1499,7.4593,12.7289,13.9840,14.7479,8.1384,14.4079,13.5147,13.1331,16.7054,29.5743,38.0446,21.1039,29.2595,14.2142,13.1936,9.2106,2.6503,9.2305,3.4840,4.0237,3.2172,3.6204,7.6632,9.8644,8.7638,1.9047,3.8852,4.0260,3.3325,1.5770,4.3993,1.6336,2.2325,3.3711,5.0314,3.1895,0.0273,2.7540,3.0554,0.0212,0.0334,13.5147,12.9380,8.4222,13.0900,13.5641,18.4374,18.2529,11.4018,25.5415,22.5208,9.1388,7.2092,18.2210,13.8622,1.5690,1.9090,0.6307,2.9635,1.0620,3.2172,1.3369,3.3919,3.7462,1.0894,11.0020,2.9088,0.7903,3.9303,-3.5176,7.1673,6.1099,6.6386,19.8131,20.3350,14.6309,16.1287,19.1930,4.8312,12.0121,19.2217
2025-07,15.3341,24.5438,8.4314,33.1392,20.9585,52.1799,8.1208,13.0108,4.9834,9.5589,9.8453,9.1589,1.7996,8.0329,8.4664,14.9619,15.1742,15.9978,9.1158,16.3590,14.7103,14.6956,17.9576,35.4753,47.6214,23.3292,35.1274,16.8399,14.0707,9.9243,2.7413,9.9022,3.7693,4.2416,3.3298,3.7857,8.7669,10.9656,9.8662,1.9746,4.0783,4.2122,3.3182,1.6735,4.6677,1.7031,2.2758,3.4890,4.9333,3.3432,0.0274,2.8827,3.1860,0.0210,0.0338,14.7103,14.0867,9.1772,14.2262,14.4376,21.0098,20.8113,13.1041,28.3104,24.8678,9.9337,7.4506,20.2618,15.0388,1.7276,1.9975,0.7378,3.4318,1.0869,3.3298,1.3369,3.4632,3.8927,1.1018,11.3112,2.9744,0.7946,4.1269,-3.5176,7.1596,6.7939,6.9768,20.5714,21.9898,15.8668,17.0380,21.1208,5.0701,13.0954,20.7996
2025-08,14.3383,22.9547,7.8839,30.9936,19.5693,49.2016,7.0807,11.8602,5.0354,9.5176,10.1314,9.3917,1.8224,8.2553,8.5529,14.9291,15.5620,16.4196,9.7998,16.5016,15.0313,13.9925,18.5291,37.9677,49.8306,26.1049,37.5784,18.4905,13.3362,9.7465,2.6171,9.4060,3.5354,3.8759,3.2201,3.5480,8.3598,11.9485,10.1541,1.8788,3.8082,3.9481,3.0645,1.5131,4.2283,1.4887,2.2444,3.3881,4.6403,3.1321,0.0243,2.7145,2.9171,0.0195,0.0292,15.0313,14.3860,9.4292,14.4851,13.9350,21.3863,21.1773,13.4626,28.1448,24.7831,9.6457,7.5367,19.5473,15.5223,1.4749,1.9985,0.6191,3.2326,0.9415,3.2201,1.2594,3.4522,3.7441,1.0894,10.3376,2.5631,0.8103,3.7744,-3.5176,7.1065,7.2801,7.1933,21.3264,23.6311,16.2949,18.5973,20.6330,5.6421,13.1375,21.9483
2025-09,15.1069,21.9452,8.3065,29.6305,21.1442,51.7107,6.2639,11.3532,4.8261,9.0762,9.5617,8.8619,1.7093,7.7992,8.1273,14.5454,15.1715,16.0049,9.5002,16.0946,14.7910,13.8608,18.0347,37.6691,49.9603,25.3779,37.2906,18.3698,12.8133,9.0783,2.5992,8.8861,3.6881,3.9983,3.2564,3.6274,7.8606,11.3059,9.5832,1.9023,3.7633,3.9012,2.8800,1.5668,4.3753,1.5228,2.2379,3.1513,4.2372,3.0673,0.0233,2.7767,3.0128,0.0181,0.0285,14.7910,14.1573,9.2650,14.2432,13.9116,21.1568,20.9512,13.2977,27.4122,24.1041,9.3928,7.3514,19.5218,14.8203,1.5017,1.9268,0.6332,2.9418,0.9919,3.2564,1.3001,3.4884,3.7803,1.0868,9.7105,2.5721,0.8179,3.7900,-3.5176,7.7299,6.6726,7.2013,21.1142,21.5618,15.8814,17.9019,20.3657,5.4671,12.9164,21.6335
2025-10,14.5187,21.1453,7.9831,28.5506,21.3321,52.1702,5.8189,11.0361,4.3420,8.5723,8.2580,7.6513,1.4988,7.0071,6.8532,13.8054,14.6885,15.4948,9.2003,15.5738,14.4713,13.4605,17.4020,37.3062,49.8944,24.7180,36.9375,18.2594,12.2243,8.5116,2.5121,8.4747,3.4037,3.9373,3.1480,3.5427,6.5947,9.8030,8.1989,1.8515,3.6581,3.7970,2.6469,1.5400,4.3021,1.4603,2.1629,3.0142,3.8335,2.9950,0.0226,2.7132,2.9904,0.0178,0.0273,14.4713,13.8501,9.0848,13.9338,13.7265,20.9630,20.7606,13.0523,26.8938,23.6404,9.1868,7.1065,18.6679,13.9242,1.4989,2.0720,0.6164,3.3246,0.9184,3.1480,1.2479,3.3259,3.6983,1.0572,9.4169,2.5147,0.8050,3.6859,-3.5176,7.4078,6.2213,6.8146,20.0637,20.3299,15.3749,17.2893,20.3742,5.2878,12.8310,21.3885
2025-11,11.9691,21.1453,6.5812,28.5506,17.6271,50.3386,6.3576,11.8329,4.4054,8.9668,8.4269,7.8305,1.4642,7.1465,6.9733,13.8054,14.6885,15.4948,9.2003,15.5738,14.4713,13.4605,17.4020,37.3062,49.8944,24.7180,36.9375,18.2594,12.7781,8.6831,2.6384,8.9935,3.3470,4.0452,3.4464,3.7458,7.0652,9.5517,8.3084,1.9342,3.7962,3.9333,2.8274,1.5874,4.4317,1.4978,2.2810,3.1606,4.1569,3.1020,0.0225,2.8896,3.1159,0.0177,0.0273,14.4713,13.8501,9.0848,13.9338,13.7265,20.9630,20.7606,13.0523,26.8938,23.6404,9.1868,7.1065,18.6679,13.5106,1.5690,2.0770,0.6303,3.3434,0.9328,3.4464,1.2471,3.3632,3.8242,1.1002,9.7949,2.5446,0.8307,3.8257,-3.5176,6.9850,5.9789,6.4819,20.0637,20.3299,15.3749,17.2893,19.4325,5.2878,12.3602,21.3885
2025-12,11.6099,21.1453,6.3837,28.5506,16.6302,50.3386,6.4405,11.5821,4.3072,8.5849,8.0980,7.5327,1.4154,6.8845,6.6886,13.8054,14.6885,15.4948,9.2003,15.5738,14.4713,13.4605,17.4020,37.3062,49.8944,24.7180,36.9375,18.2594,12.7059,8.6682,2.6319,9.0250,3.3365,3.9734,3.4605,3.7170,6.9609,9.0224,7.9916,1.9411,3.7742,3.9125,2.8650,1.5559,4.3454,1.4651,2.3264,3.2030,4.2650,3.0960,0.0226,2.8739,3.0767,0.0179,0.0272,14.4713,13.8501,9.0848,13.9338,13.7265,20.9630,20.7606,13.0523,26.8938,23.6404,9.1868,7.1065,18.6679,13.4635,1.5015,2.0166,0.6290,3.4178,0.9258,3.4605,1.2354,3.3365,3.8340,1.1116,9.8461,2.4853,0.8284,3.7869,-3.5176,6.8358,5.9789,6.4073,20.0637,20.3299,15.3749,17.2893,18.6802,5.0881,11.8841,21.3885
2026-01,10.4301,21.1453,5.7349,28.5506,15.2731,50.3386,7.0001,11.6833,4.4967,9.8869,8.8115,8.2087,1.5024,7.4873,7.2407,13.0039,14.1970,14.9752,8.6301,15.0439,14.0824,13.1102,17.4020,35.9670,48.1120,23.8219,35.6117,17.6037,14.4914,9.8486,2.6997,10.6726,2.8312,3.9615,3.2058,3.5837,7.8141,9.5677,8.6909,1.8765,3.6316,3.7754,2.6709,1.5458,4.3200,1.4532,2.2071,2.9432,3.8885,2.9746,0.0186,2.7536,2.9812,0.0159,0.0214,14.0824,13.4771,8.7229,13.5487,13.4399,20.3263,20.1276,12.6561,26.0755,22.9196,8.7923,6.7876,18.5444,13.1045,1.7560,2.0445,0.6494,2.9960,0.9124,3.2058,1.3370,3.5580,3.6995,1.0271,10.5523,2.4521,1.0655,3.6885,-2.3971,6.5774,5.8056,6.1915,20.0637,20.3299,14.8584,16.6066,18.0169,4.7781,11.3975,21.3885
2026-02,8.8713,21.1453,4.8778,28.5506,12.6773,50.3386,8.2940,11.5484,5.0080,11.9070,10.6940,9.9530,1.8137,9.0896,8.7954,13.0039,14.1970,14.9752,8.6301,15.0439,14.0824,13.1102,17.4020,35.9670,48.1120,23.8219,35.6117,17.6037,15.7576,11.3587,2.3928,10.9630,2.3581,3.3897,2.8857,3.1377,9.3000,11.8027,10.5513,1.6246,3.1708,3.2947,2.6296,1.3219,3.6947,1.3951,1.9273,2.6470,3.8641,2.6064,0.0169,2.4248,2.6438,0.0141,0.0197,14.0824,13.4771,8.7229,13.5487,13.4399,20.3263,20.1276,12.6561,26.0755,22.9196,8.7923,6.7876,18.5444,13.1045,1.2165,1.5171,0.5750,2.8622,0.8044,2.8857,1.2844,3.4576,3.4867,0.9116,10.2521,2.3547,1.4837,3.2909,-2.3971,6.5774,5.8056,6.1915,20.0637,20.3299,14.8584,16.6066,18.0169,4.7781,11.3975,21.3885
2026-03,9.0450,21.1453,4.9733,28.5506,13.4109,50.3386,7.5667,10.1410,4.8504,11.3113,10.1224,9.4309,1.7240,8.6013,8.3136,13.0039,14.1970,14.9752,8.6301,15.0439,14.0824,13.1102,17.4020,35.9670,48.1120,23.8219,35.6117,17.6037,15.3966,11.0530,2.2397,10.6419,2.2402,3.0911,2.6131,2.8521,8.9927,10.9746,9.9836,1.4891,2.8813,2.9948,2.4133,1.2050,3.3680,1.2160,1.7732,2.3946,3.6107,2.3682,0.0155,2.2067,2.4111,0.0130,0.0180,14.0824,13.4771,8.7229,13.5487,13.4399,20.3263,20.1276,12.6561,25.7520,22.6403,8.6677,6.5701,17.0060,12.1339,1.0901,1.3804,0.4723,2.2992,0.7251,2.6131,1.1911,3.1783,3.3060,0.7887,9.1243,2.1667,1.1917,2.8666,-2.3971,5.3508,5.6354,5.4931,20.0637,20.3299,14.8584,16.6066,19.7305,4.9172,12.3238,21.3885
2026-04,10.1129,20.0492,5.5605,27.0706,14.7789,49.4057,7.3064,9.5129,4.7888,11.1815,9.9030,9.2360,1.6935,8.4121,8.1121,12.6886,13.9980,14.7615,8.3451,14.7841,13.8417,13.2400,17.1634,35.9709,48.6889,23.2529,35.6241,17.6828,13.5616,9.8629,2.0330,9.5954,2.1196,2.8278,2.3003,2.5640,8.9818,10.5454,9.7636,1.3502,2.5926,2.6969,2.1540,1.1019,3.0801,1.1070,1.5986,2.1051,3.2011,2.1268,0.0131,1.9719,2.1413,0.0108,0.0154,13.8417,13.2487,8.5535,13.2974,13.3286,20.1763,19.9820,12.5624,25.2570,22.2026,8.5062,6.4304,16.6774,11.5772,1.0076,1.3652,0.4419,2.2217,0.6378,2.3003,1.1029,3.0144,3.0851,0.6773,7.9613,1.9443,0.9553,2.5787,-2.3971,5.3490,5.8745,5.6118,19.2088,19.4637,14.6435,16.0470,19.5717,5.0730,12.3223,21.0134
2026-05,9.7589,19.3281,5.3659,26.0970,14.0822,47.0768,7.2735,14.5879,4.8417,10.9776,10.1323,9.4720,1.7530,8.6005,8.2728,12.7092,13.8536,14.6071,8.1457,14.6604,13.7877,13.2776,16.7236,35.9972,48.9665,23.0280,35.6538,17.6987,19.0171,14.4723,3.1504,14.4976,2.6560,4.2935,3.1728,3.7331,9.6182,10.3442,9.9812,1.9573,3.7029,3.9531,3.2440,1.6078,4.4932,1.7017,2.3068,2.9127,4.7864,3.1694,0.0152,2.9080,3.1273,0.0130,0.0174,13.7877,13.1987,8.5033,13.2269,13.2509,20.2357,20.0429,12.5992,24.5754,21.5992,8.0002,6.4311,16.8683,12.2657,1.5426,2.0934,0.6502,3.1625,0.9349,3.1728,1.6187,5.0277,4.0894,1.0762,12.7667,2.5728,1.4550,3.6875,-2.3971,5.6575,6.3240,5.9908,18.9013,18.7508,14.4888,15.7000,26.6786,5.9779,16.3283,28.3263
2026-06,7.7654,18.7151,4.2698,25.2692,11.5948,45.1853,9.3846,13.8915,5.3754,12.8143,12.1000,11.2729,2.0404,10.2808,9.8805,12.7092,13.8536,14.6071,8.1457,14.6604,13.7877,13.2776,16.7236,35.9972,48.9665,23.0280,35.6538,17.6987,16.7316,12.9390,2.4645,13.0317,2.1471,4.1802,2.5399,3.3600,10.7403,13.1284,11.9343,1.6936,3.3546,3.5943,2.5270,1.5681,4.3822,1.5414,1.8191,2.3269,3.5125,2.7988,0.0144,2.5293,2.8221,0.0114,0.0174,13.7877,13.1987,8.5033,13.2269,13.2509,20.2357,20.0429,12.5992,23.7269,20.8533,7.7512,6.0914,16.0868,11.4951,1.1534,1.4264,0.6021,2.5306,0.9381,2.5399,1.5811,3.3780,3.6390,0.8388,12.1406,2.4625,2.1352,3.3830,-2.3971,4.8311,5.5604,5.1957,18.3523,18.6596,14.4888,15.7000,19.6155,4.8539,12.2347,20.4915
2026-07,8.3301,18.7151,4.5803,25.2692,11.7338,45.1853,8.8621,13.2458,5.0751,11.8285,11.0002,10.2722,1.8673,9.3399,9.0070,12.4587,13.5677,14.3095,8.0452,14.4704,13.6825,12.6928,16.7236,35.5685,48.1091,23.0280,35.2251,17.4986,16.0169,11.9090,2.1394,12.5342,2.0386,3.2153,2.4909,2.8531,10.2261,11.4548,10.8405,1.4859,2.8474,3.0106,2.3288,1.2211,3.4132,1.1750,1.7506,2.2816,3.4826,2.3894,0.0138,2.2272,2.3794,0.0114,0.0161,13.6825,13.0963,8.4535,13.1692,13.1809,20.1380,19.9453,12.5385,23.4621,20.6246,7.6527,5.9625,15.6731,11.2313,1.0014,1.1783,0.5386,2.3639,0.9244,2.4909,1.5617,3.1209,3.3991,0.7696,11.2602,2.3755,1.5910,2.8381,-2.3971,4.4042,5.4839,4.9441,18.3523,18.6596,14.1964,15.7000,17.8156,4.8539,11.3348,20.4915
2026-08,10.4089,21.1897,5.7233,28.6104,14.0639,45.4992,14.2582,21.5871,6.1340,13.8351,14.9877,13.9856,2.4741,12.7304,12.2647,18.6009,16.6162,17.5255,9.4926,17.6580,16.5612,15.4642,18.6420,42.7149,58.7892,26.6407,42.0681,19.5821,21.4947,15.7743,2.3607,16.3694,2.5922,4.9879,3.1323,4.0601,13.7353,15.8127,14.7740,2.0338,4.1322,4.3382,3.1599,1.8189,5.3892,1.5570,2.2487,2.8752,4.7629,3.4132,0.0154,3.0991,3.5402,0.0130,0.0179,16.5612,15.8520,9.9108,15.9066,15.7489,23.6649,22.5522,14.0795,28.9424,25.4309,9.1643,7.4196,18.7653,12.8188,1.1841,1.4058,0.6426,2.8172,1.4843,3.1323,1.4417,2.8301,4.4800,1.0597,18.2891,2.8531,2.4069,4.2081,-2.3971,5.1340,5.2300,5.1820,20.9970,21.2913,17.3878,19.3113,19.9836,5.7425,12.8630,22.6944
2026-09,11.0768,22.5494,6.0905,30.4463,14.7698,47.7829,18.0566,27.6167,6.1424,13.0118,14.9453,13.8904,2.4208,12.7146,12.2459,18.1709,17.2238,18.1780,10.0122,18.1536,17.1331,15.0679,17.8202,40.0743,54.5683,25.5802,39.4407,18.3491,26.4574,21.1703,3.6715,21.6906,3.0448,7.8851,3.5985,5.7418,12.6246,16.8819,14.7533,2.7622,5.9326,6.2389,4.7020,2.7536,8.5585,2.9975,2.7709,3.3067,6.4065,4.5676,0.0172,4.2193,5.3420,0.0146,0.0198,17.1331,16.3902,10.3714,16.4487,16.0805,22.3424,21.2898,13.2724,31.6480,27.2862,9.8750,7.8308,24.0330,15.2736,1.4792,1.5306,1.0194,3.1386,2.0146,3.5985,2.8528,5.9421,5.5603,1.6188,26.3966,4.1464,3.7335,6.2905,-2.3971,6.4901,5.4151,5.9526,24.6011,25.0350,18.0438,21.0197,18.4346,5.9654,12.2000,23.5057