sym,dir,sys,entryT,exitT,units,entry,exit,reason,N,gross,fees,funding,net,R,open
BTC,1,S1,2018-02-20 00,2018-03-08 02,2,12767800,10817200,exit,1645990,-0.00719589,0.0000364571,0,-0.00723235,-1.44647,
ETH,1,FS,2018-05-03 16,2018-05-07 08,4,839739,815631,stop,51938.7,-0.0123968,0.000163236,0,-0.0125601,-2.51201,
ETH,1,S2,2018-05-03 16,2018-05-07 08,4,839739,815631,stop,51938.7,-0.0123968,0.000163236,0,-0.0125601,-2.51201,
BTC,1,FS,2018-05-04 06,2018-05-11 00,1,10889900,9730260,exit,597052,-0.0048556,0.0000431707,0,-0.00489877,-0.979755,
BTC,1,S2,2018-05-04 06,2018-05-11 06,1,10889900,9686080,stop,597052,-0.0050406,0.0000430782,0,-0.00508368,-1.01674,
ETH,1,S1,2018-07-17 18,2018-07-31 09,2,548748,501598,exit,32860.6,-0.00846728,0.0000805556,0,-0.00854784,-1.70957,
BTC,1,FS,2018-07-19 22,2018-08-03 00,4,8498490,8539450,exit,278609,-0.00650013,0.000309753,0,-0.00680988,-1.36198,
BTC,1,S2,2018-07-19 22,2018-08-03 04,4,8498490,8377160,stop,278609,-0.0123253,0.00030684,0,-0.0126321,-2.52643,
BTC,1,S1,2018-10-15 06,2018-10-15 07,4,7596590,7526450,stop,171861,-0.012257,0.000444066,0,-0.012701,-2.5402,
BTC,1,FS,2019-03-21 00,2019-04-29 13,4,4558550,5985010,exit,102258,0.11746,0.000464807,0,0.116996,26.1589,
BTC,1,S2,2019-03-21 00,2019-07-16 17,4,4558550,11838200,exit,102258,0.661092,0.000757028,0,0.660335,140.579,
ETH,1,FS,2019-04-02 22,2019-04-25 22,1,180030,184565,exit,5631.85,0.00102956,0.0000413826,0,0.00098818,0.386472,
ETH,1,S2,2019-04-02 22,2019-04-26 00,1,180030,179570,exit,5631.85,-0.000109574,0.0000428666,0,-0.000152441,-0.0567665,
BTC,1,FS,2019-05-03 08,2019-06-04 21,4,6572570,9376610,exit,190860,0.124235,0.000377336,0,0.123857,27.6931,
ETH,1,S1,2019-05-06 16,2019-05-08 00,2,204905,192562,stop,8239.45,-0.00787478,0.000108463,0,-0.00798324,-1.78496,
ETH,1,FS,2019-05-11 08,2019-05-30 20,4,213914,321594,stop,8239.45,0.0522473,0.00026781,0,0.0519795,13.8046,
ETH,1,S2,2019-05-11 08,2019-07-11 04,1,213914,322777,exit,8239.45,0.0217658,0.0000536523,0,0.0217122,6.58993,
BTC,1,FS,2019-06-16 05,2019-07-14 10,4,10825800,13086900,exit,457569,0.0371642,0.000237253,0,0.036927,8.25645,
ETH,1,FS,2019-06-21 18,2019-07-02 04,4,346646,343107,exit,16768,-0.00888581,0.000187475,0,-0.00907328,-2.02868,
BTC,1,S1,2019-08-05 01,2019-08-14 08,3,13401400,12643100,stop,773607,-0.010051,0.000114667,0,-0.0101657,-2.27292,
BTC,1,S1,2019-10-26 00,2019-11-08 09,4,10453400,10477500,exit,394324,-0.00652988,0.000240941,0,-0.00677082,-1.51388,
BTC,1,FS,2020-01-14 14,2020-02-17 13,4,9745740,11244700,exit,336122,0.0508109,0.000472398,0,0.0503385,6.76588,
BTC,1,S2,2020-01-14 14,2020-02-26 14,4,9745740,10894100,exit,336122,0.0546206,0.000719194,0,0.0539014,4.68049,
ETH,1,FS,2020-01-17 05,2020-01-19 12,3,193193,186259,stop,7145.33,-0.0167201,0.000299271,0,-0.0170193,-2.28753,
ETH,1,S2,2020-01-17 05,2020-01-19 12,3,193193,186259,stop,7145.33,-0.0258804,0.000463232,0,-0.0263436,-2.28753,
ETH,1,FS,2020-01-30 19,2020-02-19 21,3,205756,315601,stop,8769.43,0.0836702,0.000359802,0,0.0833104,11.1976,
ETH,1,S2,2020-01-30 19,2020-03-08 16,2,205756,253796,exit,8769.43,0.0600706,0.000303255,0,0.0597674,5.18985,
BTC,1,S1,2020-04-23 14,2020-05-10 00,4,8965960,10268700,exit,450880,0.0313714,0.000323206,0,0.0310482,4.17312,
BTC,1,S2,2020-04-30 03,2020-04-30 09,3,10991000,10596900,stop,406061,-0.0258804,0.000463745,0,-0.0263442,-2.28757,
BTC,1,S2,2020-05-06 23,2020-05-10 00,4,11446400,11240300,stop,461346,-0.0284535,0.000575389,0,-0.0290289,-2.52071,
ETH,1,FS,2020-05-30 04,2020-06-11 16,4,274574,274725,exit,13004.5,-0.0114778,0.000320087,0,-0.0117979,-1.58573,
ETH,1,S2,2020-05-30 04,2020-06-15 05,4,274574,268667,stop,13004.5,-0.028496,0.000490087,0,-0.0289861,-2.51699,
BTC,1,FS,2020-06-01 23,2020-06-11 16,1,12175200,11289700,exit,480352,-0.00685736,0.0000908603,0,-0.00694822,-0.933895,
BTC,1,S2,2020-06-01 23,2020-06-11 16,1,12175200,11203200,stop,480352,-0.0116506,0.000140121,0,-0.0117907,-1.02384,
BTC,1,S1,2020-07-21 13,2020-08-25 14,2,11219200,13486500,exit,225940,0.0676449,0.000379008,0,0.0672659,9.72587,
ETH,1,S1,2020-07-22 22,2020-08-25 16,4,293793,449950,exit,8488.01,0.261801,0.000657894,0,0.261143,35.0997,
ETH,1,S2,2020-07-22 22,2020-09-05 09,4,302002,443007,exit,8488.01,0.364086,0.00102006,0,0.363066,31.5266,
BTC,1,S2,2020-07-27 05,2020-08-27 12,1,12185200,13292700,exit,232082,0.0274782,0.00031606,0,0.0271622,2.35861,
ETH,1,FS,2020-09-01 03,2020-09-02 11,4,522122,511476,stop,23545.3,-0.018402,0.000332441,0,-0.0187344,-2.51806,
BTC,1,FS,2020-10-21 14,2021-01-21 22,4,14111100,34975000,exit,303633,1.01026,0.00120889,0,1.00905,135.624,
BTC,1,S2,2020-10-21 14,2021-01-22 01,4,14111100,31888100,exit,303633,1.32958,0.00175411,0,1.32783,115.301,
ETH,1,S1,2020-11-06 00,2020-12-09 08,4,471471,582817,exit,18478.4,0.0630123,0.000437818,0,0.0625744,8.41049,
ETH,1,S2,2020-11-06 00,2021-01-25 04,4,471471,1544260,stop,18478.4,0.91326,0.00225431,0,0.911005,56.1678,
ETH,1,FS,2020-12-17 01,2020-12-22 07,3,696496,662208,stop,35071.2,-0.01672,0.000219083,0,-0.016939,-2.27674,
ETH,1,FS,2020-12-27 14,2021-02-23 05,4,733232,1798200,exit,34994.4,0.441192,0.000544023,0,0.440648,59.2265,
ETH,1,S2,2021-01-25 05,2021-02-23 09,4,1581580,1599900,exit,138474,-0.0402521,0.000751238,0,-0.0410034,-1.29596,
BTC,1,S1,2021-02-06 01,2021-02-28 14,4,41467400,50849100,exit,3036070,0.0981771,0.000660176,0,0.0975169,4.60546,
BTC,1,S2,2021-02-08 23,2021-04-20 00,4,48598500,68431500,exit,2803190,0.398522,0.00134551,0,0.397177,12.5532,
BTC,1,FS,2021-03-11 22,2021-03-16 01,3,66051000,62449700,stop,3676440,-0.0475845,0.000563304,0,-0.0481478,-2.27389,
ETH,1,S1,2021-03-31 00,2021-04-20 00,4,2242240,2670330,exit,121854,0.11579,0.000870132,0,0.11492,5.42738,
BTC,1,FS,2021-03-31 02,2021-04-07 07,4,71521400,71678500,stop,3502080,-0.0418163,0.00088767,0,-0.042704,-2.0168,
ETH,1,S2,2021-04-01 00,2021-04-07 07,4,2355350,2543510,stop,121854,-0.0150356,0.00132837,0,-0.016364,-0.517202,
BTC,1,FS,2021-04-10 04,2021-04-18 03,2,79579500,74640300,stop,3297160,-0.0372738,0.000497972,0,-0.0377718,-1.78386,
ETH,1,S2,2021-04-13 14,2021-04-20 00,2,2910910,2663990,stop,164830,-0.0555937,0.000539154,0,-0.0561328,-1.77414,
ETH,1,FS,2021-04-29 02,2021-05-17 01,4,3238230,4056940,exit,231173,0.117273,0.000684551,0,0.116589,5.50617,
ETH,1,S2,2021-04-29 02,2021-05-19 12,4,3238230,3129930,stop,231173,-0.0785141,0.000896015,0,-0.0794101,-2.50984,
BTC,1,S1,2021-07-25 23,2021-09-08 06,4,40988900,54483500,exit,2142030,0.233758,0.000960267,0,0.232798,10.9944,
ETH,1,S1,2021-07-26 19,2021-09-20 11,2,2799800,3847150,exit,178939,0.11847,0.000396004,0,0.118074,5.57633,
BTC,1,S2,2021-07-30 20,2021-08-03 05,2,47547500,44544400,stop,2004690,-0.0556897,0.000730876,0,-0.0564206,-1.78323,
ETH,1,S2,2021-08-04 16,2021-09-20 12,4,3132130,3773220,exit,178647,0.17788,0.00124758,0,0.176633,5.58267,
BTC,1,S2,2021-08-06 16,2021-09-07 15,3,49520500,55407800,stop,2332820,0.0395794,0.00110743,0,0.038472,1.21595,
BTC,1,S1,2021-10-02 13,2021-10-26 22,4,59039000,73173800,exit,2423590,0.21362,0.00117178,0,0.212448,10.0333,
BTC,1,S2,2021-10-05 14,2021-11-18 22,4,61174100,70932000,exit,2462530,0.200848,0.0017223,0,0.199126,6.29359,
ETH,1,S1,2021-10-06 13,2021-11-16 01,4,4363360,5335660,exit,249168,0.0687061,0.000872491,0,0.0678336,3.2036,
ETH,1,S2,2021-10-15 02,2021-11-18 22,2,4681680,4945050,exit,228797,0.0281794,0.000669743,0,0.0275097,0.869473,
BTC,1,FS,2021-11-09 00,2021-11-16 01,1,81831700,76266600,stop,2744430,-0.0214687,0.000304945,0,-0.0217736,-1.02831,
ETH,1,S1,2021-11-30 14,2021-12-03 20,1,5825820,5277070,stop,271735,-0.02138,0.00021629,0,-0.0215963,-1.01993,
ETH,1,S2,2021-11-30 14,2021-12-03 20,1,5832830,5284070,stop,271735,-0.0319474,0.000323599,0,-0.032271,-1.01996,
ETH,1,S1,2022-03-22 04,2022-04-07 00,3,3676670,3887110,exit,186447,0.0316253,0.00106813,0,0.0305571,0.881592,
BTC,1,S1,2022-03-24 00,2022-04-06 18,3,52448400,53620300,exit,2202330,0.000397339,0.00126565,0,-0.000868315,-0.0250514,
BTC,1,S2,2022-03-27 20,2022-04-11 09,2,55435400,52136200,stop,2202330,-0.0762307,0.00106297,0,-0.0772937,-1.78541,
ETH,1,S2,2022-03-28 00,2022-04-07 00,4,3959960,3883770,stop,169405,-0.107025,0.00203851,0,-0.109063,-2.51926,
ETH,1,FS,2022-08-08 08,2022-08-19 21,4,2330330,2270040,stop,130820,-0.0858812,0.00124585,0,-0.087127,-2.51367,
ETH,1,S2,2022-08-08 08,2022-08-19 21,4,2330330,2270040,stop,130820,-0.107265,0.00155606,0,-0.108821,-2.51367,
BTC,1,FS,2022-08-11 05,2022-08-19 06,2,32532500,30746200,stop,1192460,-0.0610704,0.000924231,0,-0.0619946,-1.78858,
BTC,1,S2,2022-08-11 05,2022-08-19 06,2,32532500,30746200,stop,1192460,-0.0762765,0.00115436,0,-0.0774308,-1.78858,
ETH,1,S1,2022-09-09 04,2022-09-15 14,2,2337330,2148240,stop,126229,-0.0609182,0.000620346,0,-0.0615385,-1.77542,
BTC,1,S1,2022-10-26 08,2022-11-08 03,3,28958900,28414600,exit,730256,-0.0668508,0.00205645,0,-0.0689072,-1.98802,
ETH,1,S1,2023-01-08 16,2023-02-10 21,4,1624120,1950050,exit,52315.2,0.349425,0.002223,0,0.347202,10.7953,
ETH,1,S2,2023-01-12 00,2023-03-07 15,3,1768270,2053620,stop,47244,0.216683,0.00185925,0,0.214824,7.11886,
BTC,1,FS,2023-01-13 14,2023-02-09 20,2,23964900,28294700,exit,404048,0.208306,0.00127008,0,0.207036,10.5501,
BTC,1,S2,2023-01-13 14,2023-02-13 09,2,23964900,27888100,exit,404048,0.373091,0.00254434,0,0.370547,9.36538,
BTC,1,S1,2023-02-15 20,2023-03-03 01,4,30315300,30260700,exit,707981,-0.0574171,0.0027781,0,-0.0601952,-1.8716,
ETH,1,FS,2023-02-15 20,2023-03-03 01,2,2143140,2087910,exit,69929.2,-0.0325296,0.000944589,0,-0.0334742,-1.07662,
BTC,1,S2,2023-02-15 20,2023-03-03 01,3,30315300,29639400,stop,707981,-0.0889173,0.00252906,0,-0.0914463,-2.31126,
ETH,1,S1,2023-03-13 15,2023-04-21 20,4,2215210,2457540,exit,74690.9,0.0930867,0.00206993,0,0.0910167,2.8299,
BTC,1,S1,2023-03-14 01,2023-03-28 10,4,32032000,35408600,exit,940702,0.179276,0.00233159,0,0.176945,5.50159,
BTC,1,S2,2023-03-14 05,2023-03-14 19,4,32632600,32230800,stop,940702,-0.0973664,0.00275992,0,-0.100126,-2.53064,
ETH,1,S2,2023-03-14 12,2023-04-25 08,2,2240240,2418580,exit,74690.9,0.083977,0.00123919,0,0.0827378,2.09115,
BTC,1,S2,2023-03-14 19,2023-04-21 21,4,32632600,36341600,exit,940702,0.248433,0.00293282,0,0.2455,6.20488,
BTC,1,FS,2023-03-30 02,2023-04-21 00,2,38438400,37362600,exit,1316040,-0.0348098,0.000930507,0,-0.0357403,-1.11124,
ETH,1,S1,2023-05-28 22,2023-06-05 16,1,2533530,2408590,exit,71434.7,-0.0281267,0.000556281,0,-0.028683,-0.891815,
BTC,1,S1,2023-06-20 23,2023-07-13 01,4,37080000,39626300,exit,943667,0.12145,0.0026404,0,0.118809,3.69403,
BTC,1,S2,2023-06-21 16,2023-06-30 13,4,39869800,39481000,stop,943667,-0.0970678,0.00335922,0,-0.100427,-2.53824,
ETH,1,FS,2023-07-01 00,2023-07-07 00,1,2588590,2441560,stop,72288.7,-0.0327062,0.000559501,0,-0.0332657,-1.0343,
ETH,1,S2,2023-07-01 00,2023-07-07 00,1,2588590,2441560,stop,72288.7,-0.0402345,0.000688286,0,-0.0409227,-1.0343,
ETH,1,S1,2023-08-09 12,2023-08-17 15,1,2475470,2388610,exit,47665.8,-0.0293058,0.00082051,0,-0.0301263,-0.93669,
ETH,1,S1,2023-09-28 15,2023-10-04 00,4,2247240,2228190,stop,47421.6,-0.0783434,0.00305249,0,-0.0813959,-2.53843,
BTC,1,S1,2023-09-28 16,2023-10-11 15,1,36856800,36518400,exit,705107,-0.00771726,0.000836729,0,-0.00855399,-0.265962,
BTC,1,S1,2023-10-16 13,2023-10-16 13,4,38758700,38487800,stop,701867,-0.0784891,0.00356659,0,-0.0820557,-2.55128,
BTC,1,S2,2023-10-16 13,2023-10-16 13,4,38758700,38487800,stop,701867,-0.0965556,0.00438754,0,-0.100943,-2.55128,
BTC,1,FS,2023-10-16 18,2023-12-18 10,4,38758700,55404500,exit,701867,1.47191,0.00434178,0,1.46756,45.6297,
BTC,1,S2,2023-10-16 18,2024-01-03 12,4,38758700,54947000,exit,701867,1.75763,0.00531065,0,1.75232,44.328,
ETH,1,S1,2023-10-23 03,2023-12-18 01,1,2286280,2977020,exit,51534.9,0.0470544,0.000179274,0,0.0468751,6.6761,
BTC,1,S1,2024-01-08 12,2024-01-10 12,4,61058000,60265300,stop,1842480,-0.129972,0.00351786,0,-0.13349,-2.52908,
BTC,1,S2,2024-01-08 18,2024-01-10 12,4,61373300,60581300,stop,1842480,-0.158281,0.0043064,0,-0.162587,-2.52925,
ETH,1,S1,2024-01-10 09,2024-01-22 03,4,3253250,3344650,exit,110645,0.0032409,0.00318945,0,0.0000514482,0.000974728,
ETH,1,S2,2024-01-10 09,2024-01-22 19,4,3277270,3228890,stop,110645,-0.158517,0.00383112,0,-0.162349,-2.52554,
BTC,1,FS,2024-01-10 23,2024-01-12 15,2,64449400,61689300,stop,1842480,-0.0932013,0.00181383,0,-0.0950151,-1.80014,
BTC,1,S2,2024-01-10 23,2024-01-12 15,2,64449400,61689300,stop,1842480,-0.104627,0.00205836,0,-0.106685,-1.78061,
BTC,1,S1,2024-02-07 20,2024-03-19 09,4,59922900,94205700,exit,1777920,1.9509,0.00461802,0,1.94628,36.8739,
BTC,1,S2,2024-02-12 15,2024-04-16 04,4,66845800,94587300,exit,1771140,1.52789,0.00472885,0,1.52316,29.6184,
ETH,1,FS,2024-02-14 10,2024-03-17 00,2,3722720,5095900,exit,105174,0.508197,0.00165782,0,0.506539,12.8367,
ETH,1,S2,2024-02-14 10,2024-03-20 05,2,3722720,4645350,exit,105174,0.426674,0.0020008,0,0.424673,8.47146,
ETH,1,S1,2024-04-08 18,2024-04-12 18,1,5254250,4818550,stop,215439,-0.0533729,0.000616954,0,-0.0539899,-1.02288,
ETH,1,S1,2024-05-20 19,2024-06-10 04,4,4657650,5162830,exit,182689,0.208566,0.00287899,0,0.205687,3.89691,
ETH,1,S2,2024-05-23 09,2024-05-23 20,2,5306300,5032630,stop,182689,-0.113318,0.00182749,0,-0.115145,-1.79123,
ETH,1,S2,2024-05-23 21,2024-06-10 07,3,5306300,5129370,stop,182689,-0.144463,0.00277954,0,-0.147243,-2.29055,
BTC,1,S1,2024-09-19 00,2024-09-30 10,4,82700600,83293600,exit,2737940,-0.0612273,0.00324209,0,-0.0644694,-1.22143,
BTC,1,S1,2024-10-14 10,2024-12-03 13,4,87497400,127289000,exit,2198770,1.82479,0.00519881,0,1.81959,34.4736,
BTC,1,S2,2024-10-14 10,2024-12-03 13,4,87497400,121552000,exit,2198770,1.88698,0.00616386,0,1.88082,29.2585,
ETH,1,S1,2024-10-15 13,2024-10-23 18,2,3598590,3419070,stop,119838,-0.0930704,0.00155245,0,-0.0946228,-1.79271,
ETH,1,S2,2024-10-20 14,2024-10-23 15,2,3704700,3525180,stop,119838,-0.113378,0.00194764,0,-0.115326,-1.79404,
ETH,1,S1,2024-10-30 14,2024-10-31 18,1,3769770,3526490,stop,119871,-0.0535593,0.000803177,0,-0.0543624,-1.02994,
ETH,1,S2,2024-10-30 14,2024-10-31 18,1,3769770,3526490,stop,119871,-0.0652292,0.00097818,0,-0.0662074,-1.02994,
ETH,1,S1,2024-11-07 01,2024-11-26 10,3,3787780,4635190,stop,129738,0.277049,0.00269011,0,0.274359,5.19796,
ETH,1,S2,2024-11-07 01,2024-12-03 13,2,3787780,4245750,exit,129738,0.209888,0.00199874,0,0.207889,3.23398,
ETH,1,FS,2024-11-27 15,2024-12-03 13,3,4936930,4713750,stop,228686,-0.118617,0.00169125,0,-0.120308,-2.27934,
ETH,1,S1,2024-12-04 00,2024-12-09 22,4,5220210,5114520,stop,233916,-0.130542,0.0023734,0,-0.132916,-2.5182,
ETH,1,S2,2024-12-04 00,2024-12-09 22,4,5220210,5114520,stop,233916,-0.158986,0.00289054,0,-0.161877,-2.5182,
BTC,1,S1,2024-12-04 20,2024-12-05 22,4,138909000,137070000,stop,4263130,-0.130001,0.00345915,0,-0.133461,-2.52852,
BTC,1,S2,2024-12-04 20,2024-12-05 22,4,138909000,137070000,stop,4263130,-0.158327,0.00421285,0,-0.16254,-2.52852,
BTC,1,FS,2024-12-15 00,2024-12-20 09,4,146246000,143461000,stop,6199280,-0.130475,0.00250815,0,-0.132983,-2.51948,
BTC,1,S2,2024-12-15 00,2024-12-20 09,4,146246000,143461000,stop,6199280,-0.158904,0.00305465,0,-0.161959,-2.51948,
ETH,1,FS,2024-12-16 00,2024-12-19 17,2,5705700,5261190,stop,296733,-0.0927848,0.000982238,0,-0.093767,-1.77649,
ETH,1,S2,2024-12-16 00,2024-12-19 17,2,5705700,5261190,stop,296733,-0.113002,0.00119626,0,-0.114198,-1.77649,
BTC,1,FS,2025-01-19 05,2025-01-20 17,3,157355000,152952000,stop,4571960,-0.200491,0.00457711,0,-0.205068,-2.29863,
BTC,1,S2,2025-01-19 05,2025-01-20 17,3,157355000,152952000,stop,4571960,-0.196619,0.00448871,0,-0.201108,-2.29863,
BTC,1,S1,2025-04-22 15,2025-05-05 10,4,130472000,133586000,exit,4132500,-0.00805012,0.0057718,0,-0.0138219,-0.154931,
BTC,1,S2,2025-05-01 09,2025-06-05 00,4,138007000,145055000,exit,4026500,0.165827,0.00622077,0,0.159607,1.82427,
ETH,1,S1,2025-05-08 04,2025-06-05 20,4,2694690,3479520,exit,128879,0.946911,0.00434378,0,0.942568,10.5653,
BTC,1,FS,2025-05-08 09,2025-05-30 00,2,140657000,147013000,exit,3630310,0.13215,0.00354671,0,0.128604,1.44153,
ETH,1,S2,2025-05-08 21,2025-06-06 00,2,3106100,3344650,exit,128879,0.138992,0.00220105,0,0.136791,1.5635,
ETH,1,S1,2025-06-11 14,2025-06-13 00,1,3883880,3548210,stop,166059,-0.0901674,0.0009982,0,-0.0911656,-1.02188,
ETH,1,S2,2025-06-11 14,2025-06-13 00,1,3883880,3548210,stop,166059,-0.0884261,0.000978923,0,-0.089405,-1.02188,
BTC,1,S1,2025-07-03 09,2025-07-25 03,2,149452000,158499000,exit,3137610,0.232789,0.0043903,0,0.228398,2.56014,
ETH,1,S1,2025-07-09 05,2025-08-02 23,4,3579580,4740260,exit,154326,1.20169,0.0048797,0,1.19681,13.4151,
BTC,1,S2,2025-07-10 21,2025-08-02 23,3,155478000,157588000,exit,2889980,0.0230452,0.00714466,0,0.0159005,0.18174,
ETH,1,S2,2025-07-10 21,2025-09-22 06,4,3956950,5945050,exit,154326,1.10814,0.00522993,0,1.10291,14.6913,
ETH,1,FS,2025-08-07 22,2025-09-22 00,4,5354350,6173820,exit,206281,0.56782,0.00505624,0,0.562764,6.30807,
BTC,1,S1,2025-08-11 01,2025-08-18 01,3,164464000,161801000,stop,2834760,-0.147928,0.00625355,0,-0.154182,-2.13614,
BTC,1,S2,2025-08-11 02,2025-08-14 13,2,166967000,162720000,stop,2834760,-0.117817,0.00402865,0,-0.121846,-1.76187,
BTC,1,S1,2025-09-12 00,2025-09-22 06,2,161667000,159302000,exit,3080020,-0.0931687,0.00466078,0,-0.0978294,-1.09658,
BTC,1,S1,2025-09-30 00,2025-10-16 16,4,163496000,164835000,exit,2471090,-0.0457133,0.0113849,0,-0.0570982,-0.670437,
BTC,1,S2,2025-10-02 13,2025-10-10 21,4,170070000,169183000,stop,2471090,-0.140571,0.00967546,0,-0.150246,-2.14189,
ETH,1,S1,2026-01-05 00,2026-01-20 14,4,4582580,4527470,exit,176045,-0.250714,0.00596907,0,-0.256683,-2.25927,
BTC,1,FS,2026-01-13 22,2026-01-20 05,2,140352000,135492000,stop,3244200,-0.201087,0.00484554,0,-0.205932,-1.81257,
BTC,1,S2,2026-01-13 22,2026-01-20 05,2,140352000,135492000,stop,3244200,-0.169942,0.00409505,0,-0.174037,-1.81257,
BTC,1,S1,2026-04-10 14,2026-05-16 06,4,108426000,116973000,exit,3285680,0.323799,0.00792754,0,0.315871,2.78024,
ETH,1,S1,2026-04-11 18,2026-04-28 13,3,3388380,3360640,exit,142500,-0.122563,0.00408035,0,-0.126643,-1.11469,
ETH,1,S2,2026-04-13 23,2026-05-14 03,2,3515510,3324670,exit,142139,-0.15413,0.00232292,0,-0.156453,-1.62944,
BTC,1,S2,2026-04-17 09,2026-05-22 22,4,112562000,113192000,exit,3188780,-0.116546,0.00687484,0,-0.123421,-1.28541,
BTC,1,S1,2026-07-21 10,2026-07-28 00,1,97097000,92907000,exit,2493650,-0.09545,0.00216419,0,-0.0976142,-0.859181,
ETH,1,S1,2026-08-19 15,2026-09-02 10,4,2752750,3237760,exit,68435.5,1.42595,0.0100374,0,1.41591,12.4626,
ETH,1,S2,2026-08-19 15,2026-09-15 18,4,2878880,3236760,exit,68435.5,0.847849,0.00865857,0,0.83919,8.74006,
BTC,1,FS,2026-08-20 08,2026-09-10 23,1,97897800,104696000,exit,1634940,0.115077,0.00171466,0,0.113362,2.04812,
BTC,1,S2,2026-08-20 08,2026-09-14 00,1,97897800,104116000,exit,1634940,0.0575893,0.000935498,0,0.0566538,1.8707,
ETH,1,FS,2026-09-11 13,2026-09-13 09,2,3545540,3374950,stop,113878,-0.200396,0.0034673,0,-0.203864,-1.79437,
BTC,1,S1,2026-09-19 00,2026-09-30 00,4,112112000,113740000,open,2467340,0.00348207,0.00860223,0,-0.00512016,-0.0548653,true
ETH,1,S1,2026-09-19 00,2026-09-30 00,2,3613610,3652000,open,111646,0.00879603,0.00371194,0,0.00508409,0.0447492,true
ETH,1,S2,2026-09-19 00,2026-09-30 00,3,3613610,3652000,open,111646,-0.00522218,0.00371641,0,-0.00893859,-0.118094,true
BTC,1,S2,2026-09-21 08,2026-09-30 00,3,112557000,113740000,open,2597920,-0.0127914,0.00631197,0,-0.0191034,-0.198959,true