run,2018,2019,2020,2021,2022,2023,2024,2025,2026
BTC_BH_perp,,-2.6,302.0,59.8,-64.2,155.6,121.3,-6.3,-4.6
BTC_MA120_perp,,0.0,199.7,96.3,-6.9,92.4,92.4,4.2,6.6
BTC_BH_spot,-72.3,94.3,302.0,59.8,-64.2,155.6,121.3,-6.3,-4.6
BTC_MA120_spot,-43.4,144.8,199.7,96.3,-6.9,92.4,92.4,4.2,6.6
BTC_BH_upbitKRW,-43.9,97.9,285.5,77.2,-62.9,170.6,144.1,-8.0,-11.2
BTC_MA120_upbitKRW,-13.9,175.8,183.1,123.7,-22.3,80.6,151.2,-5.0,-5.1
C_perp_top5_COMB,,-3.3,265.9,33.1,20.1,107.7,-26.9,-25.1,180.4
C_perp_top10_COMB,,-3.3,164.1,71.3,17.5,205.8,13.3,-35.0,138.4
C_BE_perp_COMB_risk05,,-1.7,109.3,44.0,1.5,43.0,10.6,-9.5,42.6
F_BE_perp_COMB_btcMA,,-3.3,187.8,57.3,3.9,51.5,32.1,-5.7,51.6
C_BE_perp_COMB_worst,,-3.3,211.4,58.8,-0.2,79.6,11.4,-15.2,84.6
C_BE_perp_COMB_best,,-3.3,212.7,58.5,-0.2,79.6,4.7,-16.2,84.4
C_BE_perp_COMB_dailyWorst,,-3.8,67.6,37.7,-7.0,22.5,-21.2,-28.9,71.0
C_BE_perp_COMB_dailyBest,,-3.3,209.1,56.9,-1.4,50.8,10.0,-10.3,84.7
C_BE_perp_COMB_slip02,,-3.3,210.6,57.3,-1.0,75.6,-2.5,-16.4,83.1
C_BE_perp_longOnly_COMB,,0.0,206.3,62.8,-14.9,97.2,37.7,19.9,31.6
C_BE_spot_COMB_worst,-19.1,87.9,156.9,85.2,-14.5,47.4,50.1,7.2,17.3
C_BE_spot_COMB_best,-17.4,92.9,159.7,84.7,-14.5,47.3,50.1,7.2,17.3
C_BE_spot_COMB_dailyWorst,-17.6,90.3,119.4,72.1,-15.2,19.1,35.1,14.0,8.8
C_BE_spot_COMB_slip02,-17.3,91.8,158.2,83.6,-14.7,48.4,48.6,10.1,16.6
C_BE_spot_COMB_risk05,-10.0,86.4,129.0,76.7,-7.9,43.5,43.0,12.8,18.4
C_BE_spot_S1,-19.5,70.6,140.2,80.9,-13.6,57.4,52.3,8.9,11.9
F_BE_spot_COMB_btcMA,-10.3,108.8,148.1,76.9,-7.2,47.0,50.5,3.0,2.4
C_BE_upbit_COMB,-14.0,120.3,247.2,63.8,-12.2,70.3,74.0,33.2,7.4
C_BE_upbit_S1,-16.5,81.1,288.9,93.4,-11.0,72.1,96.8,45.6,9.4
C_BE_upbit_S2,-11.6,157.3,219.5,39.8,-13.5,68.2,47.1,13.6,3.5
C_BE_upbit_COMB_worst,-14.0,120.3,241.5,64.2,-12.2,70.3,74.3,33.4,6.8
C_BE_upbit_COMB_dailyWorst,-18.2,121.7,171.8,57.9,-12.1,39.5,59.8,19.8,0.5
F_perp_COMB_btcMA,,-3.3,313.3,82.1,43.3,211.2,-40.3,-34.4,108.2
F_perp_S2_btcMA,,-2.0,434.8,89.6,25.4,98.6,-46.7,-34.2,144.2
F_perp_ensemble,,-2.9,279.7,109.2,-3.2,-19.2,-38.7,-28.9,39.5
F_perp_ensemble_btcMA,,-2.9,317.3,113.1,38.8,82.1,-42.8,-27.7,140.3
F_perp_longOnly_COMB,,0.0,345.9,123.5,-45.0,31.2,-37.8,-25.5,-8.7
A_perp_S1,,-4.6,206.0,49.1,32.3,59.4,-42.6,-24.6,98.4
A_perp_S2,,-2.0,367.8,94.3,-18.8,-3.9,-44.1,-10.9,4.0
A_perp_COMB,,-3.3,288.0,76.7,-2.0,24.1,-43.2,-18.8,54.5
C_BE_perp_S1,,-4.6,185.8,33.1,28.3,96.9,14.3,-33.6,81.4
C_BE_perp_S2,,-2.0,238.8,79.4,-17.7,63.1,8.0,4.5,87.1
C_BE_perp_COMB,,-3.3,212.7,58.5,-0.2,79.6,11.4,-16.4,84.6
A_COMB_hourly_worst,,-3.3,276.2,55.8,-17.5,5.3,-48.4,-23.6,42.3
A_COMB_hourly_best,,-3.3,293.2,82.8,-1.0,29.2,-41.5,-27.4,57.2
A_COMB_hourly_near,,-3.3,293.2,82.8,-1.0,29.2,-42.5,-23.5,59.5
A_COMB_daily_best,,-3.3,230.7,78.4,0.1,11.5,-40.0,-25.0,64.1
A_S1_hourly_worst,,-4.6,197.5,-9.5,26.5,49.9,-52.5,-32.7,77.0
A_S1_hourly_best,,-4.6,206.0,65.4,32.3,67.6,-40.8,-31.4,97.0
A_S1_daily_best,,-4.6,132.4,27.5,25.0,19.0,-42.4,-39.5,104.6
A_S2_hourly_worst,,-2.0,352.8,97.7,-30.4,-18.5,-44.3,-16.1,19.1
A_S2_hourly_best,,-2.0,378.1,93.7,-18.8,-4.0,-42.5,-21.2,3.2
A_S2_daily_best,,-2.0,326.5,105.4,-8.1,8.2,-38.8,-18.3,50.2
A_COMB_hourly_OHLC,,-3.3,292.3,76.1,-7.4,14.8,-40.0,-27.3,47.5
A_COMB_daily_worst,,-3.8,-44.1,-53.3,-45.4,-39.3,-49.3,-46.6,-23.8
A_COMB_slip005,,-3.3,289.0,72.3,-3.3,2.1,-44.0,-19.7,46.8
A_COMB_slip02,,-3.3,261.3,62.5,-9.4,31.1,-42.1,-21.2,73.6
A_S2_daily_worst,,-2.0,-50.5,-57.6,-47.5,-42.9,-48.4,-43.7,-18.8
A_S1_daily_worst,,-5.6,-37.5,-49.7,-43.9,-37.0,-49.8,-48.3,-27.0
REC_spot_BE_COMB_r05,-10.0,86.4,129.0,76.7,-7.9,43.5,43.0,12.8,18.4
REC_spot_BE_COMB_r05_worst,-11.9,85.2,125.7,76.3,-7.9,43.6,43.1,12.8,18.3
REC_spot_BE_COMB_r05_dailyWorst,-10.0,79.4,102.6,75.0,-8.4,20.2,29.8,10.9,14.2
REC_spot_BE_COMB_r05_slip02,-10.0,85.5,127.8,75.7,-8.0,42.5,42.2,11.9,18.0
REC_spot_BE_COMB_r05_add1N,-6.5,86.5,128.9,77.9,-5.9,45.4,32.0,7.0,17.1
REC_upbit_BE_COMB_r05,-8.3,106.7,178.6,47.6,-8.0,63.2,50.9,18.6,6.6
REC_upbit_BE_COMB_r05_worst,-8.3,106.7,176.3,47.1,-8.0,63.2,51.1,18.7,2.5
REC_upbit_BE_COMB_r05_dailyWorst,-11.1,105.5,161.2,41.1,-8.2,30.2,43.1,13.4,1.7
B_spot_top5_COMB_r05,-20.1,78.8,138.5,118.0,-13.4,131.0,66.0,9.1,17.7
B_spot_top5_COMB_r05_worst,-21.8,78.8,138.6,117.6,-13.4,120.6,64.3,3.8,15.4
B_spot_top5_COMB_r05_dailyWorst,-24.8,22.3,110.7,89.2,-13.7,122.4,33.2,-1.9,7.5
B_spot_top5_COMB_r1,-31.2,76.6,149.8,65.0,-15.8,45.0,29.9,-10.6,10.2
B_spot_top10_COMB_r05,-23.3,91.6,173.7,128.2,-23.8,116.3,35.1,-8.7,28.7
B_spot_top20_COMB_r05,-24.2,125.9,208.5,150.1,-31.5,90.4,-5.5,-17.4,13.4
E_GEN_20_10,,-4.6,195.3,132.7,-23.7,-17.6,-49.7,-27.5,-1.5
E_GEN_20_20,,-4.6,109.7,270.7,-19.7,-17.5,-42.1,-29.1,-24.1
E_GEN_40_10,,-2.0,234.0,-16.1,-25.4,-20.7,-47.7,-25.9,62.1
E_GEN_40_20,,-2.0,350.6,101.6,-13.9,-0.4,-49.3,-11.7,-8.2
E_GEN_55_10,,-2.0,217.4,-23.7,-27.6,22.5,-35.7,-31.6,117.6
E_GEN_55_20,,-2.0,367.8,94.3,-18.8,-3.9,-44.1,-10.9,4.0
E_GEN_100_10,,-2.0,131.6,56.1,-17.8,-10.7,-16.8,-42.9,130.9
E_GEN_100_20,,-2.0,374.6,134.3,5.6,-28.2,-34.3,-38.5,78.1
E_COMB_risk0.5,,-1.7,151.2,66.2,-0.7,45.8,-30.1,-7.8,45.0
E_COMB_risk2,,-6.6,554.2,70.5,-29.8,-37.9,-60.2,-38.5,45.6
E_COMB_add1N,,-2.6,281.2,120.7,26.8,137.5,-41.8,-31.5,168.1
E_COMB_whipsaw,,-0.5,130.0,71.3,-14.7,34.2,-25.0,-26.1,66.8
E_COMB_noLimits,,-3.3,83.1,568.8,-48.7,-40.9,-58.3,-44.5,350.7
E_COMB_dailyN,,-3.3,278.7,61.6,-3.2,60.4,-43.6,-27.0,66.1
E_COMB_noDDrule,,-3.3,317.8,66.3,15.7,241.0,-113.3,0.0,-31.9
B_spot_S1,-36.0,130.2,215.1,267.2,-42.1,35.4,-28.4,-28.5,-5.1
B_spot_S2,-36.1,137.1,359.2,68.4,-41.0,88.8,-35.6,-28.9,-9.4
B_spot_COMB,-36.1,133.7,288.2,147.9,-41.7,57.4,-32.0,-28.6,-7.1
F_spot_COMB_btcMA,-17.6,64.6,283.3,115.5,-24.2,333.3,-28.5,-23.7,22.6
F_spot_S2_btcMA,-14.3,78.2,352.7,74.6,-27.1,342.7,-31.6,-23.7,23.1
C_BE_spot_COMB,-17.4,91.4,159.9,84.7,-14.5,47.3,50.1,7.2,17.4
C_BE_spot_S2,-15.3,111.2,175.0,87.2,-15.1,40.6,48.5,5.9,21.6
B_upbit_S1,-45.2,34.4,345.1,149.9,8.1,137.9,21.4,-26.9,-1.3
B_upbit_S2,-37.4,50.7,372.0,72.2,-41.0,150.7,-39.5,-25.9,17.2
B_upbit_COMB,-41.3,43.1,360.2,105.1,-15.7,142.2,0.1,-26.7,2.7
F_upbit_COMB_btcMA,-15.1,78.0,341.5,72.1,-15.5,282.2,-35.3,-10.9,9.9