month,C_rec_r2,BTC120_long,C_rec_r2_plus_BTC120_50_50
2019-09,1,0.9667,0.9834
2019-10,1,0.9667,0.9834
2019-11,1,0.9667,0.9834
2019-12,1,0.9667,0.9834
2020-01,1,1.0604,1.032
2020-02,1,0.9232,0.9655
2020-03,1,0.8636,0.9356
2020-04,1,0.8462,0.9262
2020-05,1,0.9179,0.9695
2020-06,1,0.8814,0.9526
2020-07,1,1.0728,1.053
2020-08,1,1.0761,1.0569
2020-09,1,0.9409,0.9913
2020-10,1,1.1974,1.12
2020-11,1,1.6802,1.3341
2020-12,0.9847,2.415,1.5952
2021-01,0.9583,2.6044,1.6538
2021-02,0.9148,3.3023,1.8369
2021-03,0.9151,4.165,2.0772
2021-04,0.9082,3.9051,2.0144
2021-05,0.9235,3.3001,1.8838
2021-06,1.0043,3.3001,1.9676
2021-07,1.0282,3.3001,1.9911
2021-08,1.0282,3.5939,2.0844
2021-09,1.0282,3.3004,2.0092
2021-10,1.0282,4.5304,2.3659
2021-11,1.009,4.1182,2.2439
2021-12,1.009,3.5422,2.0838
2022-01,1.009,3.5422,2.0838
2022-02,1.009,3.5422,2.0838
2022-03,1.009,3.6565,2.1182
2022-04,1.0504,3.3819,2.0801
2022-05,1.0554,3.3819,2.0851
2022-06,1.1252,3.3819,2.1535
2022-07,1.0564,3.3819,2.087
2022-08,1.0754,3.3819,2.1057
2022-09,1.0836,3.3819,2.1138
2022-10,1.0917,3.3819,2.1218
2022-11,1.0909,3.2835,2.0915
2022-12,1.1018,3.2835,2.1022
2023-01,1.0839,4.0014,2.306
2023-02,1.0991,3.9752,2.3204
2023-03,1.1147,4.8649,2.6021
2023-04,1.0941,4.9737,2.611
2023-05,1.0963,4.6059,2.5182
2023-06,1.1479,4.7288,2.6164
2023-07,1.1133,4.5109,2.5192
2023-08,1.1306,4.0839,2.419
2023-09,1.105,4.0839,2.3917
2023-10,1.1183,4.9502,2.6539
2023-11,1.1215,5.3335,2.7644
2023-12,1.151,5.8835,2.9489
2024-01,1.167,5.8519,2.9762
2024-02,1.1462,8.3058,3.5236
2024-03,1.1285,9.385,3.7386
2024-04,1.1351,7.9094,3.4541
2024-05,1.1156,8.7567,3.6147
2024-06,1.1522,8.386,3.5971
2024-07,1.1569,8.1056,3.5451
2024-08,1.1614,7.4428,3.4055
2024-09,1.1614,7.4689,3.4128
2024-10,1.2075,7.7976,3.5605
2024-11,1.2015,10.5591,4.1499
2024-12,1.1833,10.1162,4.04
2025-01,1.2058,10.9912,4.2598
2025-02,1.2134,9.7831,4.0362
2025-03,1.2415,9.7831,4.0829
2025-04,1.1326,9.8504,3.9148
2025-05,1.154,10.8938,4.1626
2025-06,1.1555,11.1325,4.2172
2025-07,1.1484,11.9403,4.3596
2025-08,1.2136,11.105,4.3351
2025-09,1.3113,10.5856,4.4076
2025-10,1.5848,10.1796,4.7857
2025-11,1.6596,10.1796,4.9028
2025-12,1.6329,10.1796,4.8645
2026-01,1.6148,10.1796,4.8393
2026-02,1.674,10.1796,4.9297
2026-03,1.7242,10.1796,5.0055
2026-04,1.7269,9.6605,4.8841
2026-05,1.559,9.2935,4.5605
2026-06,1.5935,8.9964,4.5397
2026-07,1.5823,8.9964,4.5249
2026-08,1.6244,10.1547,4.8828
2026-09,1.6165,10.7558,5.0308
2026-10,1.5871,11.1349,5.0728