month,"A_turtle","B_trend","C_crash","D_relweak","BTC120_long","A_turtle + BTC120 50/50","A_turtle + BTC120 overlay 1+1","B_trend + BTC120 50/50","B_trend + BTC120 overlay 1+1","C_crash + BTC120 50/50","C_crash + BTC120 overlay 1+1","D_relweak + BTC120 50/50","D_relweak + BTC120 overlay 1+1"
2019-09,1,1,1,1,0.9667,0.9834,0.9667,0.9834,0.9667,0.9834,0.9667,0.9834,0.9667
2019-10,1,1,1,1,0.9667,0.9834,0.9667,0.9834,0.9667,0.9834,0.9667,0.9834,0.9667
2019-11,1,1,1,1,0.9667,0.9834,0.9667,0.9834,0.9667,0.9834,0.9667,0.9834,0.9667
2019-12,1,1,1,1,0.9667,0.9834,0.9667,0.9834,0.9667,0.9834,0.9667,0.9834,0.9667
2020-01,1,1,1,1,1.0604,1.032,1.0604,1.032,1.0604,1.032,1.0604,1.032,1.0604
2020-02,1,1,1,1,0.9232,0.9655,0.9232,0.9655,0.9232,0.9655,0.9232,0.9655,0.9232
2020-03,0.9531,1,1,1,0.8636,0.9142,0.8231,0.9356,0.8636,0.9356,0.8636,0.9356,0.8636
2020-04,0.9447,1,1,0.9959,0.8462,0.901,0.7994,0.9262,0.8462,0.9262,0.8462,0.9243,0.8427
2020-05,0.9447,1,1,0.9841,0.9179,0.9431,0.8671,0.9695,0.9179,0.9695,0.9179,0.9632,0.9081
2020-06,0.9447,1,1,1.015,0.8814,0.9267,0.8327,0.9526,0.8814,0.9526,0.8814,0.9625,0.9038
2020-07,0.9447,1,1,0.9586,1.0728,1.0244,1.0135,1.053,1.0728,1.053,1.0728,1.0346,1.0408
2020-08,0.9447,1,1,0.9586,1.0761,1.0281,1.0166,1.0569,1.0761,1.0569,1.0761,1.0384,1.044
2020-09,0.8696,0.9485,1,0.9519,0.9409,0.9266,0.821,0.9655,0.8923,0.9913,0.9409,0.9711,0.908
2020-10,0.9176,0.9285,1,0.9257,1.1974,1.0769,1.1058,1.0797,1.1128,1.12,1.1974,1.0831,1.1272
2020-11,0.6956,0.9285,1,0.8462,1.6802,1.1231,1.1853,1.2861,1.5616,1.3341,1.6802,1.2369,1.4567
2020-12,0.6708,0.9285,0.9924,0.8803,2.415,1.3293,1.6442,1.5495,2.2444,1.6012,2.3967,1.5232,2.1918
2021-01,0.6622,0.9285,0.9838,0.7831,2.6044,1.3875,1.751,1.6277,2.4205,1.6748,2.5623,1.5109,2.1106
2021-02,0.6622,0.9285,0.9618,0.7829,3.3023,1.5772,2.2202,1.8501,3.0691,1.8822,3.1754,1.7172,2.6755
2021-03,0.6622,0.9285,0.962,0.78,4.165,1.7806,2.8002,2.0888,3.8708,2.1267,4.0156,1.9353,3.3635
2021-04,0.6622,0.9285,0.9591,0.7433,3.9051,1.732,2.6254,2.0317,3.6293,2.0656,3.7543,1.8392,3.014
2021-05,0.6424,0.9731,0.9675,0.776,3.3001,1.5761,2.1524,1.9229,3.2144,1.9176,3.2049,1.7364,2.6627
2021-06,0.687,1.0085,0.9974,0.7957,3.3001,1.6312,2.3018,1.9582,3.331,1.9475,3.304,1.7585,2.7301
2021-07,0.6062,0.97,1.0015,0.7723,3.3001,1.5332,2.031,1.921,3.204,1.9515,3.3177,1.7329,2.6501
2021-08,0.5959,0.9539,1.0015,0.6828,3.5939,1.5913,2.1741,1.9945,3.4325,2.043,3.613,1.7109,2.5757
2021-09,0.5804,0.9539,1.0015,0.6331,3.3004,1.5175,1.9588,1.9225,3.1523,1.9693,3.318,1.5918,2.2104
2021-10,0.5316,0.9539,1.0015,0.5853,4.5304,1.7135,2.4779,2.2638,4.327,2.3188,4.5545,1.8056,2.8214
2021-11,0.4947,0.9539,0.9921,0.5567,4.1182,1.5852,2.1083,2.1672,3.9333,2.2096,4.1016,1.6873,2.4375
2021-12,0.5136,0.9741,0.9921,0.5799,3.5422,1.5211,1.9012,2.0355,3.4551,2.052,3.5279,1.6012,2.1908
2022-01,0.6457,1.0617,0.9921,0.6193,3.5422,1.719,2.3903,2.1261,3.7658,2.052,3.5279,1.6551,2.3396
2022-02,0.5925,1.0514,0.9921,0.6029,3.5422,1.6589,2.1935,2.1166,3.729,2.052,3.5279,1.6337,2.2775
2022-03,0.4961,1.0055,0.9921,0.5834,3.6565,1.5473,1.8975,2.1046,3.6818,2.0858,3.6418,1.6346,2.278
2022-04,0.6342,1.1393,1.0125,0.6354,3.3819,1.688,2.2433,2.1584,3.8584,2.0278,3.4384,1.6438,2.3009
2022-05,0.8534,1.264,1.0163,0.6474,3.3819,1.9989,3.0185,2.2778,4.281,2.0316,3.4513,1.6603,2.3443
2022-06,0.983,1.3289,1.0509,0.6627,3.3819,2.1528,3.4773,2.3362,4.5006,2.0661,3.5687,1.6802,2.3996
2022-07,0.8791,1.2793,1.0322,0.622,3.3819,2.0373,3.1097,2.2926,4.3326,2.0477,3.5053,1.6284,2.2522
2022-08,0.8961,1.3403,1.0414,0.6257,3.3819,2.0585,3.1697,2.3484,4.5393,2.0568,3.5367,1.6338,2.2655
2022-09,0.9135,1.3592,1.0455,0.6284,3.3819,2.0907,3.2312,2.367,4.6034,2.0608,3.5503,1.6379,2.2755
2022-10,0.8459,1.3201,1.0453,0.6494,3.3819,2.0181,2.9922,2.3333,4.4707,2.0606,3.5496,1.6653,2.3514
2022-11,0.758,1.3488,1.0451,0.6738,3.2835,1.9012,2.6053,2.3308,4.4371,2.0307,3.4457,1.6736,2.3701
2022-12,0.9575,1.5142,1.0399,0.7096,3.2835,2.1421,3.2913,2.4712,4.9813,2.0257,3.4286,1.7178,2.4958
2023-01,0.7735,1.4253,1.0345,0.595,4.0014,2.1309,3.2402,2.6518,5.7137,2.2347,4.1565,1.7456,2.5734
2023-02,0.7735,1.4253,1.0418,0.5832,3.9752,2.1291,3.2191,2.6496,5.6764,2.2407,4.1591,1.7309,2.5238
2023-03,0.6525,1.4253,1.0492,0.5771,4.8649,2.192,3.3971,2.9459,6.9468,2.502,5.1401,1.9205,3.0885
2023-04,0.6548,1.4253,1.0394,0.5697,4.9737,2.2239,3.4863,2.9833,7.1022,2.5221,5.2072,1.9343,3.1267
2023-05,0.6776,1.4253,1.0405,0.5973,4.6059,2.1934,3.3793,2.8744,6.577,2.4312,4.827,1.9103,3.0455
2023-06,0.7116,1.4532,1.0598,0.6206,4.7288,2.3163,3.718,2.9589,6.9354,2.4905,5.0508,1.9799,3.2654
2023-07,0.7311,1.4338,1.0536,0.5848,4.5109,2.2992,3.6603,2.8747,6.542,2.4271,4.7914,1.8841,2.9532
2023-08,0.833,1.3923,1.0557,0.6125,4.0839,2.355,3.8172,2.6985,5.7521,2.3141,4.3487,1.8384,2.8084
2023-09,0.7029,1.2739,1.0436,0.6047,4.0839,2.1696,3.2214,2.5824,5.2629,2.301,4.2991,1.8271,2.773
2023-10,0.5649,1.1873,1.0484,0.5542,4.9502,2.1548,3.1688,2.7549,5.9745,2.5432,5.2367,1.932,3.0926
2023-11,0.5623,1.1738,1.0499,0.485,5.3335,2.2357,3.3991,2.8488,6.3668,2.6469,5.6525,1.8834,2.928
2023-12,0.5635,1.1738,1.0587,0.4697,5.8835,2.3557,3.7588,2.9984,7.0233,2.7976,6.2895,1.9509,3.1266
2024-01,0.4936,1.1738,1.0572,0.4722,5.8519,2.2134,3.294,2.9997,6.9856,2.7982,6.2569,1.9596,3.14
2024-02,0.4395,1.1738,1.0506,0.4234,8.3058,2.4976,4.1776,3.5828,9.9149,3.3319,8.8274,2.2184,4.0066
2024-03,0.4243,1.1738,1.0425,0.4072,9.385,2.6262,4.5712,3.8305,11.2032,3.5488,9.8999,2.3296,4.3721
2024-04,0.4664,1.1738,1.0456,0.4447,7.9094,2.5557,4.313,3.5269,9.4418,3.2731,8.3755,2.2469,4.0555
2024-05,0.3566,1.1738,1.0377,0.4436,8.7567,2.372,3.6983,3.7221,10.4532,3.4416,9.2064,2.3723,4.5031
2024-06,0.431,1.1253,1.0564,0.4703,8.386,2.568,4.3046,3.5688,9.5972,3.4,8.9775,2.3928,4.5792
2024-07,0.4503,1.162,1.0576,0.4796,8.1056,2.5955,4.3542,3.5694,9.5863,3.346,8.6873,2.3778,4.5169
2024-08,0.4118,1.1992,1.0576,0.5019,7.4428,2.3982,3.6663,3.4809,9.1023,3.208,7.9769,2.3338,4.3465
2024-09,0.3545,1.0694,1.0576,0.4544,7.4689,2.2319,3.1679,3.2964,8.1456,3.2147,8.0049,2.2271,3.9542
2024-10,0.3738,1.0636,1.0786,0.4807,7.7976,2.3535,3.5115,3.3695,8.4929,3.3215,8.5216,2.3468,4.3836
2024-11,0.2861,1.012,1.075,0.4449,10.5591,2.4421,3.7357,3.8447,10.9861,3.8743,11.5039,2.6424,5.5233
2024-12,0.2846,1.0119,1.075,0.471,10.1162,2.3917,3.5696,3.7705,10.5245,3.7994,11.0183,2.6687,5.6174
2025-01,0.348,1.0119,1.0852,0.4945,10.9912,2.7862,4.8147,3.9376,11.4349,3.987,12.0887,2.8596,6.4347
2025-02,0.3973,0.9925,1.0886,0.5161,9.7831,2.8236,4.9288,3.6831,9.9818,3.7717,10.7958,2.7616,5.9938
2025-03,0.4307,1.0686,1.1012,0.5375,9.7831,2.945,5.3441,3.8261,10.7472,3.7935,10.9208,2.8189,6.2422
2025-04,0.3893,1.0067,1.0526,0.5445,9.8504,2.8144,4.8653,3.7286,10.1967,3.7221,10.5116,2.8474,6.3676
2025-05,0.3712,1.0126,1.0648,0.5541,10.8938,2.9002,5.1565,3.9387,11.3497,3.9429,11.7655,3.0273,7.1826
2025-06,0.3692,1.0167,1.0643,0.578,11.1325,2.9361,5.2801,3.9939,11.6483,3.9898,12.0262,3.1316,7.6776
2025-07,0.3248,1.0135,1.0639,0.576,11.9403,2.8608,5.0078,4.133,12.4553,4.1349,12.8985,3.2415,8.2175
2025-08,0.3317,1.0228,1.0943,0.5693,11.105,2.8084,4.8114,4.0096,11.6905,4.0525,12.366,3.1164,7.5856
2025-09,0.2925,1.0113,1.1274,0.5945,10.5856,2.5897,4.0632,3.8978,11.0385,4.0185,12.1427,3.1126,7.5632
2025-10,0.3634,1.1196,1.2296,0.6132,10.1796,2.8967,4.975,4.0489,11.8813,4.1295,12.8041,3.107,7.5282
2025-11,0.3769,1.1093,1.2555,0.6246,10.1796,2.9541,5.1599,4.0319,11.7726,4.1742,13.0739,3.1365,7.6691
2025-12,0.3861,1.1188,1.2288,0.6299,10.1796,2.9923,5.2866,4.0495,11.8728,4.1297,12.7951,3.15,7.7343
2026-01,0.4511,1.2225,1.2263,0.649,10.1796,3.2386,6.1766,4.2342,12.9737,4.126,12.7693,3.1977,7.9686
2026-02,0.4555,1.212,1.2493,0.6512,10.1796,3.2573,6.2369,4.2165,12.862,4.1649,13.009,3.2033,7.9953
2026-03,0.4362,1.2165,1.2836,0.6582,10.1796,3.1895,5.9727,4.2245,12.9096,4.2224,13.3665,3.2205,8.0811
2026-04,0.4019,1.161,1.266,0.6648,9.6605,2.9835,5.2234,4.022,11.6953,4.0868,12.5124,3.1537,7.7471
2026-05,0.4582,1.1306,1.1874,0.6778,9.2935,3.1337,5.7521,3.8965,10.9618,3.8867,11.298,3.1262,7.6043
2026-06,0.5352,1.1683,1.1706,0.6908,8.9964,3.3454,6.5076,3.8983,10.9657,3.7983,10.7841,3.1062,7.5031
2026-07,0.5331,1.1447,1.1856,0.6992,8.9964,3.3397,6.4829,3.859,10.7444,3.823,10.9228,3.1251,7.5944
2026-08,0.4944,1.1023,1.2098,0.6927,10.1547,3.4251,6.8066,4.0304,11.7004,4.11,12.5967,3.3092,8.4972
2026-09,0.479,1.0896,1.217,0.6983,10.7558,3.4817,7.0138,4.131,12.2504,4.2521,13.4379,3.4259,9.0788
2026-10,0.4762,1.0896,1.202,0.6918,11.1349,3.5324,7.2188,4.2036,12.6823,4.3003,13.7429,3.4698,9.3116