fam,entry,exit,stopMult,maxPos,cagr,sharpe,mdd,trades,pf,isCagr,isSharpe,oosCagr,oosSharpe,oosMdd,funding,ma,brk,btcRegime,exitMA,X,lb,atrMult,exitHH,k,lookback
A_turtle,20,10,2,10,-0.1945,-0.1607,-0.9139,663,0.8197,-0.43,-1.0199,-0.0466,0.1851,-0.7778,0.0019,,,,,,,,,,
A_turtle,20,10,2,20,-0.3817,-0.1892,-0.9916,1193,0.8177,-0.6606,-1.1399,-0.1721,0.2015,-0.9403,0.0175,,,,,,,,,,
A_turtle,20,10,3,10,-0.1062,-0.125,-0.7589,609,0.8727,-0.2905,-0.9329,0.0003,0.1941,-0.6408,0,,,,,,,,,,
A_turtle,20,10,3,20,-0.2978,-0.2225,-0.9616,1141,0.8023,-0.5086,-1.1084,-0.1635,0.0958,-0.9021,0.0145,,,,,,,,,,
A_turtle,20,20,2,10,-0.1647,-0.1187,-0.8874,493,0.8749,-0.4007,-0.8916,-0.0141,0.2266,-0.7387,0.0266,,,,,,,,,,
A_turtle,20,20,2,20,-0.3615,-0.1003,-0.9855,884,0.8702,-0.6748,-1.1039,-0.1048,0.3194,-0.9092,0.0328,,,,,,,,,,
A_turtle,20,20,3,10,-0.0411,0.0793,-0.6674,405,1.0509,-0.2504,-0.6411,0.0845,0.3998,-0.5692,0.0113,,,,,,,,,,
A_turtle,20,20,3,20,-0.2376,-0.0393,-0.939,763,0.94,-0.5307,-0.967,-0.0247,0.3338,-0.8557,0.0361,,,,,,,,,,
A_turtle,20,40,2,10,-0.1586,-0.1284,-0.8515,365,0.8426,-0.4213,-0.9471,0.0143,0.2677,-0.6129,0.0569,,,,,,,,,,
A_turtle,20,40,2,20,-0.4247,-0.237,-0.9917,687,0.7738,-0.7094,-1.2078,-0.1892,0.1918,-0.9302,0.0563,,,,,,,,,,
A_turtle,20,40,3,10,-0.0268,0.1048,-0.7012,264,1.0591,-0.3087,-0.8033,0.1554,0.5797,-0.4593,0.0678,,,,,,,,,,
A_turtle,20,40,3,20,-0.1595,0.0624,-0.9072,510,1.0207,-0.5518,-0.9647,0.1591,0.5475,-0.7637,0.068,,,,,,,,,,
A_turtle,40,10,2,10,-0.1646,-0.1569,-0.8599,585,0.832,-0.3698,-1.3651,-0.0416,0.1786,-0.7599,-0.0314,,,,,,,,,,
A_turtle,40,10,2,20,-0.3145,-0.152,-0.9725,1003,0.8102,-0.5441,-1.5984,-0.1635,0.2032,-0.915,-0.0139,,,,,,,,,,
A_turtle,40,10,3,10,-0.0931,-0.1251,-0.6747,541,0.8712,-0.247,-1.2539,-0.0069,0.1706,-0.6331,-0.0301,,,,,,,,,,
A_turtle,40,10,3,20,-0.2307,-0.1409,-0.9231,975,0.8302,-0.4036,-1.4161,-0.1292,0.1435,-0.8821,-0.0215,,,,,,,,,,
A_turtle,40,20,2,10,-0.0853,0.049,-0.7059,430,1.0001,-0.3301,-1.0464,0.0703,0.3872,-0.6301,-0.0166,,,,,,,,,,
A_turtle,40,20,2,20,-0.2527,0.0133,-0.9572,760,0.938,-0.5037,-1.237,-0.075,0.3499,-0.9139,-0.0172,,,,,,,,,,
A_turtle,40,20,3,10,-0.0606,-0.0005,-0.5982,377,0.9586,-0.2457,-1.1048,0.0486,0.3132,-0.5758,-0.0435,,,,,,,,,,
A_turtle,40,20,3,20,-0.1594,0.0542,-0.8717,675,0.968,-0.4158,-1.2073,0.0167,0.3859,-0.8318,-0.022,,,,,,,,,,
A_turtle,40,40,2,10,-0.1397,-0.0994,-0.7503,324,0.8626,-0.3382,-1.0579,-0.0171,0.2171,-0.678,0.0171,,,,,,,,,,
A_turtle,40,40,2,20,-0.3832,-0.2483,-0.9823,594,0.7392,-0.5354,-1.3221,-0.282,0.0492,-0.9503,0.0113,,,,,,,,,,
A_turtle,40,40,3,10,-0.0296,0.0679,-0.5264,235,0.9913,-0.2152,-0.9213,0.0819,0.3964,-0.5264,0.0125,,,,,,,,,,
A_turtle,40,40,3,20,-0.1837,-0.0137,-0.8788,452,0.8995,-0.4254,-1.1355,-0.014,0.3252,-0.8292,0.0304,,,,,,,,,,
A_turtle,55,10,2,10,-0.0725,0.0571,-0.7585,523,1.029,-0.2885,-1.2456,0.0563,0.3632,-0.7466,-0.0766,,,,,,,,,,
A_turtle,55,10,2,20,-0.2705,-0.1052,-0.9444,918,0.8428,-0.4186,-1.3538,-0.184,0.1536,-0.9136,-0.0454,,,,,,,,,,
A_turtle,55,10,3,10,-0.0532,-0.0086,-0.6188,492,0.9684,-0.1915,-1.1621,0.0231,0.2469,-0.6188,-0.0659,,,,,,,,,,
A_turtle,55,10,3,20,-0.224,-0.1614,-0.8846,890,0.7978,-0.3089,-1.2282,-0.1778,0.0388,-0.8684,-0.0608,,,,,,,,,,
A_turtle,55,20,2,10,-0.0995,0.0202,-0.7649,403,0.9849,-0.2501,-0.934,-0.0081,0.2581,-0.7649,-0.0691,,,,,,,,,,
A_turtle,55,20,2,20,-0.2369,0.0068,-0.9429,699,0.9481,-0.4008,-1.1173,-0.1333,0.262,-0.926,-0.046,,,,,,,,,,
A_turtle,55,20,3,10,-0.008,0.1471,-0.562,332,1.1064,-0.1984,-1.1266,0.1058,0.4459,-0.562,-0.0787,,,,,,,,,,
A_turtle,55,20,3,20,-0.158,0.0415,-0.8682,618,0.926,-0.3459,-1.1026,-0.0381,0.3075,-0.8531,-0.0481,,,,,,,,,,
A_turtle,55,40,2,10,-0.149,-0.1107,-0.8159,299,0.8158,-0.2597,-0.9697,-0.0822,0.1064,-0.8023,-0.0443,,,,,,,,,,
A_turtle,55,40,2,20,-0.3684,-0.2341,-0.9844,546,0.6643,-0.4337,-1.2335,-0.3275,-0.0186,-0.9698,-0.0155,,,,,,,,,,
A_turtle,55,40,3,10,-0.0519,-0.0066,-0.5724,218,0.9303,-0.2013,-1.1306,0.0374,0.2818,-0.5724,-0.0052,,,,,,,,,,
A_turtle,55,40,3,20,-0.2193,-0.0838,-0.8964,431,0.7652,-0.3624,-1.0715,-0.1267,0.167,-0.8749,-0.0059,,,,,,,,,,
A_turtle,100,10,2,10,-0.0337,0.1285,-0.6887,444,1.0904,-0.1642,-0.7846,0.0373,0.3183,-0.6887,-0.086,,,,,,,,,,
A_turtle,100,10,2,20,-0.1496,0.0894,-0.8603,716,0.9847,-0.2361,-0.8701,-0.1025,0.256,-0.8603,-0.0909,,,,,,,,,,
A_turtle,100,10,3,10,-0.0057,0.1337,-0.5494,411,1.0883,-0.1023,-0.6984,0.0453,0.3011,-0.5494,-0.1168,,,,,,,,,,
A_turtle,100,10,3,20,-0.0734,0.1321,-0.759,704,1.0201,-0.1611,-0.8314,-0.0262,0.2819,-0.759,-0.1398,,,,,,,,,,
A_turtle,100,20,2,10,-0.0106,0.1979,-0.7372,332,1.1886,-0.1356,-0.5625,0.0642,0.3737,-0.7372,-0.0941,,,,,,,,,,
A_turtle,100,20,2,20,-0.1599,0.1111,-0.8903,590,1.0298,-0.2159,-0.6649,-0.1203,0.266,-0.8903,-0.073,,,,,,,,,,
A_turtle,100,20,3,10,0.0212,0.2252,-0.556,274,1.1702,-0.099,-0.5772,0.0922,0.4181,-0.556,-0.0821,,,,,,,,,,
A_turtle,100,20,3,20,-0.0286,0.2435,-0.7565,492,1.118,-0.1696,-0.703,0.0604,0.4265,-0.7565,-0.1276,,,,,,,,,,
A_turtle,100,40,2,10,-0.0631,0.0873,-0.779,262,1.0882,-0.1477,-0.623,-0.0119,0.2427,-0.779,-0.0611,,,,,,,,,,
A_turtle,100,40,2,20,-0.2317,0.0146,-0.9274,463,0.9423,-0.2375,-0.7533,-0.2192,0.1549,-0.9274,-0.0375,,,,,,,,,,
A_turtle,100,40,3,10,-0.0219,0.0919,-0.5317,188,1.0335,-0.1008,-0.5674,0.0268,0.256,-0.5317,-0.0652,,,,,,,,,,
A_turtle,100,40,3,20,-0.0285,0.2417,-0.717,348,1.161,-0.1763,-0.7054,0.0669,0.4326,-0.717,-0.0839,,,,,,,,,,
B_trend,,,,10,-0.0054,0.096,-0.4561,566,1.0585,-0.1115,-0.5003,0.054,0.3313,-0.4561,-0.0297,60,10,false,50,,,,,,
B_trend,,,,10,-0.0248,0.0376,-0.5275,393,1.0125,-0.0775,-0.2801,0.0061,0.1658,-0.5275,0.0825,60,10,false,none,,,,,,
B_trend,,,,10,0.0129,0.1596,-0.479,279,1.1616,0.0155,0.1858,0.0146,0.1709,-0.479,-0.1266,60,10,true,50,,,,,,
B_trend,,,,10,0.0147,0.1703,-0.393,225,1.1668,0.006,0.1093,0.022,0.2073,-0.393,-0.0957,60,10,true,none,,,,,,
B_trend,,,,10,-0.027,-0.0106,-0.4362,495,0.9917,-0.1494,-0.7637,0.0404,0.2845,-0.4362,-0.0343,60,20,false,50,,,,,,
B_trend,,,,10,-0.0183,0.0494,-0.5303,356,1.0354,-0.1081,-0.4319,0.0313,0.2513,-0.5303,0.0336,60,20,false,none,,,,,,
B_trend,,,,10,-0.0059,0.0493,-0.4524,274,1.0397,-0.0116,-0.0299,-0.0006,0.09,-0.4524,-0.095,60,20,true,50,,,,,,
B_trend,,,,10,-0.0003,0.0874,-0.4201,225,1.0726,-0.016,-0.0631,0.01,0.149,-0.4201,-0.0667,60,20,true,none,,,,,,
B_trend,,,,10,-0.0044,0.0878,-0.3832,411,1.0592,-0.1405,-0.8579,0.0713,0.4042,-0.3492,-0.0407,60,40,false,50,,,,,,
B_trend,,,,10,-0.0229,0.0208,-0.4413,332,1.0148,-0.1652,-0.9958,0.0571,0.3441,-0.4413,0.01,60,40,false,none,,,,,,
B_trend,,,,10,-0.0182,-0.0271,-0.4699,257,0.9721,-0.0321,-0.2555,-0.009,0.0465,-0.4699,-0.1019,60,40,true,50,,,,,,
B_trend,,,,10,0.0045,0.1113,-0.4355,216,1.0985,-0.0365,-0.2917,0.0275,0.2357,-0.4355,-0.0528,60,40,true,none,,,,,,
B_trend,,,,10,-0.0197,0.0353,-0.4335,590,1.0104,-0.1721,-0.9257,0.068,0.38,-0.4335,-0.011,120,10,false,50,,,,,,
B_trend,,,,10,0.0024,0.1327,-0.3998,377,1.0851,-0.1543,-0.7005,0.0946,0.4708,-0.3495,0.0224,120,10,false,none,,,,,,
B_trend,,,,10,0.0186,0.1904,-0.4203,293,1.1845,0.0101,0.1442,0.0255,0.2229,-0.4203,-0.1169,120,10,true,50,,,,,,
B_trend,,,,10,0.0169,0.182,-0.379,223,1.2087,-0.0038,0.0238,0.0299,0.2432,-0.379,-0.0845,120,10,true,none,,,,,,
B_trend,,,,10,-0.0221,0.0124,-0.4131,483,1.0056,-0.1786,-1.0715,0.0664,0.3826,-0.3828,-0.0147,120,20,false,50,,,,,,
B_trend,,,,10,-0.0224,0.0176,-0.4477,352,1.004,-0.1833,-1.0024,0.07,0.3941,-0.4477,0.0107,120,20,false,none,,,,,,
B_trend,,,,10,0.0122,0.1557,-0.4108,270,1.1459,-0.0113,-0.0567,0.0262,0.227,-0.4108,-0.0791,120,20,true,50,,,,,,
B_trend,,,,10,0.0105,0.1487,-0.4072,218,1.1536,-0.0153,-0.0938,0.0258,0.2246,-0.4072,-0.0571,120,20,true,none,,,,,,
B_trend,,,,10,-0.0222,0.0082,-0.409,403,0.9958,-0.1752,-1.1606,0.065,0.3766,-0.3499,-0.0248,120,40,false,50,,,,,,
B_trend,,,,10,-0.0316,-0.0342,-0.448,317,0.9637,-0.1972,-1.2772,0.0637,0.3728,-0.3294,-0.009,120,40,false,none,,,,,,
B_trend,,,,10,0.0046,0.1115,-0.4416,249,1.104,-0.0355,-0.3571,0.0277,0.2343,-0.4416,-0.0863,120,40,true,50,,,,,,
B_trend,,,,10,-0.0014,0.0794,-0.4367,204,1.0849,-0.0406,-0.4127,0.0212,0.2038,-0.4367,-0.049,120,40,true,none,,,,,,
B_trend,,,,10,-0.0039,0.1024,-0.4651,570,1.062,-0.1391,-0.8901,0.0731,0.3925,-0.4651,-0.0272,200,10,false,50,,,,,,
B_trend,,,,10,-0.0192,0.0457,-0.4976,353,1.0173,-0.1605,-0.8472,0.0625,0.3561,-0.4976,0.0247,200,10,false,none,,,,,,
B_trend,,,,10,0.0349,0.2776,-0.4138,283,1.3136,-0.0011,0.0291,0.0559,0.3592,-0.4138,-0.1034,200,10,true,50,,,,,,
B_trend,,,,10,0.0362,0.2806,-0.3863,204,1.3815,-0.0078,-0.0497,0.0613,0.3762,-0.3863,-0.0938,200,10,true,none,,,,,,
B_trend,,,,10,0.013,0.1682,-0.3679,449,1.1171,-0.1228,-0.8193,0.0885,0.4619,-0.3679,-0.0394,200,20,false,50,,,,,,
B_trend,,,,10,-0.0063,0.0873,-0.5128,334,1.0638,-0.1204,-0.723,0.0562,0.3388,-0.5128,0.0092,200,20,false,none,,,,,,
B_trend,,,,10,0.0283,0.2449,-0.4031,260,1.2676,-0.0065,-0.0346,0.0484,0.33,-0.4031,-0.0838,200,20,true,50,,,,,,
B_trend,,,,10,0.041,0.3071,-0.4044,205,1.4313,-0.0105,-0.0829,0.0699,0.4149,-0.4044,-0.0797,200,20,true,none,,,,,,
B_trend,,,,10,0.0102,0.1534,-0.3594,367,1.1099,-0.0981,-0.7163,0.0701,0.3976,-0.3594,-0.0485,200,40,false,50,,,,,,
B_trend,,,,10,0.0001,0.1101,-0.3256,299,1.0801,-0.1143,-0.814,0.0628,0.365,-0.3256,-0.0051,200,40,false,none,,,,,,
B_trend,,,,10,0.0114,0.1512,-0.4197,244,1.1428,-0.014,-0.1235,0.0266,0.228,-0.4197,-0.098,200,40,true,50,,,,,,
B_trend,,,,10,0.0107,0.1486,-0.3978,193,1.1505,-0.0105,-0.082,0.0237,0.215,-0.3978,-0.0601,200,40,true,none,,,,,,
C_crash,,,,10,-0.0305,-0.1369,-0.2325,472,0.9202,-0.0644,-0.4743,-0.0126,-0.0026,-0.2325,-0.0877,,,,,0.3,30,1.2,10,,
C_crash,,,,10,-0.0097,0.0131,-0.2459,413,0.9805,-0.0642,-0.4274,0.0193,0.1989,-0.2459,-0.0533,,,,,0.3,30,1.2,20,,
C_crash,,,,10,-0.0274,-0.179,-0.2167,348,0.8805,-0.0527,-0.5053,-0.0149,-0.0569,-0.1778,-0.138,,,,,0.3,30,1.5,10,,
C_crash,,,,10,-0.0277,-0.1774,-0.2282,312,0.8701,-0.0537,-0.4818,-0.0148,-0.0561,-0.2282,-0.1111,,,,,0.3,30,1.5,20,,
C_crash,,,,10,-0.0075,-0.0334,-0.1715,245,0.9305,-0.04,-0.4359,0.0087,0.1367,-0.1715,-0.1439,,,,,0.3,30,2,10,,
C_crash,,,,10,0.0155,0.2058,-0.1147,217,1.0594,-0.0358,-0.3441,0.0414,0.4548,-0.0975,-0.1568,,,,,0.3,30,2,20,,
C_crash,,,,10,-0.0033,0.0572,-0.2184,513,1.0046,-0.0684,-0.4829,0.0309,0.2641,-0.1971,-0.092,,,,,0.3,90,1.2,10,,
C_crash,,,,10,-0.0033,0.0634,-0.2654,455,1.0076,-0.0782,-0.4874,0.0366,0.2916,-0.2586,-0.0593,,,,,0.3,90,1.2,20,,
C_crash,,,,10,-0.0007,0.0524,-0.2035,338,0.9872,-0.0497,-0.4869,0.0241,0.2533,-0.1518,-0.1475,,,,,0.3,90,1.5,10,,
C_crash,,,,10,-0.0162,-0.0792,-0.1987,306,0.9035,-0.0493,-0.4554,0.0003,0.0656,-0.1799,-0.1045,,,,,0.3,90,1.5,20,,
C_crash,,,,10,-0.0021,0.0247,-0.1715,240,0.9613,-0.037,-0.4143,0.0153,0.2014,-0.1715,-0.1496,,,,,0.3,90,2,10,,
C_crash,,,,10,0.0171,0.2251,-0.1019,213,1.0689,-0.0315,-0.3109,0.0416,0.4635,-0.0975,-0.1629,,,,,0.3,90,2,20,,
C_crash,,,,10,0.0459,0.5025,-0.1221,286,1.2724,-0.0002,0.033,0.0694,0.6655,-0.1221,-0.1309,,,,,0.4,30,1.2,10,,
C_crash,,,,10,0.0494,0.5244,-0.1142,255,1.3168,0.0048,0.1004,0.0725,0.6792,-0.1142,-0.0862,,,,,0.4,30,1.2,20,,
C_crash,,,,10,0.0263,0.364,-0.11,208,1.1532,-0.0034,-0.0149,0.0411,0.5151,-0.11,-0.1595,,,,,0.4,30,1.5,10,,
C_crash,,,,10,0.0357,0.4747,-0.0712,187,1.2804,0.003,0.077,0.0521,0.6483,-0.0679,-0.118,,,,,0.4,30,1.5,20,,
C_crash,,,,10,0.0183,0.3035,-0.1708,168,1.1004,-0.0015,-0.0176,0.0281,0.3989,-0.1708,-0.1221,,,,,0.4,30,2,10,,
C_crash,,,,10,0.025,0.3951,-0.1469,153,1.177,-0.0014,-0.0121,0.0381,0.517,-0.1469,-0.1177,,,,,0.4,30,2,20,,
C_crash,,,,10,0.0414,0.4183,-0.1278,322,1.1933,-0.0039,-0.0165,0.0649,0.5605,-0.1278,-0.1097,,,,,0.4,90,1.2,10,,
C_crash,,,,10,0.0636,0.5877,-0.1177,289,1.3411,0.0109,0.1752,0.0916,0.7372,-0.1177,-0.0625,,,,,0.4,90,1.2,20,,
C_crash,,,,10,0.0128,0.1948,-0.1298,214,1.0561,-0.0034,-0.0149,0.0208,0.2752,-0.1298,-0.1788,,,,,0.4,90,1.5,10,,
C_crash,,,,10,0.0203,0.283,-0.0938,194,1.13,0.003,0.077,0.0289,0.3696,-0.0938,-0.1178,,,,,0.4,90,1.5,20,,
C_crash,,,,10,0.0174,0.292,-0.1775,167,1.0907,-0.0015,-0.0176,0.0267,0.3844,-0.1775,-0.1196,,,,,0.4,90,2,10,,
C_crash,,,,10,0.0283,0.4438,-0.1342,151,1.2132,-0.0014,-0.0121,0.0431,0.5805,-0.1342,-0.1193,,,,,0.4,90,2,20,,
C_crash,,,,10,0.0217,0.3884,-0.0913,185,1.1501,-0.02,-0.5045,0.0428,0.6513,-0.0913,-0.0947,,,,,0.5,30,1.2,10,,
C_crash,,,,10,0.008,0.1556,-0.1147,174,1.0062,-0.0131,-0.2659,0.0186,0.2911,-0.1147,-0.0661,,,,,0.5,30,1.2,20,,
C_crash,,,,10,0.0123,0.2554,-0.1222,145,1.0566,-0.0125,-0.341,0.0246,0.4333,-0.1222,-0.089,,,,,0.5,30,1.5,10,,
C_crash,,,,10,0.0149,0.2841,-0.1079,137,1.1072,-0.0044,-0.0843,0.0245,0.4072,-0.1079,-0.0925,,,,,0.5,30,1.5,20,,
C_crash,,,,10,0.0078,0.1885,-0.1386,112,1.0049,-0.0102,-0.5366,0.0166,0.3234,-0.1386,-0.0781,,,,,0.5,30,2,10,,
C_crash,,,,10,0.0098,0.2202,-0.1136,109,1.0314,-0.0107,-0.4867,0.0199,0.3634,-0.1136,-0.0765,,,,,0.5,30,2,20,,
C_crash,,,,10,0.0002,0.0408,-0.1737,224,0.9773,-0.0167,-0.3418,0.0088,0.1456,-0.1737,-0.1015,,,,,0.5,90,1.2,10,,
C_crash,,,,10,-0.0092,-0.0729,-0.1941,210,0.905,-0.005,-0.0619,-0.0112,-0.0764,-0.1941,-0.0771,,,,,0.5,90,1.2,20,,
C_crash,,,,10,0.009,0.1925,-0.1219,149,1.0173,-0.0125,-0.341,0.0197,0.3473,-0.1219,-0.0959,,,,,0.5,90,1.5,10,,
C_crash,,,,10,0.0133,0.2578,-0.0688,138,1.069,-0.0044,-0.0843,0.022,0.373,-0.0688,-0.0848,,,,,0.5,90,1.5,20,,
C_crash,,,,10,0.0076,0.1847,-0.1383,111,1.0023,-0.0102,-0.5366,0.0164,0.3187,-0.1383,-0.0782,,,,,0.5,90,2,10,,
C_crash,,,,10,0.0097,0.2171,-0.1133,108,1.0292,-0.0107,-0.4867,0.0197,0.3595,-0.1133,-0.0767,,,,,0.5,90,2,20,,
D_relweak,,,,10,-0.0267,-0.1966,-0.422,675,0.9202,-0.1471,-1.514,0.0388,0.3986,-0.2173,0.0292,,,false,,,,,,3,14
D_relweak,,,,10,-0.0084,-0.1144,-0.2195,326,0.9298,-0.0001,0.0166,-0.0116,-0.144,-0.2166,-0.0309,,,true,,,,,,3,14
D_relweak,,,,10,-0.0417,-0.3332,-0.4547,581,0.8624,-0.1445,-1.5844,0.0135,0.1736,-0.2979,0.0395,,,false,,,,,,3,28
D_relweak,,,,10,-0.0238,-0.3557,-0.2678,280,0.7983,-0.0064,-0.1322,-0.0314,-0.4199,-0.2678,-0.0198,,,true,,,,,,3,28
D_relweak,,,,10,-0.0192,-0.1324,-0.3371,442,0.9402,-0.1005,-1.0721,0.0244,0.2752,-0.2929,0.0256,,,false,,,,,,3,56
D_relweak,,,,10,0.0053,0.1179,-0.1648,219,1.097,0.0019,0.0679,0.0084,0.1565,-0.1648,-0.0317,,,true,,,,,,3,56
D_relweak,,,,10,-0.0338,-0.1103,-0.5191,1036,0.959,-0.1793,-1.2978,0.0474,0.3417,-0.4071,0.0282,,,false,,,,,,5,14
D_relweak,,,,10,-0.0102,-0.0548,-0.3575,518,0.9749,-0.0031,-0.0129,-0.0122,-0.0564,-0.3575,-0.0581,,,true,,,,,,5,14
D_relweak,,,,10,-0.0507,-0.2167,-0.6128,850,0.91,-0.2097,-1.5087,0.0394,0.3037,-0.446,0.0492,,,false,,,,,,5,28
D_relweak,,,,10,-0.0121,-0.0762,-0.3304,424,0.9554,0.0051,0.1092,-0.0188,-0.1197,-0.3304,-0.0351,,,true,,,,,,5,28
D_relweak,,,,10,-0.0485,-0.2134,-0.4968,681,0.9069,-0.138,-0.9936,0.0001,0.0905,-0.4563,0.0333,,,false,,,,,,5,56
D_relweak,,,,10,-0.0106,-0.0545,-0.3081,356,0.9654,0.0039,0.0913,-0.0156,-0.0805,-0.3081,-0.0461,,,true,,,,,,5,56
D_relweak,,,,10,-0.0931,-0.1368,-0.7487,1833,0.9583,-0.2555,-1.1771,0.001,0.1842,-0.7139,0.0233,,,false,,,,,,10,14
D_relweak,,,,10,-0.0638,-0.2499,-0.6075,974,0.8825,-0.0073,0.0018,-0.0876,-0.3155,-0.6075,-0.0993,,,true,,,,,,10,14
D_relweak,,,,10,-0.0925,-0.143,-0.7966,1430,0.9515,-0.2833,-1.3262,0.0217,0.2381,-0.7027,0.0433,,,false,,,,,,10,28
D_relweak,,,,10,-0.0407,-0.1197,-0.5591,778,0.9331,0.0005,0.065,-0.0565,-0.1579,-0.5591,-0.0674,,,true,,,,,,10,28
D_relweak,,,,10,-0.1174,-0.2376,-0.7806,1141,0.9018,-0.2598,-1.2156,-0.035,0.0739,-0.7048,0.0336,,,false,,,,,,10,56
D_relweak,,,,10,-0.0636,-0.2372,-0.5579,652,0.8578,-0.0154,-0.0634,-0.0825,-0.2753,-0.5579,-0.0781,,,true,,,,,,10,56