sym,entryDate,exitDate,reason,entryPx,exitPx,ret,pnlPctOfEq,funding,fees,notional0,days,mae,peakToEntry,entryAge
XLMUSDT,2020-12-24,2020-12-24,stop,0.126613,0.166446,-0.314604,-0.0202643,0,0.0000742709,0.0641759,0,0.317161,0.455237,339
XRPUSDT,2020-12-24,2021-01-30,stop,0.258671,0.408947,-0.580957,-0.017656,0.00250798,0.0000446909,0.0346313,37,0.577801,0.669856,353
FTMUSDT,2021-01-30,2021-01-30,stop,0.128427,0.161343,-0.256304,-0.0205313,0,0.0000880768,0.079754,0,0.311768,0.510399,128
DOGEUSDT,2021-01-30,2021-02-04,stop,0.0458271,0.0564701,-0.232242,-0.0205429,-0.000308441,0.0000947065,0.0866816,5,0.231011,0.482717,204
DOGEUSDT,2021-02-05,2021-02-07,stop,0.0527546,0.0694913,-0.317256,-0.0197197,0.000412472,0.0000676496,0.063336,2,0.31594,0.404938,210
AVAXUSDT,2021-03-10,2021-03-20,exitSignal,34.3156,37.3875,-0.089516,-0.00395932,0.00180062,0.0000620564,0.065719,10,0.122156,0.433723,168
FTMUSDT,2021-02-27,2021-04-28,timeStop,0.522412,0.527149,-0.00906671,0.00890922,0.00863108,0.000057839,0.0637141,60,0.23772,0.400861,156
SOLUSDT,2021-05-20,2021-05-20,stop,34.924,49.3867,-0.414116,-0.0202121,0,0.0000554128,0.048666,0,0.495131,0.403376,248
KSMUSDT,2021-05-20,2021-06-09,stop,337.932,500.177,-0.480111,-0.0198848,0.000253014,0.0000489751,0.0418676,20,0.477157,0.461368,218
SNXUSDT,2021-05-20,2021-07-06,exitSignal,14.3376,10.6182,0.259419,0.0109922,0.0000463013,0.0000347471,0.0423251,47,0.370518,0.444384,279
RLCUSDT,2021-05-12,2021-07-11,timeStop,9.62287,2.98566,0.689733,0.0496196,-0.000610564,0.0000434235,0.0729844,60,0.184678,0.412616,285
BNBUSDT,2021-05-20,2021-07-19,timeStop,334.293,301.931,0.096807,0.00321438,-0.00134366,0.0000434406,0.0483935,60,0.292819,0.51729,465
FTMUSDT,2021-05-20,2021-07-19,timeStop,0.392907,0.19044,0.515304,0.013985,0.0000636992,0.0000189402,0.0270471,60,0.307359,0.591647,238
XTZUSDT,2021-05-20,2021-07-19,timeStop,3.60639,2.43286,0.325404,0.0124451,0.000488311,0.0000290255,0.0367488,60,0.241962,0.572647,469
DOTUSDT,2021-05-20,2021-07-19,timeStop,25.0385,12.6536,0.494632,0.020768,0.000370962,0.0000292914,0.0412545,60,0.250076,0.497322,271
BCHUSDT,2021-05-20,2021-07-19,timeStop,693.733,438.238,0.36829,0.0133049,0.000285898,0.0000272299,0.0353815,60,0.245422,0.57779,518
RUNEUSDT,2021-05-20,2021-07-19,timeStop,11.5245,4.09509,0.644661,0.025243,-0.000915324,0.0000260209,0.0407049,60,0.299236,0.459372,258
YFIUSDT,2021-05-21,2021-07-20,timeStop,51618.6,26913.7,0.478605,0.0215485,0.0000950599,0.0000293408,0.044864,60,0.0556576,0.456811,263
MANAUSDT,2021-11-01,2021-11-13,stop,2.88486,3.64167,-0.262341,-0.0186932,0.00153961,0.0000891306,0.0766327,12,0.26108,0.485488,231
WAVESUSDT,2022-04-05,2022-06-04,timeStop,34.6787,9.74087,0.719111,0.0438013,-0.00346148,0.0000424814,0.0657396,60,0.0318163,0.453382,601
UNFIUSDT,2022-06-08,2022-07-09,exitSignal,18.7652,7.48247,0.601258,0.0449592,-0.0000143982,0.0000551581,0.074885,31,0.108434,0.572164,474
FLMUSDT,2022-06-14,2022-07-13,stop,0.132767,0.188413,-0.419124,-0.0200962,0.000283259,0.0000647772,0.0484195,29,0.41347,0.610378,623
FLMUSDT,2022-07-24,2022-07-30,stop,0.173726,0.235797,-0.357294,-0.0202919,-0.0000564541,0.0000717585,0.0564604,6,0.354585,0.409106,663
BLZUSDT,2022-08-26,2022-10-25,timeStop,0.12022,0.0749916,0.376212,0.0248223,0.000409295,0.0000558286,0.0650901,60,0.159211,0.425784,708
TRBUSDT,2022-08-31,2022-10-30,timeStop,22.2677,16.5831,0.255285,0.0084861,-0.00302402,0.0000414154,0.0444961,60,0.073303,0.52043,727
FTTUSDT,2022-11-09,2022-11-14,delist/gap@lastClose,5.46553,1.59795,0.707631,0.0118654,-0.00563437,0.0000169894,0.0240832,5,0.185064,0.793361,208
SRMUSDT,2022-11-11,2022-11-15,delist/gap@lastClose,0.40429,0.288435,0.286564,0.0095505,-0.00639485,0.0000498767,0.054306,4,0.0851127,0.538391,797
AXSUSDT,2022-11-14,2022-12-05,stop,7.00499,9.7461,-0.391308,-0.0209006,-0.000591561,0.0000703243,0.0519191,21,0.385765,0.474256,724
GTCUSDT,2022-11-09,2023-01-08,timeStop,1.83732,1.35272,0.263754,0.0171842,0.000573349,0.000060058,0.0633697,60,0.235497,0.450119,516
SOLUSDT,2022-11-10,2023-01-09,timeStop,11.6842,14.4712,-0.238535,-0.0232308,-0.0172424,0.0000414248,0.0329266,60,0.607904,0.698376,787
BELUSDT,2023-02-22,2023-04-10,exitSignal,0.905186,0.750398,0.171002,0.0166276,0.000987588,0.0000915892,0.0924022,47,0.0679573,0.40719,826
FILUSDT,2023-03-16,2023-04-11,exitSignal,5.6002,6.17817,-0.103206,-0.00693252,0.000477863,0.000083138,0.0705865,26,0.17228,0.413194,881
MTLUSDT,2023-06-08,2023-07-11,stop,1.27722,1.58161,-0.238323,-0.022522,-0.00242889,0.000105016,0.0848841,33,0.235851,0.44413,799
TOMOUSDT,2023-05-30,2023-07-25,exitSignal,1.46324,1.32733,0.0928827,0.0077494,0.0000285844,0.0000876527,0.0840133,56,0.182722,0.43046,960
FLMUSDT,2023-06-22,2023-08-21,timeStop,0.0999996,0.0565974,0.434024,0.0407353,0.000890225,0.0000800617,0.0921723,60,0.127005,0.471798,996
STMXUSDT,2023-07-24,2023-09-15,exitSignal,0.00708291,0.00613224,0.13422,-0.0103657,-0.0239693,0.0000867023,0.0831819,53,0.156304,0.475556,854
TRBUSDT,2023-09-18,2023-09-19,stop,26.1079,34.3449,-0.315497,-0.0225754,-0.00271141,0.0000830278,0.0636891,1,0.314182,0.420306,1110
PERPUSDT,2023-09-11,2023-10-25,exitSignal,0.734665,0.610931,0.168422,0.011671,0.000351292,0.0000702177,0.0678202,44,0.0269993,0.44686,189
FLMUSDT,2023-09-24,2023-10-25,exitSignal,0.0886113,0.079158,0.106683,0.00698747,0.000513296,0.0000641363,0.0616655,31,0.00664362,0.408667,1090
LEVERUSDT,2023-10-05,2023-11-09,exitSignal,0.00161738,0.00148396,0.0824908,0.00542396,0.000603796,0.0000639265,0.0598753,35,0.029442,0.491839,189
PEOPLEUSDT,2024-01-04,2024-01-04,stop,0.0218981,0.0303966,-0.388095,-0.020226,0,0.0000737149,0.0519562,0,0.447615,0.703383,741
PEOPLEUSDT,2024-01-05,2024-01-05,stop,0.0235165,0.0327528,-0.392761,-0.0202241,0,0.0000710888,0.0513359,0,0.828507,0.681461,742
PEOPLEUSDT,2024-01-06,2024-01-07,stop,0.03993,0.0508149,-0.272598,-0.020266,0.0000243916,0.0000955787,0.0741137,1,0.270058,0.459269,743
BNTUSDT,2023-11-14,2024-01-13,timeStop,0.84945,0.761456,0.103589,0.00729345,0.00133118,0.0000626809,0.0594033,60,0.0319622,0.563846,96
MDTUSDT,2023-11-30,2024-01-29,timeStop,0.0645806,0.0500947,0.224307,0.0167821,0.00260557,0.0000644877,0.0647228,60,0.025076,0.462988,153
PEOPLEUSDT,2024-01-08,2024-02-14,exitSignal,0.0422589,0.0301301,0.28701,0.0190732,0.000616757,0.0000628945,0.064753,37,0.140589,0.42774,745
ALPHAUSDT,2023-12-18,2024-02-16,timeStop,0.148592,0.114038,0.232546,0.0256138,0.00250075,0.000101282,0.101048,60,0.0689658,0.410004,1120
TRBUSDT,2024-01-01,2024-03-01,timeStop,194.579,111.619,0.426358,0.0227096,0.00105342,0.0000463787,0.051212,60,0.20782,0.649117,1215
KEYUSDT,2024-03-19,2024-03-22,stop,0.00803989,0.0105423,-0.311246,-0.0203323,0.000146877,0.0000867471,0.0654939,3,0.306022,0.400967,300
ONTUSDT,2024-04-14,2024-04-15,stop,0.283532,0.366037,-0.29099,-0.020672,-0.000231029,0.0000935766,0.0700832,1,0.285846,0.407593,1524
FRONTUSDT,2024-03-20,2024-05-06,exitSignal,1.38851,1.16412,0.161602,0.0100033,0.00107079,0.0000595394,0.0564472,47,0.0797185,0.549442,180
BELUSDT,2024-04-13,2024-06-05,exitSignal,1.07802,1.04946,0.0264935,0.00159118,0.000563182,0.0000489654,0.0431729,53,0.0648217,0.590188,1242
HIGHUSDT,2024-06-09,2024-08-08,timeStop,5.18261,1.18076,0.77217,0.0443662,0.000123741,0.0000391585,0.057358,60,0.00804378,0.470622,488
UNFIUSDT,2024-10-24,2024-10-30,delist/gap@lastClose,2.88522,1.73865,0.397394,0.0199967,-0.00014605,0.000048104,0.0507324,6,0.133017,0.672222,1343
REEFUSDT,2024-10-16,2024-11-25,exitSignal,0.00377522,0.00173045,0.541628,0.0184502,0.0013167,0.0000271118,0.0320143,40,0.00656359,0.638296,1332
AGLDUSDT,2024-11-15,2024-12-21,stop,1.44146,1.89164,-0.312308,-0.0190764,0.00164398,0.0000911219,0.0651949,36,0.307079,0.515805,475
BLZUSDT,2024-12-19,2024-12-23,delist/gap@lastClose,0.0680736,0.0687018,-0.00922854,-0.000415582,-0.000074851,0.0000424954,0.0346241,4,0.200906,0.66169,1554
UXLINKUSDT,2024-12-26,2025-02-24,timeStop,1.81489,0.670438,0.630591,0.0215336,-0.0183315,0.0000476145,0.0587875,60,0.137147,0.526266,102
VIDTUSDT,2025-04-09,2025-04-09,stop,0.0149151,0.0224892,-0.507814,-0.0201891,0,0.000062739,0.0396589,0,0.582963,0.481237,229
VIDTUSDT,2025-04-13,2025-04-14,delist/gap@lastClose,0.00436563,0.00294465,0.325493,0.00203057,-0.000825824,0.00000857354,0.0083217,1,0.214029,0.857143,233
AERGOUSDT,2025-04-17,2025-04-17,stop,0.137415,0.187713,-0.36603,-0.0204113,0,0.0000815265,0.0555842,0,0.55915,0.679744,200
AERGOUSDT,2025-04-18,2025-04-18,stop,0.211865,0.269865,-0.273757,-0.0205015,0,0.000102662,0.0745794,0,0.404146,0.506349,201
BANUSDT,2025-02-25,2025-04-26,timeStop,0.068931,0.0507269,0.264091,0.00724614,-0.0000129849,0.0000289152,0.0275693,60,0.112707,0.642302,99
ALPACAUSDT,2025-04-28,2025-04-28,stop,0.177512,0.246314,-0.387588,-0.0202262,0,0.0000732363,0.0520246,0,0.577355,0.466717,249
ALPACAUSDT,2025-04-30,2025-04-30,stop,0.191804,0.284539,-0.483488,-0.0201199,0,0.0000595557,0.0415075,0,6.69692,0.42416,251
AUCTIONUSDT,2025-03-23,2025-05-11,exitSignal,31.2344,14.1674,0.546416,0.0253145,-0.00280802,0.0000446522,0.0506306,49,0.0428254,0.540397,464
NEIROETHUSDT,2025-05-21,2025-06-03,stop,0.0673351,0.097334,-0.445518,-0.0204318,-0.0000944456,0.0000636784,0.0455503,13,0.439759,0.468976,257
BANANAS31USDT,2025-06-27,2025-06-27,stop,0.0080919,0.0113008,-0.396556,-0.0202252,0,0.0000718664,0.0508485,0,0.468629,0.536821,97
LAYERUSDT,2025-05-07,2025-07-06,timeStop,1.74156,0.626951,0.640005,0.0233259,-0.00987395,0.0000386425,0.0501016,60,0.0962032,0.490069,85
DEGOUSDT,2025-06-05,2025-07-11,exitSignal,1.32924,1.12228,0.155693,0.00856262,0.000513303,0.0000551034,0.0524154,36,0.0216393,0.53947,174
MASKUSDT,2025-06-07,2025-07-12,exitSignal,1.84475,1.34679,0.269936,0.00688967,-0.00923441,0.0000551033,0.0555145,35,0.170563,0.502733,1380
HIPPOUSDT,2025-05-17,2025-07-14,exitSignal,0.00303292,0.00243349,0.197643,0.00844245,-0.000191345,0.0000450398,0.043763,58,0.267425,0.452613,185
OMNIUSDT,2025-07-13,2025-07-29,stop,3.03891,3.78205,-0.244542,-0.0202592,0.0000835911,0.00010668,0.0827632,16,0.242058,0.443307,452
MEMEFIUSDT,2025-08-08,2025-08-09,stop,0.00328841,0.00422047,-0.283437,-0.0202349,0.000304399,0.0000934357,0.0720466,1,0.278323,0.497409,105
MEMEFIUSDT,2025-08-10,2025-08-11,delist/gap@lastClose,0.00334465,0.002212,0.338644,0.0187912,0.000478754,0.0000502687,0.0543532,1,0.0766441,0.489482,107
DOLOUSDT,2025-08-28,2025-08-31,stop,0.220069,0.309005,-0.404126,-0.0206764,-0.000362567,0.0000743997,0.0502847,3,0.398532,0.453478,119
BANANAS31USDT,2025-07-12,2025-09-10,timeStop,0.0183037,0.00606917,0.668418,0.0204828,-0.000444197,0.0000237587,0.031257,60,0.18244,0.778759,112
HIFIUSDT,2025-09-13,2025-09-13,stop,0.468451,0.584023,-0.246711,-0.0203165,0,0.000110802,0.0819764,0,0.582321,0.516068,728
PUMPBTCUSDT,2025-09-14,2025-09-14,stop,0.0902791,0.115906,-0.283868,-0.0204899,0,0.0000964995,0.0718919,0,0.667053,0.427033,93
HIFIUSDT,2025-09-14,2025-09-14,stop,0.51968,0.669707,-0.288692,-0.0202789,0,0.0000941137,0.0699667,0,0.303707,0.463189,729
BSWUSDT,2025-09-15,2025-09-15,delist/gap@lastClose,0.0236227,0.012261,0.480964,0.0239685,0.000292564,0.0000434148,0.0493867,0,0.100638,0.463873,375
GMXUSDT,2025-08-11,2025-09-19,exitSignal,18.0418,16.0147,0.112359,0.0110002,0.000686636,0.0000987679,0.0932407,39,0.0253387,0.41567,906
ALPHAUSDT,2025-09-23,2025-09-23,delist/gap@lastClose,0.0232734,0.0203713,0.124692,0.00835234,0.0000075618,0.0000814092,0.0674437,0,0.223287,0.467838,1765
TUTUSDT,2025-09-21,2025-09-25,stop,0.0781833,0.10235,-0.309097,-0.0203754,0.000110007,0.0000959068,0.0659555,4,0.303881,0.58269,185
VICUSDT,2025-07-31,2025-09-29,timeStop,0.304989,0.207532,0.319541,0.0262383,-0.00186228,0.0000831602,0.0874948,60,0.00954527,0.422663,141
BAKEUSDT,2025-09-11,2025-10-03,delist/gap@lastClose,0.121678,0.0250245,0.794339,0.0591338,0.00233501,0.0000529141,0.0720847,22,0.266455,0.445909,1576
HIFIUSDT,2025-09-15,2025-10-03,delist/gap@lastClose,0.377872,0.0943695,0.750261,0.0316139,0.000724645,0.0000298965,0.0413372,18,0.284854,0.609649,730
TUTUSDT,2025-09-26,2025-10-05,stop,0.0870629,0.113126,-0.299357,-0.0199873,0.000370118,0.000102282,0.0674458,9,0.296763,0.535925,190
CYBERUSDT,2025-08-13,2025-10-12,timeStop,2.97703,0.966371,0.675392,0.0608782,-0.00223351,0.0000707055,0.0931134,60,0.0449998,0.41889,723
ASRUSDT,2025-08-22,2025-10-21,timeStop,3.3952,1.57483,0.536158,0.0237695,-0.0011122,0.0000404255,0.0461285,60,0.0291011,0.611707,108
FHEUSDT,2025-08-24,2025-10-23,timeStop,0.0756684,0.0370292,0.510639,0.0255363,0.00111451,0.0000424606,0.0482326,60,0.0659673,0.540606,134
PUMPBTCUSDT,2025-09-23,2025-10-25,exitSignal,0.126583,0.0656088,0.481694,0.00989076,-0.000349052,0.0000206494,0.0211295,32,0.0662545,0.85422,102
PIPPINUSDT,2025-10-27,2025-10-30,stop,0.0189021,0.0307732,-0.628029,-0.0201468,0.000243521,0.0000663955,0.0322595,3,0.621543,0.656329,276
PIPPINUSDT,2025-10-31,2025-10-31,stop,0.0266466,0.0393905,-0.478255,-0.0203501,0,0.0000852823,0.0424409,0,0.570932,0.515597,280
DOLOUSDT,2025-09-02,2025-11-01,timeStop,0.214161,0.0846051,0.604946,0.0238445,-0.00112899,0.0000351688,0.04098,60,0.066167,0.468513,124
SOLVUSDT,2025-10-12,2025-11-03,exitSignal,0.0188438,0.0220369,-0.169448,-0.00703018,0.00041544,0.0000744545,0.0427419,22,0.206231,0.654353,268
JELLYJELLYUSDT,2025-11-02,2025-11-03,stop,0.0573926,0.0923386,-0.608895,-0.0201656,0.0000168676,0.0000679931,0.0330651,1,0.605683,0.659941,221
BDXNUSDT,2025-10-27,2025-11-04,stop,0.0379467,0.0545491,-0.437518,-0.0203885,0.000317472,0.0000895932,0.0469328,8,0.427526,0.414308,146
BDXNUSDT,2025-11-06,2025-11-07,stop,0.0683231,0.0955091,-0.397904,-0.0202653,0.000190085,0.0000942781,0.0510866,1,0.392334,0.465078,156
SOONUSDT,2025-11-06,2025-11-07,stop,1.57365,1.98357,-0.260495,-0.0235446,-0.00468746,0.000136312,0.0783535,1,0.255473,0.480746,167
IPUSDT,2025-09-26,2025-11-25,timeStop,8.46353,2.49197,0.705563,0.0439573,-0.00865287,0.0000611816,0.071664,60,0.246171,0.433766,225
ALPINEUSDT,2025-10-01,2025-11-30,timeStop,6.60389,0.607321,0.908036,0.0572138,-0.0000955867,0.0000451935,0.0631265,60,0.0199292,0.631441,148
MERLUSDT,2025-11-28,2025-12-01,stop,0.28984,0.423762,-0.462057,-0.0201549,0.0000791247,0.0000895573,0.0436064,3,0.459139,0.452547,183
TUTUSDT,2025-10-06,2025-12-05,timeStop,0.103716,0.0150348,0.855039,0.0664598,0.000486452,0.0000596731,0.0773568,60,0.00881078,0.447031,200
EPTUSDT,2025-10-08,2025-12-07,timeStop,0.00585244,0.00226728,0.612593,0.0438601,0.00264114,0.0000651515,0.0685291,60,0.124829,0.412112,170
KOMAUSDT,2025-10-10,2025-12-09,timeStop,0.0253991,0.0128439,0.494317,0.0427521,0.00766646,0.0000791868,0.0754737,60,0.00948459,0.406483,304
JELLYJELLYUSDT,2025-11-05,2025-12-12,exitSignal,0.278351,0.064118,0.769651,0.0478676,0.00103018,0.0000574038,0.0613628,37,0.0910311,0.527128,224
FHEUSDT,2025-12-17,2025-12-19,stop,0.0824375,0.113838,-0.380898,-0.0202454,-0.0000274108,0.00010521,0.0529432,2,0.378141,0.434795,249
MLNUSDT,2025-10-22,2025-12-21,timeStop,8.67262,4.68129,0.460222,0.0242117,-0.00150172,0.000067787,0.0547286,60,0.116848,0.473273,205
LIGHTUSDT,2025-12-22,2026-01-01,stop,1.10409,2.33662,-1.11632,-0.0214109,-0.00209911,0.0000459661,0.0180069,10,1.1121,0.764762,86
SAPIENUSDT,2025-11-10,2026-01-04,exitSignal,0.268971,0.171749,0.361458,0.0108797,-0.00721978,0.0000536126,0.0434645,55,0.0258364,0.516746,82
BROCCOLI714USDT,2026-01-01,2026-01-04,stop,0.0173889,0.0276916,-0.592483,-0.0201327,0.000325306,0.0000724752,0.0342415,3,0.586138,0.808157,286
BROCCOLI714USDT,2026-01-05,2026-01-06,stop,0.0288821,0.0401604,-0.390493,-0.0203256,0.00010195,0.0000974062,0.0520585,1,0.384953,0.681838,290
BDXNUSDT,2025-11-15,2026-01-14,timeStop,0.0597802,0.0183412,0.693189,0.02012,0.0010459,0.0000287482,0.0280885,60,0.300932,0.600147,165
SOONUSDT,2025-11-15,2026-01-14,timeStop,2.68641,0.388254,0.855475,0.0330779,-0.0240121,0.0000507564,0.0566235,60,0.0960721,0.503205,176
BULLAUSDT,2026-01-05,2026-01-29,stop,0.0426602,0.0572221,-0.341347,-0.0176749,0.00513385,0.000112115,0.0611774,24,0.328066,0.434702,185
BTRUSDT,2026-02-05,2026-02-12,stop,0.0778041,0.123116,-0.582383,-0.0200244,0.000467712,0.0000743697,0.0347915,7,0.576078,0.536059,162
TAKEUSDT,2025-12-31,2026-02-14,exitSignal,0.120608,0.0557813,0.5375,0.0131777,0.00044581,0.0000291187,0.0240485,45,0.0347547,0.764879,119
SIRENUSDT,2026-02-17,2026-02-22,stop,0.216713,0.293175,-0.352824,-0.0201602,0.000140213,0.000111911,0.0571878,5,0.350124,0.44209,332
BULLAUSDT,2026-02-02,2026-02-24,exitSignal,0.0217382,0.0492884,-1.26736,-0.00574581,0.000320107,0.0000124514,0.00468284,22,1.56783,0.954688,213
QUSDT,2026-01-30,2026-03-01,exitSignal,0.0221636,0.0243079,-0.0967511,-0.00458129,0.00127552,0.000092423,0.054977,30,0.330696,0.418947,150
LIGHTUSDT,2026-01-02,2026-03-03,timeStop,0.743156,0.192572,0.740873,0.00965276,0.000455091,0.0000127522,0.0126558,60,0.178487,0.84177,97
BROCCOLI714USDT,2026-01-07,2026-03-08,timeStop,0.0407093,0.012864,0.684003,0.0440868,0.000310834,0.0000661967,0.0642258,60,0.0968023,0.552221,292
UAIUSDT,2026-03-10,2026-03-13,stop,0.267165,0.360613,-0.349778,-0.0203965,0.0000295837,0.000117378,0.0581665,3,0.344401,0.410053,124
BERAUSDT,2026-02-13,2026-03-14,exitSignal,0.721977,0.665428,0.0783253,-0.000856919,-0.00808315,0.0000825714,0.0513289,29,0.0414455,0.472516,372
FHEUSDT,2026-01-22,2026-03-23,timeStop,0.15012,0.0173204,0.884623,0.0395529,0.00013411,0.0000409133,0.0446475,60,0.176994,0.60426,285
BRUSDT,2026-03-23,2026-03-23,stop,0.117554,0.148726,-0.265165,-0.0205248,0,0.000151891,0.0770744,0,0.291317,0.560839,367
BRUSDT,2026-03-24,2026-03-24,stop,0.103353,0.139382,-0.348604,-0.0204224,0,0.000116559,0.0583866,0,0.741606,0.614057,368
ARPAUSDT,2026-01-30,2026-03-31,timeStop,0.0126447,0.0089445,0.292626,0.0197833,-0.00688498,0.000112963,0.0825194,60,0.0976966,0.443027,1564
SYNUSDT,2026-02-05,2026-04-03,exitSignal,0.0823749,0.0571744,0.305924,0.0191076,-0.00199252,0.0000933598,0.0665772,57,0.0249479,0.419416,538
JCTUSDT,2026-03-25,2026-04-04,stop,0.00277943,0.00383947,-0.381386,-0.0201958,0.000323408,0.000105884,0.0532956,10,0.375883,0.462444,135
ZILUSDT,2026-02-06,2026-04-07,timeStop,0.00422154,0.00382334,0.094327,-0.00349105,-0.0167346,0.00011013,0.0679034,60,0.250728,0.414127,2059
ARCUSDT,2026-02-26,2026-04-10,exitSignal,0.0579239,0.071379,-0.232288,-0.00781358,0.00124868,0.0000670778,0.0367479,43,0.253541,0.562377,405
ARIAUSDT,2026-04-10,2026-04-10,stop,0.377722,0.60348,-0.597684,-0.0201799,0,0.0000744194,0.0336902,0,0.768497,0.500528,219
FIOUSDT,2026-03-02,2026-04-15,delist/gap@lastClose,0.010832,0.00271249,0.749584,0.0535861,0.00157049,0.000073505,0.0702938,44,0.126297,0.443478,528
LYNUSDT,2026-03-14,2026-04-16,exitSignal,0.193253,0.0698737,0.638434,0.0172782,-0.00581194,0.000036706,0.0326029,33,0.190721,0.492221,159
SIRENUSDT,2026-04-05,2026-04-16,stop,0.504917,1.6283,-2.22488,-0.0234521,-0.0056513,0.0000315071,0.00899964,11,2.22166,0.895072,379
POWERUSDT,2026-03-04,2026-04-18,exitSignal,0.181968,0.112221,0.38329,0.00221121,0.000554942,0.00000667438,0.00491716,45,0.17268,0.929344,88
PLAYUSDT,2026-04-17,2026-04-24,stop,0.116916,0.164735,-0.409003,-0.0196012,0.00128739,0.000099495,0.0496707,7,0.40339,0.522152,260
ENSOUSDT,2026-02-26,2026-04-27,timeStop,1.86753,0.969034,0.481115,0.0112226,-0.02553,0.00006938,0.0558615,60,0.00785497,0.401664,135
DAMUSDT,2026-04-29,2026-04-29,delist/gap@lastClose,0.0263272,0.0273963,-0.0406066,-0.00137502,-0.000463806,0.0000464822,0.0265408,0,0.186604,0.677344,254
NAORISUSDT,2026-05-02,2026-05-02,stop,0.0847003,0.118345,-0.397223,-0.020379,0,0.000105313,0.0511494,0,0.391849,0.448195,275
LABUSDT,2026-05-03,2026-05-03,stop,1.99271,2.57304,-0.29123,-0.0202681,0,0.000133692,0.0693219,0,0.383747,0.515881,198
DUSDT,2026-04-06,2026-05-07,stop,0.014971,0.0207119,-0.38347,-0.0225821,-0.0032871,0.000106668,0.0535899,31,0.373853,0.416414,452
PLAYUSDT,2026-05-08,2026-05-09,stop,0.0657283,0.125722,-0.912747,-0.0202514,-0.00000179498,0.0000509835,0.0221507,1,0.905127,0.731193,281
BANKUSDT,2026-04-07,2026-05-10,exitSignal,0.0378471,0.0416472,-0.100408,-0.00541049,0.000907541,0.00010364,0.058643,33,0.194808,0.424458,354
THEUSDT,2026-03-17,2026-05-13,exitSignal,0.189833,0.11869,0.374764,0.0229131,-0.00192082,0.0000873606,0.0643475,57,0.00351229,0.613982,475
FFUSDT,2026-04-12,2026-05-13,exitSignal,0.0880535,0.0787246,0.105947,0.0112001,0.000834137,0.000162378,0.101945,31,0.0174492,0.485539,195
MLNUSDT,2026-05-17,2026-05-19,delist/gap@lastClose,2.60884,2.28336,0.124759,0.00917087,0.0000592986,0.00010896,0.0737611,2,0.117356,0.418444,412
PLAYUSDT,2026-05-10,2026-05-20,stop,0.103622,0.167435,-0.615821,-0.0205349,-0.000351742,0.0000659359,0.0329029,10,0.609384,0.576371,283
RIFUSDT,2026-05-23,2026-05-26,stop,0.0474832,0.0613692,-0.292439,-0.0234652,-0.00425919,0.000129095,0.0708058,3,0.283455,0.429205,945
STOUSDT,2026-04-03,2026-06-02,timeStop,0.222747,0.0608326,0.726898,0.0132059,-0.00159349,0.0000212451,0.0194629,60,0.211688,0.880546,356
PORTALUSDT,2026-06-02,2026-06-02,stop,0.021477,0.0290862,-0.354296,-0.0204088,0,0.000105189,0.057413,0,0.361925,0.568246,824
BLESSUSDT,2026-04-16,2026-06-07,exitSignal,0.00988918,0.00632045,0.360873,0.00894195,0.00113302,0.0000317149,0.0229674,52,0.321039,0.737238,205
ESPORTSUSDT,2026-05-27,2026-06-11,stop,0.040419,0.254078,-5.28611,-0.019619,0.000745833,0.0000213933,0.0038001,15,5.27357,0.951468,302
AKEUSDT,2026-04-17,2026-06-16,timeStop,0.000544787,0.000314062,0.423513,0.0192392,0.00354783,0.0000530444,0.0404656,60,0.403485,0.578359,203
SOONUSDT,2026-04-18,2026-06-17,timeStop,0.216865,0.177218,0.18282,0.0114021,-0.00632363,0.000128887,0.0830252,60,0.138955,0.435844,330
TRADOORUSDT,2026-04-25,2026-06-24,timeStop,0.854288,0.415951,0.513102,0.00284418,0.000310926,0.00000658768,0.00519533,60,0.600163,0.916893,218
HEIUSDT,2026-06-25,2026-06-25,stop,0.113822,0.159845,-0.404347,-0.0203799,0,0.0000989055,0.0502526,0,0.668923,0.424709,497
SYNUSDT,2026-06-26,2026-06-28,stop,0.330369,0.427687,-0.294572,-0.0207057,-0.000680542,0.000125449,0.0685748,2,0.291989,0.491967,679
EVAAUSDT,2026-06-17,2026-07-02,stop,0.716863,1.01539,-0.416436,-0.0195349,0.00137246,0.0000947218,0.0488203,15,0.410793,0.474554,257
MEGAUSDT,2026-05-04,2026-07-03,timeStop,0.123902,0.0497192,0.59872,0.0341529,-0.00131356,0.0000677477,0.0584375,60,0.0912683,0.439736,94
HMSTRUSDT,2026-06-13,2026-07-04,exitSignal,0.000194311,0.000257498,-0.325188,-0.018144,-0.0000660958,0.000105675,0.0554731,21,0.331374,0.492175,625
SAGAUSDT,2026-05-14,2026-07-13,timeStop,0.0291017,0.0127434,0.562108,0.0338022,0.0000787041,0.0000668108,0.060121,60,0.28996,0.571029,765
PLAYUSDT,2026-05-21,2026-07-20,timeStop,0.0916863,0.034763,0.620849,0.0168142,-0.000822109,0.0000303949,0.0279535,60,0.690548,0.508535,294
MITOUSDT,2026-05-22,2026-07-21,timeStop,0.0418929,0.0223311,0.466947,0.0275593,-0.0000310817,0.0000708883,0.0591598,60,0.07393,0.510881,267
EPICUSDT,2026-07-06,2026-07-22,stop,0.376246,0.590198,-0.56865,-0.0230293,-0.00423323,0.0000710454,0.0356237,16,0.5624,0.543815,480
PORTALUSDT,2026-06-03,2026-08-02,timeStop,0.0256885,0.00981885,0.617773,0.032017,-0.0104841,0.000067877,0.0627373,60,0.0615637,0.48334,825
HUSDT,2026-06-16,2026-08-03,exitSignal,0.227972,0.0772494,0.661145,0.00815197,-0.00404271,0.0000176567,0.0160724,48,0.51181,0.736297,356
BABYUSDT,2026-06-07,2026-08-06,timeStop,0.0161576,0.0108339,0.329487,0.000860706,0.0000166122,0.00000351919,0.00258786,60,0.229141,0.987546,428
BELUSDT,2026-07-07,2026-08-10,exitSignal,0.126067,0.114007,0.0956644,0.00530381,-0.0000498597,0.0000831988,0.0563387,34,0.029053,0.448143,2057
MANTAUSDT,2026-06-29,2026-08-22,exitSignal,0.0866563,0.0628828,0.274342,0.0242555,-0.000747621,0.000123688,0.0904166,54,0.0347771,0.455144,893
TAIKOUSDT,2026-07-03,2026-08-22,exitSignal,0.132834,0.0795658,0.401012,0.0115901,0.000379973,0.0000357052,0.0283569,50,0.0464204,0.749435,387
ONGUSDT,2026-08-22,2026-08-25,stop,0.0861873,0.108428,-0.25805,-0.0252748,-0.00781461,0.000147413,0.0792237,3,0.253038,0.461994,999
BMTUSDT,2026-08-26,2026-08-27,stop,0.022964,0.0299132,-0.302613,-0.0210908,-0.00101863,0.000126749,0.0673789,1,0.297424,0.472127,527
DEXEUSDT,2026-07-22,2026-08-29,exitSignal,5.7942,2.47363,0.573086,0.00114597,-0.00722456,0.0000112685,0.00996888,38,0.113182,0.883977,575
EPICUSDT,2026-08-10,2026-09-06,exitSignal,0.537523,0.402303,0.251561,0.00704398,-0.00107193,0.0000427358,0.0307922,27,0.186554,0.582998,515
EVAAUSDT,2026-07-13,2026-09-11,timeStop,1.13926,0.491445,0.568628,0.0138641,0.0011515,0.0000261238,0.0231277,60,0.122922,0.703871,283
KOMAUSDT,2026-08-03,2026-09-14,stop,0.0163752,0.0227049,-0.386545,-0.018595,0.00322865,0.000101217,0.0531779,42,0.376907,0.511607,601
AVAAIUSDT,2026-08-22,2026-09-15,exitSignal,0.00962072,0.0102771,-0.0682288,-0.00237606,0.000855243,0.0000712349,0.0417972,24,0.326512,0.554039,582
LSKUSDT,2026-09-15,2026-09-16,stop,0.376863,0.672899,-0.785527,-0.0214194,-0.00211212,0.0000595015,0.0256103,1,0.781963,0.840848,964
BRUSDT,2026-09-16,2026-09-16,stop,0.251945,0.381608,-0.514648,-0.0203282,0,0.0000838539,0.0394029,0,1.83304,0.563218,544
TLMUSDT,2026-07-20,2026-09-18,timeStop,0.00222078,0.00139192,0.373226,0.0111735,-0.011385,0.0000636903,0.0492192,60,0.0879075,0.486137,1208
HEIUSDT,2026-08-07,2026-09-20,exitSignal,0.196363,0.162416,0.172878,0.00723252,-0.00137203,0.000068974,0.0470279,44,0.279617,0.639339,540
MMTUSDT,2026-08-02,2026-09-23,exitSignal,0.182634,0.173865,0.0480141,0.00109726,-0.00227838,0.0000833924,0.0538591,52,0.356812,0.607595,271
HANAUSDT,2026-07-26,2026-09-24,timeStop,0.027045,0.0152358,0.43665,0.0288212,0.00642145,0.0000700487,0.0567877,60,0.308559,0.496287,303
AINUSDT,2026-09-17,2026-10-04,stop,0.0232634,0.0651218,-1.79933,-0.019524,0.00103912,0.0000342694,0.0111974,17,1.78817,0.892658,434