sym,entryDate,exitDate,reason,units,entryPx,avgPx,exitPx,ret,pnlPctOfEq,funding,fees,notional0,maxNotional,days,mae,peakToEntry,entryAge
XLMUSDT,2020-12-24,2020-12-24,stop,1,0.126613,0.126613,0.166446,-0.314604,-0.0101321,0,0.0000371354,0.0320879,0.0320879,0,0.317161,0.455237,339
XRPUSDT,2020-12-24,2021-01-08,exitSignal,1,0.258671,0.258671,0.324562,-0.254732,-0.00417415,0.000256219,0.0000195211,0.0173157,0.0173157,15,0.492245,0.669856,353
FTMUSDT,2021-01-30,2021-01-30,stop,1,0.128427,0.128427,0.161343,-0.256304,-0.0102656,0,0.0000443437,0.039877,0.039877,0,0.311768,0.510399,128
DOGEUSDT,2021-01-30,2021-02-04,stop,1,0.0458271,0.0458271,0.0564701,-0.232242,-0.0102715,-0.00015529,0.0000476815,0.0433408,0.0433408,5,0.231011,0.482717,204
DOGEUSDT,2021-02-05,2021-02-07,stop,1,0.0527546,0.0527546,0.0694913,-0.317256,-0.00985984,0.000215985,0.0000354238,0.031668,0.031668,2,0.31594,0.404938,210
AVAXUSDT,2021-03-10,2021-03-20,exitSignal,1,34.3156,34.3156,37.3875,-0.089516,-0.00197966,0.000952288,0.0000328196,0.0328595,0.0328595,10,0.122156,0.433723,168
FTMUSDT,2021-02-27,2021-04-06,exitSignal,1,0.522412,0.522412,0.483628,0.0742397,0.00528622,0.00282175,0.0000293227,0.0318571,0.0318571,38,0.23772,0.400861,156
SOLUSDT,2021-05-20,2021-05-20,stop,1,34.924,34.924,49.3867,-0.414116,-0.0101061,0,0.0000287149,0.024333,0.024333,0,0.495131,0.403376,248
BNBUSDT,2021-05-20,2021-06-03,exitSignal,1,334.293,334.293,401.531,-0.201135,-0.00508696,-0.0001892,0.000026035,0.0241967,0.0241967,14,0.265358,0.51729,465
KSMUSDT,2021-05-20,2021-06-03,exitSignal,1,337.932,337.932,447.507,-0.324253,-0.00672702,0.0000832465,0.000023784,0.0209338,0.0209338,14,0.408539,0.461368,218
DOTUSDT,2021-05-20,2021-06-04,exitSignal,1,25.0385,25.0385,27.0015,-0.0784001,-0.00157269,0.0000644492,0.0000209568,0.0206272,0.0206272,15,0.250076,0.497322,271
SNXUSDT,2021-05-20,2021-07-05,exitSignal,1,14.3376,14.3376,8.61319,0.39926,0.00848737,0.0000537055,0.0000165593,0.0211626,0.0211626,46,0.370518,0.444384,279
YFIUSDT,2021-05-21,2021-07-07,exitSignal,1,51618.6,51618.6,35957.8,0.303395,0.00680672,0.0000186742,0.0000177764,0.022432,0.022432,47,0.0556576,0.456811,263
RLCUSDT,2021-05-12,2021-07-08,exitSignal,1,9.62287,9.62287,3.67664,0.617927,0.0221905,-0.000320089,0.0000241858,0.0364922,0.0364922,57,0.184678,0.412616,285
FTMUSDT,2021-05-20,2021-07-08,exitSignal,1,0.392907,0.392907,0.258646,0.341711,0.00461905,0.00000890818,0.0000109624,0.0135236,0.0135236,49,0.307359,0.591647,238
XTZUSDT,2021-05-20,2021-07-19,timeStop,1,3.60639,3.60639,2.43286,0.325404,0.00622255,0.000253043,0.000015041,0.0183744,0.0183744,60,0.241962,0.572647,469
BCHUSDT,2021-05-20,2021-07-19,timeStop,1,693.733,693.733,438.238,0.36829,0.00665244,0.000148153,0.0000141105,0.0176907,0.0176907,60,0.245422,0.57779,518
RUNEUSDT,2021-05-20,2021-07-19,timeStop,1,11.5245,11.5245,4.09509,0.644661,0.0126215,-0.000474321,0.000013484,0.0203525,0.0203525,60,0.299236,0.459372,258
MANAUSDT,2021-11-01,2021-11-13,stop,1,2.88486,2.88486,3.64167,-0.262341,-0.0093466,0.000749809,0.0000434076,0.0383163,0.0383163,12,0.26108,0.485488,231
WAVESUSDT,2022-04-05,2022-05-31,exitSignal,1,34.6787,34.6787,7.6046,0.780712,0.0243513,-0.00128044,0.0000198815,0.0328698,0.0328698,56,0.0318163,0.453382,601
FLMUSDT,2022-06-14,2022-07-08,exitSignal,1,0.132767,0.132767,0.114028,0.141146,0.00348986,0.000099234,0.0000234419,0.0242098,0.0242098,24,0.122266,0.610378,623
UNFIUSDT,2022-06-08,2022-07-09,exitSignal,1,18.7652,18.7652,7.48247,0.601258,0.0224796,-0.00000694696,0.0000266132,0.0374425,0.0374425,31,0.108434,0.572164,474
FLMUSDT,2022-07-24,2022-07-30,stop,1,0.173726,0.173726,0.235797,-0.357294,-0.0101459,-0.0000272971,0.0000346971,0.0282302,0.0282302,6,0.354585,0.409106,663
BLZUSDT,2022-08-26,2022-10-01,exitSignal,1,0.12022,0.12022,0.0896828,0.254009,0.00838243,0.000148749,0.0000293268,0.0325451,0.0325451,36,0.159211,0.425784,708
TRBUSDT,2022-08-31,2022-10-30,timeStop,1,22.2677,22.2677,16.5831,0.255285,0.00424305,-0.00147005,0.0000201331,0.022248,0.022248,60,0.073303,0.52043,727
FTTUSDT,2022-11-09,2022-11-14,delist/gap@lastClose,1,5.46553,5.46553,1.59795,0.707631,0.00593272,-0.00269732,0.00000813328,0.0120416,0.0120416,5,0.185064,0.793361,208
SRMUSDT,2022-11-11,2022-11-15,delist/gap@lastClose,1,0.40429,0.40429,0.288435,0.286564,0.00477525,-0.00309003,0.0000241007,0.027153,0.027153,4,0.0851127,0.538391,797
GTCUSDT,2022-11-09,2022-12-01,exitSignal,1,1.83732,1.83732,1.87775,-0.0220049,-0.000592761,0.000142672,0.0000334833,0.0316848,0.0316848,22,0.235497,0.450119,516
AXSUSDT,2022-11-14,2022-12-05,stop,1,7.00499,7.00499,9.7461,-0.391308,-0.0104503,-0.000278127,0.0000330636,0.0259596,0.0259596,21,0.385765,0.474256,724
SOLUSDT,2022-11-10,2023-01-04,exitSignal,1,11.6842,11.6842,13.3393,-0.141659,-0.00958755,-0.00767732,0.0000187001,0.0164633,0.0164633,55,0.607904,0.698376,787
BELUSDT,2023-02-22,2023-04-10,exitSignal,1,0.905186,0.905186,0.750398,0.171002,0.00831379,0.000471295,0.000043708,0.0462011,0.0462011,47,0.0679573,0.40719,826
FILUSDT,2023-03-16,2023-04-11,exitSignal,1,5.6002,5.6002,6.17817,-0.103206,-0.00346626,0.000224365,0.0000390347,0.0352933,0.0352933,26,0.17228,0.413194,881
MTLUSDT,2023-06-08,2023-06-23,exitSignal,1,1.27722,1.27722,1.43782,-0.125739,-0.00639349,-0.00105708,0.000047132,0.042442,0.042442,15,0.143576,0.44413,799
TOMOUSDT,2023-05-30,2023-07-25,exitSignal,1,1.46324,1.46324,1.32733,0.0928827,0.0038747,0.0000135778,0.0000416357,0.0420067,0.0420067,56,0.182722,0.43046,960
FLMUSDT,2023-06-22,2023-08-14,exitSignal,1,0.0999996,0.0999996,0.0690408,0.309589,0.0145766,0.00036403,0.0000407704,0.0460861,0.0460861,53,0.127005,0.471798,996
STMXUSDT,2023-07-24,2023-09-15,exitSignal,1,0.00708291,0.00708291,0.00613224,0.13422,-0.00518285,-0.0113216,0.0000409529,0.041591,0.041591,53,0.156304,0.475556,854
TRBUSDT,2023-09-18,2023-09-19,stop,1,26.1079,26.1079,34.3449,-0.315497,-0.0112877,-0.00126832,0.0000388381,0.0318446,0.0318446,1,0.314182,0.420306,1110
PERPUSDT,2023-09-11,2023-10-02,exitSignal,1,0.734665,0.734665,0.657112,0.105562,0.00354297,-0.00000479769,0.0000339082,0.0339101,0.0339101,21,0.0269993,0.44686,189
FLMUSDT,2023-09-24,2023-10-24,exitSignal,1,0.0886113,0.0886113,0.0764526,0.137214,0.00442731,0.000234501,0.0000298847,0.0308328,0.0308328,30,0.00664362,0.408667,1090
LEVERUSDT,2023-10-05,2023-11-09,exitSignal,1,0.00161738,0.00161738,0.00148396,0.0824908,0.00271198,0.000282828,0.0000299442,0.0299376,0.0299376,35,0.029442,0.491839,189
BNTUSDT,2023-11-14,2023-12-03,exitSignal,1,0.84945,0.84945,0.794185,0.0650592,0.00205688,0.000160279,0.0000300534,0.0297016,0.0297016,19,0.0319622,0.563846,96
MDTUSDT,2023-11-30,2023-12-23,exitSignal,1,0.0645806,0.0645806,0.061344,0.0501176,0.00209732,0.00053249,0.000033137,0.0323614,0.0323614,23,0.025076,0.462988,153
PEOPLEUSDT,2024-01-04,2024-01-04,stop,1,0.0218981,0.0218981,0.0303966,-0.388095,-0.010113,0,0.0000332703,0.0259781,0.0259781,0,0.447615,0.703383,741
PEOPLEUSDT,2024-01-05,2024-01-05,stop,1,0.0235165,0.0235165,0.0327528,-0.392761,-0.0101121,0,0.0000325917,0.0256679,0.0256679,0,0.828507,0.681461,742
PEOPLEUSDT,2024-01-06,2024-01-07,stop,1,0.03993,0.03993,0.0508149,-0.272598,-0.010133,0.0000112765,0.0000441871,0.0370569,0.0370569,1,0.270058,0.459269,743
TRBUSDT,2024-01-01,2024-01-18,exitSignal,1,194.579,194.579,157.362,0.19127,0.00473603,-0.000146595,0.0000245167,0.025606,0.025606,17,0.20782,0.649117,1215
ALPHAUSDT,2023-12-18,2024-02-13,exitSignal,1,0.148592,0.148592,0.102186,0.312303,0.0166974,0.00101191,0.0000448783,0.0505239,0.0505239,57,0.0689658,0.410004,1120
PEOPLEUSDT,2024-01-08,2024-02-14,exitSignal,1,0.0422589,0.0422589,0.0301301,0.28701,0.00953658,0.000284308,0.0000289926,0.0323765,0.0323765,37,0.140589,0.42774,745
KEYUSDT,2024-03-19,2024-03-22,stop,1,0.00803989,0.00803989,0.0105423,-0.311246,-0.0101661,0.0000673144,0.0000397567,0.032747,0.032747,3,0.306022,0.400967,300
ONTUSDT,2024-04-14,2024-04-15,stop,1,0.283532,0.283532,0.366037,-0.29099,-0.010336,-0.000104995,0.0000425276,0.0350416,0.0350416,1,0.285846,0.407593,1524
FRONTUSDT,2024-03-20,2024-05-06,exitSignal,1,1.38851,1.38851,1.16412,0.161602,0.00500163,0.000490458,0.0000272711,0.0282236,0.0282236,47,0.0797185,0.549442,180
BELUSDT,2024-04-13,2024-05-29,exitSignal,1,1.07802,1.07802,0.921439,0.145249,0.00331607,0.000211115,0.0000210607,0.0215865,0.0215865,46,0.0648217,0.590188,1242
HIGHUSDT,2024-06-09,2024-07-16,exitSignal,1,5.18261,5.18261,1.7029,0.671421,0.0192391,0.00000259859,0.000019769,0.028679,0.028679,37,0.00804378,0.470622,488
UNFIUSDT,2024-10-24,2024-10-30,delist/gap@lastClose,1,2.88522,2.88522,1.73865,0.397394,0.00999834,-0.0000658859,0.0000217006,0.0253662,0.0253662,6,0.133017,0.672222,1343
REEFUSDT,2024-10-16,2024-11-25,exitSignal,1,0.00377522,0.00377522,0.00173045,0.541628,0.00922511,0.000599541,0.000012345,0.0160071,0.0160071,40,0.00656359,0.638296,1332
AGLDUSDT,2024-11-15,2024-11-30,exitSignal,1,1.44146,1.44146,1.57868,-0.0951953,-0.0028446,0.000315846,0.0000368531,0.0325975,0.0325975,15,0.101871,0.515805,475
BLZUSDT,2024-12-19,2024-12-23,delist/gap@lastClose,1,0.0680736,0.0680736,0.0687018,-0.00922854,-0.000207791,-0.0000329317,0.0000186964,0.017312,0.017312,4,0.200906,0.66169,1554
UXLINKUSDT,2024-12-26,2025-02-24,timeStop,1,1.81489,1.81489,0.670438,0.630591,0.0107668,-0.00832798,0.0000216311,0.0293938,0.0293938,60,0.137147,0.526266,102
VIDTUSDT,2025-04-09,2025-04-09,stop,1,0.0149151,0.0149151,0.0224892,-0.507814,-0.0100946,0,0.0000276058,0.0198295,0.0198295,0,0.582963,0.481237,229
VIDTUSDT,2025-04-13,2025-04-14,delist/gap@lastClose,1,0.00436563,0.00436563,0.00294465,0.325493,0.00101529,-0.000367945,0.00000381994,0.00416085,0.00416085,1,0.214029,0.857143,233
AERGOUSDT,2025-04-17,2025-04-17,stop,1,0.137415,0.137415,0.187713,-0.36603,-0.0102056,0,0.0000361888,0.0277921,0.0277921,0,0.55915,0.679744,200
AERGOUSDT,2025-04-18,2025-04-18,stop,1,0.211865,0.211865,0.269865,-0.273757,-0.0102507,0,0.0000461155,0.0372897,0.0372897,0,0.404146,0.506349,201
BANUSDT,2025-02-25,2025-04-20,exitSignal,1,0.068931,0.068931,0.0455188,0.339647,0.00464374,-0.0000290508,0.0000124319,0.0137847,0.0137847,54,0.112707,0.642302,99
AUCTIONUSDT,2025-03-23,2025-04-25,exitSignal,1,31.2344,31.2344,12.534,0.598711,0.0139803,-0.00126118,0.0000193091,0.0253153,0.0253153,33,0.0428254,0.540397,464
ALPACAUSDT,2025-04-28,2025-04-28,stop,1,0.177512,0.177512,0.246314,-0.387588,-0.0101131,0,0.0000333557,0.0260123,0.0260123,0,0.577355,0.466717,249
ALPACAUSDT,2025-04-30,2025-04-30,stop,1,0.191804,0.191804,0.284539,-0.483488,-0.01006,0,0.0000274016,0.0207538,0.0207538,0,6.69692,0.42416,251
NEIROETHUSDT,2025-05-21,2025-06-03,stop,1,0.0673351,0.0673351,0.097334,-0.445518,-0.0102159,-0.0000437757,0.0000295151,0.0227752,0.0227752,13,0.439759,0.468976,257
LAYERUSDT,2025-05-07,2025-06-24,exitSignal,1,1.74156,1.74156,0.752302,0.568029,0.00996991,-0.00446478,0.0000188791,0.0250508,0.0250508,48,0.0962032,0.490069,85
BANANAS31USDT,2025-06-27,2025-06-27,stop,1,0.0080919,0.0080919,0.0113008,-0.396556,-0.0101126,0,0.0000327584,0.0254242,0.0254242,0,0.468629,0.536821,97
HIPPOUSDT,2025-05-17,2025-07-04,exitSignal,1,0.00303292,0.00303292,0.00195381,0.355798,0.00756348,-0.000216012,0.0000190547,0.0218815,0.0218815,48,0.267425,0.452613,185
DEGOUSDT,2025-06-05,2025-07-11,exitSignal,1,1.32924,1.32924,1.12228,0.155693,0.00428131,0.000238259,0.0000255773,0.0262077,0.0262077,36,0.0216393,0.53947,174
MASKUSDT,2025-06-07,2025-07-11,exitSignal,1,1.84475,1.84475,1.33567,0.275965,0.0036062,-0.00427888,0.0000254055,0.0277573,0.0277573,34,0.170563,0.502733,1380
BANANAS31USDT,2025-07-12,2025-07-29,exitSignal,1,0.0183037,0.0183037,0.00786986,0.570039,0.00868191,-0.000227269,0.0000118181,0.0156269,0.0156269,17,0.18244,0.778759,112
OMNIUSDT,2025-07-13,2025-07-29,stop,1,3.03891,3.03891,3.78205,-0.244542,-0.0101296,0.0000385851,0.000049243,0.0413816,0.0413816,16,0.242058,0.443307,452
MEMEFIUSDT,2025-08-08,2025-08-09,stop,1,0.00328841,0.00328841,0.00422047,-0.283437,-0.0101175,0.000141738,0.0000435067,0.0360233,0.0360233,1,0.278323,0.497409,105
MEMEFIUSDT,2025-08-10,2025-08-11,delist/gap@lastClose,1,0.00334465,0.00334465,0.002212,0.338644,0.00939562,0.000225173,0.0000236429,0.0271766,0.0271766,1,0.0766441,0.489482,107
DOLOUSDT,2025-08-28,2025-08-31,stop,1,0.220069,0.220069,0.309005,-0.404126,-0.0103382,-0.00016225,0.0000332942,0.0251424,0.0251424,3,0.398532,0.453478,119
FHEUSDT,2025-08-24,2025-09-09,exitSignal,1,0.0756684,0.0756684,0.0598495,0.209056,0.005103,0.0000895389,0.0000233133,0.0241163,0.0241163,16,0.0659673,0.540606,134
VICUSDT,2025-07-31,2025-09-11,exitSignal,1,0.304989,0.304989,0.243913,0.200254,0.00772462,-0.00105262,0.0000415791,0.0437474,0.0437474,42,0.00954527,0.422663,141
GMXUSDT,2025-08-11,2025-09-13,exitSignal,1,18.0418,18.0418,15.4458,0.143888,0.00690199,0.000249346,0.0000454891,0.0466203,0.0466203,33,0.0253387,0.41567,906
HIFIUSDT,2025-09-13,2025-09-13,stop,1,0.468451,0.468451,0.584023,-0.246711,-0.0101604,0,0.0000501288,0.0409969,0.0409969,0,0.582321,0.516068,728
CYBERUSDT,2025-08-13,2025-09-14,exitSignal,1,2.97703,2.97703,1.8926,0.364266,0.0160614,-0.000913798,0.0000404823,0.0465567,0.0465567,32,0.0449998,0.41889,723
PUMPBTCUSDT,2025-09-14,2025-09-14,stop,1,0.0902791,0.0902791,0.115906,-0.283868,-0.010246,0,0.0000443484,0.0359496,0.0359496,0,0.667053,0.427033,93
HIFIUSDT,2025-09-14,2025-09-14,stop,1,0.51968,0.51968,0.669707,-0.288692,-0.0101405,0,0.000043252,0.0349869,0.0349869,0,0.303707,0.463189,729
BSWUSDT,2025-09-15,2025-09-15,delist/gap@lastClose,1,0.0236227,0.0236227,0.012261,0.480964,0.0119842,0.000134573,0.0000199699,0.0246933,0.0246933,0,0.100638,0.463873,375
ALPHAUSDT,2025-09-23,2025-09-23,delist/gap@lastClose,1,0.0232734,0.0232734,0.0203713,0.124692,0.00417617,0.00000327554,0.0000352639,0.0337218,0.0337218,0,0.223287,0.467838,1765
TUTUSDT,2025-09-21,2025-09-25,stop,1,0.0781833,0.0781833,0.10235,-0.309097,-0.0101877,0.0000485611,0.0000423366,0.0329778,0.0329778,4,0.303881,0.58269,185
BAKEUSDT,2025-09-11,2025-10-03,delist/gap@lastClose,1,0.121678,0.121678,0.0250245,0.794339,0.0295724,0.00104916,0.0000237752,0.036049,0.036049,22,0.266455,0.445909,1576
HIFIUSDT,2025-09-15,2025-10-03,delist/gap@lastClose,1,0.377872,0.377872,0.0943695,0.750261,0.0158069,0.000333321,0.0000137517,0.0206686,0.0206686,18,0.284854,0.609649,730
TUTUSDT,2025-09-26,2025-10-05,stop,1,0.0870629,0.0870629,0.113126,-0.299357,-0.00999365,0.000157692,0.0000435783,0.0337229,0.0337229,9,0.296763,0.535925,190
KAVAUSDT,2025-10-11,2025-10-11,stop,1,0.16512,0.16512,0.218757,-0.324836,-0.0103649,0,0.0000462916,0.0317943,0.0317943,0,0.380814,0.558487,1901
ASRUSDT,2025-08-22,2025-10-21,timeStop,1,3.3952,3.3952,1.57483,0.536158,0.0118848,-0.000504592,0.0000183406,0.0230643,0.0230643,60,0.0291011,0.611707,108
EPTUSDT,2025-10-08,2025-10-24,exitSignal,1,0.00585244,0.00585244,0.00437674,0.252152,0.00877263,0.00018784,0.0000345775,0.0342646,0.0342646,16,0.0465712,0.412112,170
PUMPBTCUSDT,2025-09-23,2025-10-25,exitSignal,1,0.126583,0.126583,0.0656088,0.481694,0.00494538,-0.000151199,0.00000894468,0.0105647,0.0105647,32,0.0662545,0.85422,102
PIPPINUSDT,2025-10-27,2025-10-30,stop,1,0.0189021,0.0189021,0.0307732,-0.628029,-0.0100734,0.0000955423,0.0000260494,0.0161298,0.0161298,3,0.621543,0.656329,276
PIPPINUSDT,2025-10-31,2025-10-31,stop,1,0.0266466,0.0266466,0.0393905,-0.478255,-0.0101751,0,0.0000327346,0.0212204,0.0212204,0,0.570932,0.515597,280
DOLOUSDT,2025-09-02,2025-11-01,timeStop,1,0.214161,0.214161,0.0846051,0.604946,0.0119222,-0.000505346,0.0000157418,0.02049,0.02049,60,0.066167,0.468513,124
SOLVUSDT,2025-10-12,2025-11-03,exitSignal,1,0.0188438,0.0188438,0.0220369,-0.169448,-0.00351487,0.00016037,0.0000287413,0.0213696,0.0213696,22,0.206231,0.654353,268
JELLYJELLYUSDT,2025-11-02,2025-11-03,stop,1,0.0573926,0.0573926,0.0923386,-0.608895,-0.0100828,0.00000656114,0.0000264479,0.0165326,0.0165326,1,0.605683,0.659941,221
BDXNUSDT,2025-10-27,2025-11-04,stop,1,0.0379467,0.0379467,0.0545491,-0.437518,-0.0101942,0.000124556,0.0000351508,0.0234664,0.0234664,8,0.427526,0.414308,146
BDXNUSDT,2025-11-06,2025-11-07,stop,1,0.0683231,0.0683231,0.0955091,-0.397904,-0.0101326,0.0000749382,0.0000371677,0.0255433,0.0255433,1,0.392334,0.465078,156
SOONUSDT,2025-11-06,2025-11-07,stop,1,1.57365,1.57365,1.98357,-0.260495,-0.0117723,-0.00184796,0.000053739,0.0391767,0.0391767,1,0.255473,0.480746,167
1000SATSUSDT,2025-09-28,2025-11-08,exitSignal,1,0.000042914,0.000042914,0.000026091,0.392017,0.0146783,0.000263267,0.0000333224,0.0369205,0.0369205,41,0.0346274,0.418354,656
IPUSDT,2025-09-26,2025-11-25,timeStop,1,8.46353,8.46353,2.49197,0.705563,0.0219787,-0.00368664,0.000026067,0.035832,0.035832,60,0.246171,0.433766,225
MLNUSDT,2025-10-22,2025-11-29,exitSignal,1,8.67262,8.67262,6.65923,0.232155,0.00629782,-0.0000382361,0.0000300633,0.0273643,0.0273643,38,0.116848,0.473273,205
ALPINEUSDT,2025-10-01,2025-11-30,timeStop,1,6.60389,6.60389,0.607321,0.908036,0.0286069,-0.0000410909,0.0000194278,0.0315633,0.0315633,60,0.0199292,0.631441,148
MERLUSDT,2025-11-28,2025-12-01,stop,1,0.28984,0.28984,0.423762,-0.462057,-0.0100775,0.0000298796,0.0000338192,0.0218032,0.0218032,3,0.459139,0.452547,183
SAPIENUSDT,2025-11-10,2025-12-04,exitSignal,1,0.268971,0.268971,0.196703,0.268684,0.00559218,-0.000272853,0.0000225022,0.0217323,0.0217323,24,0.0258364,0.516746,82
TUTUSDT,2025-10-06,2025-12-05,timeStop,1,0.103716,0.103716,0.0150348,0.855039,0.0332299,0.000206632,0.0000253475,0.0386784,0.0386784,60,0.00881078,0.447031,200
KOMAUSDT,2025-10-10,2025-12-09,timeStop,1,0.0253991,0.0253991,0.0128439,0.494317,0.021376,0.00320134,0.0000330665,0.0377368,0.0377368,60,0.00948459,0.406483,304
JELLYJELLYUSDT,2025-11-05,2025-12-12,exitSignal,1,0.278351,0.278351,0.064118,0.769651,0.0239338,0.00040846,0.0000227602,0.0306814,0.0306814,37,0.0910311,0.527128,224
FHEUSDT,2025-12-17,2025-12-19,stop,1,0.0824375,0.0824375,0.113838,-0.380898,-0.0101227,-0.0000102567,0.000039368,0.0264716,0.0264716,2,0.378141,0.434795,249
RESOLVUSDT,2025-11-19,2025-12-20,exitSignal,1,0.142088,0.142088,0.0999094,0.296847,0.000573149,-0.00806184,0.0000252318,0.0239736,0.0239736,31,0.106921,0.401002,162
LIGHTUSDT,2025-12-22,2026-01-01,stop,1,1.10409,1.10409,2.33662,-1.11632,-0.0107054,-0.00078754,0.0000172455,0.00900344,0.00900344,10,1.1121,0.764762,86
BDXNUSDT,2025-11-15,2026-01-03,exitSignal,1,0.0597802,0.0597802,0.0167534,0.719751,0.0104138,0.000382769,0.0000109456,0.0140443,0.0140443,49,0.300932,0.600147,165
BROCCOLI714USDT,2026-01-01,2026-01-04,stop,1,0.0173889,0.0173889,0.0276916,-0.592483,-0.0100663,0.000122398,0.0000272692,0.0171207,0.0171207,3,0.586138,0.808157,286
BROCCOLI714USDT,2026-01-05,2026-01-06,stop,1,0.0288821,0.0288821,0.0401604,-0.390493,-0.0101628,0.0000393182,0.0000375659,0.0260293,0.0260293,1,0.384953,0.681838,290
SOONUSDT,2025-11-15,2026-01-14,timeStop,1,2.68641,2.68641,0.388254,0.855475,0.016539,-0.00933208,0.000019726,0.0283118,0.0283118,60,0.0960721,0.503205,176
BULLAUSDT,2026-01-05,2026-01-29,stop,1,0.0426602,0.0426602,0.0572221,-0.341347,-0.00883743,0.00197993,0.0000432385,0.0305887,0.0305887,24,0.328066,0.434702,185
BTRUSDT,2026-02-05,2026-02-12,stop,1,0.0778041,0.0778041,0.123116,-0.582383,-0.0100122,0.000175399,0.0000278898,0.0173958,0.0173958,7,0.576078,0.536059,162
TAKEUSDT,2025-12-31,2026-02-13,exitSignal,1,0.120608,0.120608,0.0428355,0.644838,0.00786021,0.00014179,0.0000100747,0.0120242,0.0120242,44,0.0347547,0.764879,119
ARPAUSDT,2026-01-30,2026-02-17,exitSignal,1,0.0126447,0.0126447,0.0107776,0.147657,0.00475565,-0.00158652,0.000046693,0.0412597,0.0412597,18,0.0976966,0.443027,1564
SIRENUSDT,2026-02-17,2026-02-22,exitSignal,1,0.216713,0.216713,0.264484,-0.220435,-0.00629374,0.0000520528,0.0000395648,0.0285969,0.0285969,5,0.285663,0.44209,332
BULLAUSDT,2026-02-02,2026-02-24,exitSignal,1,0.0217382,0.0217382,0.0492884,-1.26736,-0.00287291,0.000121065,0.00000470914,0.00234142,0.00234142,22,1.56783,0.954688,213
QUSDT,2026-01-30,2026-03-01,exitSignal,1,0.0221636,0.0221636,0.0243079,-0.0967511,-0.00229064,0.000485971,0.0000352129,0.0274885,0.0274885,30,0.330696,0.418947,150
LIGHTUSDT,2026-01-02,2026-03-03,timeStop,1,0.743156,0.743156,0.192572,0.740873,0.00482638,0.000173026,0.00000484843,0.00632792,0.00632792,60,0.178487,0.84177,97
BROCCOLI714USDT,2026-01-07,2026-03-08,timeStop,1,0.0407093,0.0407093,0.012864,0.684003,0.0220434,0.000119856,0.0000255251,0.0321129,0.0321129,60,0.0968023,0.552221,292
UAIUSDT,2026-03-10,2026-03-13,stop,1,0.267165,0.267165,0.360613,-0.349778,-0.0101983,0.0000109232,0.0000433396,0.0290833,0.0290833,3,0.344401,0.410053,124
BERAUSDT,2026-02-13,2026-03-14,exitSignal,1,0.721977,0.721977,0.665428,0.0783253,-0.000428464,-0.0030148,0.0000307969,0.0256647,0.0256647,29,0.0414455,0.472516,372
ARCUSDT,2026-02-26,2026-03-15,exitSignal,1,0.0579239,0.0579239,0.0489277,0.155312,0.00294374,0.000132261,0.0000209474,0.0183739,0.0183739,17,0.0938486,0.562377,405
SYNUSDT,2026-02-05,2026-03-17,exitSignal,1,0.0823749,0.0823749,0.0516469,0.373026,0.0117371,-0.000811202,0.0000336245,0.0332886,0.0332886,40,0.0249479,0.419416,538
ZILUSDT,2026-02-06,2026-03-17,exitSignal,1,0.00422154,0.00422154,0.00439533,-0.0411674,-0.00600839,-0.00576279,0.0000436369,0.0339517,0.0339517,39,0.250728,0.414127,2059
AWEUSDT,2026-02-20,2026-03-17,exitSignal,1,0.0636664,0.0636664,0.0542499,0.147904,-0.00250177,-0.00959454,0.0000407076,0.0350944,0.0350944,25,0.00681074,0.40928,275
FHEUSDT,2026-01-22,2026-03-23,timeStop,1,0.15012,0.15012,0.0173204,0.884623,0.0197765,0.0000504953,0.0000154048,0.0223237,0.0223237,60,0.176994,0.60426,285
BRUSDT,2026-03-23,2026-03-23,stop,1,0.117554,0.117554,0.148726,-0.265165,-0.0102623,0,0.000056109,0.0385368,0.0385368,0,0.291317,0.560839,367
BRUSDT,2026-03-24,2026-03-24,stop,1,0.103353,0.103353,0.139382,-0.348604,-0.0102112,0,0.0000436887,0.0291933,0.0291933,0,0.741606,0.614057,368
JCTUSDT,2026-03-25,2026-04-04,stop,1,0.00277943,0.00277943,0.00383947,-0.381386,-0.0100979,0.000122452,0.000040091,0.0266478,0.0266478,10,0.375883,0.462444,135
POWERUSDT,2026-03-04,2026-04-06,exitSignal,1,0.181968,0.181968,0.0961654,0.471525,0.00128687,0.000162208,0.00000235409,0.00245858,0.00245858,33,0.17268,0.929344,88
UAIUSDT,2026-03-22,2026-04-12,exitSignal,1,0.333731,0.333731,0.260208,0.220308,0.00478198,-0.000288689,0.0000259917,0.0228219,0.0228219,21,0.0175854,0.475039,136
BANUSDT,2026-03-19,2026-04-13,exitSignal,1,0.0576545,0.0576545,0.0735465,-0.275643,-0.00451449,0.000182728,0.0000241066,0.0168353,0.0168353,25,0.430071,0.671631,486
FIOUSDT,2026-03-02,2026-04-15,delist/gap@lastClose,1,0.010832,0.010832,0.00271249,0.749584,0.0267931,0.000586181,0.0000274356,0.0351469,0.0351469,44,0.126297,0.443478,528
LYNUSDT,2026-03-14,2026-04-16,exitSignal,1,0.193253,0.193253,0.0698737,0.638434,0.00863855,-0.00218568,0.0000138039,0.0163004,0.0163004,33,0.190721,0.492221,159
SIRENUSDT,2026-04-05,2026-04-16,stop,1,0.504917,0.504917,1.6283,-2.22488,-0.0117261,-0.00215552,0.0000120174,0.00449982,0.00449982,11,2.22166,0.895072,379
AIOTUSDT,2026-04-13,2026-04-16,stop,1,0.0587922,0.0587922,0.0843426,-0.434588,-0.01001,0.000135477,0.0000362887,0.0232111,0.0232111,3,0.431725,0.4578,348
THEUSDT,2026-03-17,2026-04-18,exitSignal,1,0.189833,0.189833,0.110084,0.420102,0.0128214,-0.000842551,0.0000317281,0.0321876,0.0321876,32,0.00351229,0.613982,475
DEGOUSDT,2026-03-20,2026-04-21,delist/gap@lastClose,1,0.580019,0.580019,0.147333,0.745986,0.0118109,-0.000352206,0.0000127963,0.0162215,0.0162215,32,0.0506545,0.593787,462
MOVRUSDT,2026-04-19,2026-04-23,stop,1,2.15069,2.15069,2.71074,-0.260403,-0.010346,-0.000102533,0.0000569714,0.0392538,0.0392538,4,0.255381,0.51,845
PLAYUSDT,2026-04-17,2026-04-24,stop,1,0.116916,0.116916,0.164735,-0.409003,-0.00980059,0.000486298,0.0000375831,0.0248354,0.0248354,7,0.40339,0.522152,260
ENSOUSDT,2026-02-26,2026-04-27,timeStop,1,1.86753,1.86753,0.969034,0.481115,0.00561132,-0.00964782,0.0000262188,0.0279308,0.0279308,60,0.00785497,0.401664,135
APEUSDT,2026-04-26,2026-04-28,stop,1,0.154745,0.154745,0.191485,-0.237423,-0.0102127,-0.0000542213,0.0000598237,0.0426317,0.0426317,2,0.234953,0.441844,1501
DAMUSDT,2026-04-29,2026-04-29,delist/gap@lastClose,1,0.0263272,0.0263272,0.0273963,-0.0406066,-0.000687508,-0.000169408,0.0000169779,0.0132704,0.0132704,0,0.186604,0.677344,254
ZKJUSDT,2026-04-29,2026-04-29,delist/gap@lastClose,1,0.0237025,0.0237025,0.0168136,0.290638,0.00964254,0.00017492,0.0000351451,0.0327936,0.0327936,0,0.063179,0.505,351
NAORISUSDT,2026-05-02,2026-05-02,stop,1,0.0847003,0.0847003,0.118345,-0.397223,-0.0101895,0,0.0000386799,0.0255747,0.0255747,0,0.391849,0.448195,275
LABUSDT,2026-05-03,2026-05-03,stop,1,1.99271,1.99271,2.57304,-0.29123,-0.010134,0,0.0000495479,0.034661,0.034661,0,0.383747,0.515881,198
LABUSDT,2026-05-04,2026-05-05,stop,1,2.0954,2.0954,2.8562,-0.363081,-0.0100019,0.000150918,0.0000406949,0.0277923,0.0277923,1,0.360361,0.490408,199
DUSDT,2026-04-06,2026-05-07,stop,1,0.014971,0.014971,0.0207119,-0.38347,-0.0112911,-0.00124579,0.0000404264,0.0267951,0.0267951,31,0.373853,0.416414,452
TSTUSDT,2026-05-06,2026-05-07,stop,1,0.0203542,0.0203542,0.0260909,-0.281842,-0.0102801,-0.0000412158,0.000051034,0.0362099,0.0362099,1,0.276735,0.413908,451
BLESSUSDT,2026-04-16,2026-05-09,exitSignal,1,0.00988918,0.00988918,0.00781024,0.210224,0.00261218,0.000266276,0.0000131239,0.0114828,0.0114828,23,0.321039,0.737238,205
SOONUSDT,2026-04-18,2026-05-09,exitSignal,1,0.216865,0.216865,0.190079,0.123514,0.002291,-0.00356706,0.0000496617,0.0415151,0.0415151,21,0.138955,0.435844,330
PLAYUSDT,2026-05-08,2026-05-09,stop,1,0.0657283,0.0657283,0.125722,-0.912747,-0.0101257,-6.7538e-7,0.0000191831,0.0110754,0.0110754,1,0.905127,0.731193,281
BARDUSDT,2026-03-19,2026-05-11,exitSignal,1,0.694205,0.694205,0.293122,0.577758,0.00298377,-0.0137626,0.0000215877,0.0241224,0.0241224,53,0.0390301,0.590933,182
FFUSDT,2026-04-12,2026-05-12,exitSignal,1,0.0880535,0.0880535,0.0711883,0.191534,0.00995184,0.000299327,0.0000588707,0.0509756,0.0509756,30,0.0174492,0.485539,195
AKEUSDT,2026-04-17,2026-05-12,exitSignal,1,0.000544787,0.000544787,0.000396774,0.271689,0.00627655,0.00100133,0.0000219666,0.0202328,0.0202328,25,0.403485,0.578359,203
MLNUSDT,2026-05-17,2026-05-19,delist/gap@lastClose,1,2.60884,2.60884,2.28336,0.124759,0.00458544,0.0000225435,0.000041423,0.0368806,0.0368806,2,0.117356,0.418444,412
PLAYUSDT,2026-05-10,2026-05-20,stop,1,0.103622,0.103622,0.167435,-0.615821,-0.0102631,-0.00013462,0.0000252353,0.0164445,0.0164445,10,0.609384,0.576371,283
AGTUSDT,2026-05-09,2026-05-24,exitSignal,1,0.0165189,0.0165189,0.015471,0.0634387,0.00159568,0.000146515,0.00002684,0.0235504,0.0235504,15,0.318066,0.479497,354
RIFUSDT,2026-05-23,2026-05-26,stop,1,0.0474832,0.0474832,0.0613692,-0.292439,-0.0117326,-0.00161095,0.0000488275,0.0354029,0.0354029,3,0.283455,0.429205,945
GUAUSDT,2026-05-28,2026-05-29,stop,1,0.320258,0.320258,0.878619,-1.74347,-0.00997253,0.000141507,0.0000129329,0.00578163,0.00578163,1,1.73254,0.811405,158
PORTALUSDT,2026-06-02,2026-06-02,stop,1,0.021477,0.021477,0.0290862,-0.354296,-0.0102041,0,0.0000403926,0.0287056,0.0287056,0,0.361925,0.568246,824
HEIUSDT,2026-05-31,2026-06-06,stop,1,0.113133,0.113133,0.143214,-0.265889,-0.0104239,-0.000197225,0.0000518076,0.038417,0.038417,6,0.260846,0.428089,472
ESPORTSUSDT,2026-05-26,2026-06-11,stop,1,0.0527942,0.0527942,0.275747,-4.22305,-0.00979368,0.000304896,0.00000872747,0.00237857,0.00237857,16,4.21263,0.936609,301
MEGAUSDT,2026-05-04,2026-06-14,exitSignal,1,0.123902,0.123902,0.0628291,0.492911,0.0140821,-0.00036952,0.0000272858,0.0292188,0.0292188,41,0.0912683,0.439736,94
GUAUSDT,2026-05-30,2026-06-17,exitSignal,1,0.754488,0.754488,0.897592,-0.18967,-0.00369398,-0.00146869,0.0000168135,0.012898,0.012898,18,0.581205,0.555556,160
MITOUSDT,2026-05-22,2026-06-18,exitSignal,1,0.0418929,0.0418929,0.028951,0.308928,0.00894232,-0.000203804,0.0000298566,0.0295799,0.0295799,27,0.07393,0.510881,267
ESPORTSUSDT,2026-06-14,2026-06-18,stop,1,0.0617981,0.0617981,0.23723,-2.83879,-0.00996893,0.0000955866,0.0000103609,0.00353647,0.00353647,4,2.83113,0.92586,320
SAGAUSDT,2026-05-14,2026-06-22,exitSignal,1,0.0291017,0.0291017,0.0155041,0.467245,0.0139624,-0.0000710665,0.0000272092,0.0300605,0.0300605,39,0.28996,0.571029,765
MOVRUSDT,2026-04-24,2026-06-23,timeStop,1,2.61576,2.61576,1.18288,0.547785,0.0190938,-0.00133698,0.0000338529,0.0368334,0.0368334,60,0.104078,0.404091,850
TRADOORUSDT,2026-04-25,2026-06-24,timeStop,1,0.854288,0.854288,0.415951,0.513102,0.00142209,0.000115455,0.00000244618,0.00259767,0.00259767,60,0.600163,0.916893,218
HEIUSDT,2026-06-20,2026-06-25,stop,1,0.106457,0.106457,0.148081,-0.390997,-0.0103844,-0.000219756,0.0000366557,0.0260027,0.0260027,5,0.385455,0.461736,492
SYNUSDT,2026-06-26,2026-06-28,stop,1,0.330369,0.330369,0.427687,-0.294572,-0.0103529,-0.00025111,0.0000462889,0.0342874,0.0342874,2,0.291989,0.491967,679
龙虾USDT,2026-06-18,2026-06-30,exitSignal,1,0.0103776,0.0103776,0.0129702,-0.249836,-0.00520991,0.000271351,0.0000289298,0.021671,0.021671,12,0.31823,0.499495,99
EVAAUSDT,2026-06-17,2026-07-02,stop,1,0.716863,0.716863,1.01539,-0.416436,-0.00976458,0.000509261,0.0000351473,0.024403,0.024403,15,0.410793,0.474554,257
HMSTRUSDT,2026-06-13,2026-07-04,exitSignal,1,0.000194311,0.000194311,0.000257498,-0.325188,-0.00907202,-0.0000243488,0.0000389294,0.0277366,0.0277366,21,0.331374,0.492175,625
PLAYUSDT,2026-05-21,2026-07-20,timeStop,1,0.0916863,0.0916863,0.034763,0.620849,0.00840712,-0.000312028,0.0000115363,0.0139767,0.0139767,60,0.690548,0.508535,294
EPICUSDT,2026-07-06,2026-07-22,exitSignal,1,0.376246,0.376246,0.544888,-0.448222,-0.00936967,-0.001583,0.0000253005,0.0178118,0.0178118,16,0.470846,0.543815,480
BASUSDT,2026-07-02,2026-07-23,exitSignal,1,0.0372753,0.0372753,0.0316263,0.151548,0.00298573,-0.00015518,0.0000225376,0.0206969,0.0206969,21,0.228401,0.415307,310
PORTALUSDT,2026-06-03,2026-08-02,timeStop,1,0.0256885,0.0256885,0.00981885,0.617773,0.0160085,-0.00402045,0.0000260297,0.0313686,0.0313686,60,0.0615637,0.48334,825
BICOUSDT,2026-06-23,2026-08-03,exitSignal,1,0.031457,0.031457,0.0161504,0.486589,0.0131185,-0.000502472,0.0000248629,0.0278797,0.0278797,41,0.243922,0.526015,999
BABYUSDT,2026-06-07,2026-08-06,timeStop,1,0.0161576,0.0161576,0.0108339,0.329487,0.000430309,0.00000614236,0.00000130122,0.0012938,0.0012938,60,0.229141,0.987546,428
GWEIUSDT,2026-07-01,2026-08-08,exitSignal,1,0.125748,0.125748,0.0334868,0.733699,0.00463578,-0.0152442,0.0000178533,0.024089,0.024089,38,0.228648,0.496,153
TAIKOUSDT,2026-07-03,2026-08-20,exitSignal,1,0.132834,0.132834,0.0742293,0.441187,0.00635964,0.000135909,0.0000129804,0.0141776,0.0141776,48,0.0464204,0.749435,387
MANTAUSDT,2026-06-29,2026-08-22,exitSignal,1,0.0866563,0.0866563,0.0628828,0.274342,0.0121278,-0.000276427,0.0000457327,0.0452083,0.0452083,54,0.0347771,0.455144,893
INUSDT,2026-07-01,2026-08-22,exitSignal,1,0.0699099,0.0699099,0.0347026,0.503609,0.00894403,0.000307459,0.0000151199,0.017264,0.017264,52,0.0339022,0.736573,328
ONGUSDT,2026-08-22,2026-08-25,stop,1,0.0861873,0.0861873,0.108428,-0.25805,-0.0126347,-0.00286895,0.0000541191,0.0396032,0.0396032,3,0.253038,0.461994,999
BMTUSDT,2026-08-26,2026-08-27,stop,1,0.022964,0.022964,0.0299132,-0.302613,-0.0105454,-0.000377439,0.0000469652,0.0336895,0.0336895,1,0.297424,0.472127,527
BLESSUSDT,2026-08-08,2026-08-28,exitSignal,1,0.0165454,0.0165454,0.012036,0.272547,0.0058053,0.000141803,0.0000212842,0.0209247,0.0209247,20,0.441001,0.456999,319
DEXEUSDT,2026-07-22,2026-08-29,exitSignal,1,5.7942,5.7942,2.47363,0.573086,0.000573026,-0.00269005,0.00000419581,0.00498478,0.00498478,38,0.113182,0.883977,575
KOMAUSDT,2026-08-03,2026-09-14,stop,1,0.0163752,0.0163752,0.0227049,-0.386545,-0.00929795,0.00120012,0.0000376234,0.0265903,0.0265903,42,0.376907,0.511607,601
AVAAIUSDT,2026-08-22,2026-09-15,exitSignal,1,0.00962072,0.00962072,0.0102771,-0.0682288,-0.00118777,0.000313982,0.0000261522,0.020894,0.020894,24,0.326512,0.554039,582
AKEUSDT,2026-09-03,2026-09-15,stop,1,0.0165334,0.0165334,0.023728,-0.435149,-0.0110192,-0.00111421,0.0000343696,0.0231575,0.0231575,12,0.432284,0.631044,342
LSKUSDT,2026-09-15,2026-09-16,stop,1,0.376863,0.376863,0.672899,-0.785527,-0.0107085,-0.000763602,0.0000215118,0.0128037,0.0128037,1,0.781963,0.840848,964
BRUSDT,2026-09-16,2026-09-16,stop,1,0.251945,0.251945,0.381608,-0.514648,-0.0101641,0,0.0000297346,0.0197015,0.0197015,0,1.83304,0.563218,544
TLMUSDT,2026-07-20,2026-09-18,timeStop,1,0.00222078,0.00222078,0.00139192,0.373226,0.00558659,-0.00422478,0.0000236344,0.0246089,0.0246089,60,0.0879075,0.486137,1208
HEIUSDT,2026-08-07,2026-09-20,exitSignal,1,0.196363,0.196363,0.162416,0.172878,0.00361626,-0.000508437,0.0000255598,0.023514,0.023514,44,0.279617,0.639339,540
MMTUSDT,2026-08-02,2026-09-21,exitSignal,1,0.182634,0.182634,0.167734,0.0815812,0.00143789,-0.000870283,0.0000306643,0.0269275,0.0269275,50,0.356812,0.607595,271
ONGUSDT,2026-08-28,2026-09-21,exitSignal,1,0.121648,0.121648,0.086182,0.291547,-0.00184788,-0.0113429,0.0000268473,0.0263169,0.0263169,24,0.11173,0.467951,1005
HANAUSDT,2026-07-26,2026-09-24,timeStop,1,0.027045,0.027045,0.0152358,0.43665,0.0144106,0.00240137,0.0000261954,0.0283939,0.0283939,60,0.308559,0.496287,303
AINUSDT,2026-09-17,2026-10-04,exitSignal,1,0.0232634,0.0232634,0.0434167,-0.866309,-0.00455813,0.000352169,0.0000094163,0.00559869,0.00559869,17,1.48717,0.892658,434