year,"3-2-1 crack (CL vs 2RB+1HO)","CNY onshore vs CNH futures (CNH lag 1d, aligned)","VIX/VIX3M term structure (index proxy)","TTF$/Henry Hub (TTF×EURUSD/3.412 vs NG)","Brent-WTI (BZ=F/CL=F)","Cotton/Soy (CT/ZS, control)","Corn/Wheat (ZC/ZW)","KC HRW/Chicago SRW wheat (KE/ZW)","Soy crush (ZS vs 0.022ZM+0.11ZL)","Cocoa/Coffee (CC/KC, control)","Hog/Corn (HE/ZC)","Shanghai gold proxy (518880.SS vs GC*CNY, same date)","10y/5y (ZN/ZF)","Russell/S&P (RTY/ES)","Gold/Silver (GC/SI)","Gas/Oil (NG/CL)","EUR/GBP (6E/6B)","Copper/Gold (HG/GC)","Platinum/Gold (PL/GC)","Cattle crush (12.5LE vs 7.5GF+50bu ZC)","Diesel/Gasoline (HO/RB)","S&P cash vs futures basis (^GSPC/ES)","CAD vs oil (6C/CL)","Nikkei$/S&P (NKD/ES)","Nikkei225 vs EWJ×JPY (same date)","Bond/10y (ZB/ZN)","EUR/CHF (6E/6S)","Sugar/Corn (SB/ZC, ethanol link)","10y/2y (ZN/ZT)","S&P/Nasdaq (ES/NQ)","Platinum/Palladium (PL/PA)","KODEX200 vs EWY×KRW (same date)","Dow/S&P (YM/ES)","AUD/NZD (6A/6N)","FRED 10y/2y synthetic bond (DGS10/DGS2)","CME BTC basis (BTC=F/BTC-USD)"
1976,,,,,,,,,,,,,,,,,,,,,,,,,,,,,,,,,,,-3.76,
1977,,,,,,,,,,,,,,,,,,,,,,,,,,,,,,,,,,,1.65,
1978,,,,,,,,,,,,,,,,,,,,,,,,,,,,,,,,,,,-2.56,
1979,,,,,,,,,,,,,,,,,,,,,,,,,,,,,,,,,,,-6.71,
1980,,,,,,,,,,,,,,,,,,,,,,,,,,,,,,,,,,,-6.93,
1981,,,,,,,,,,,,,,,,,,,,,,,,,,,,,,,,,,,-1.63,
1982,,,,,,,,,,,,,,,,,,,,,,,,,,,,,,,,,,,-6.31,
1983,,,,,,,,,,,,,,,,,,,,,,,,,,,,,,,,,,,-1.52,
1984,,,,,,,,,,,,,,,,,,,,,,,,,,,,,,,,,,,-5.78,
1985,,,,,,,,,,,,,,,,,,,,,,,,,,,,,,,,,,,-6.84,
1986,,,,,,,,,,,,,,,,,,,,,,,,,,,,,,,,,,,4.75,
1987,,,,,,,,,,,,,,,,,,,,,,,,,,,,,,,,,,,-2.19,
1988,,,,,,,,,,,,,,,,,,,,,,,,,,,,,,,,,,,-2.52,
1989,,,,,,,,,,,,,,,,,,,,,,,,,,,,,,,,,,,-2.58,
1990,,,,,,,,,,,,,,,,,,,,,,,,,,,,,,,,,,,-4.53,
1991,,,,,,,,,,,,,,,,,,,,,,,,,,,,,,,,,,,-1.91,
1992,,,,,,,,,,,,,,,,,,,,,,,,,,,,,,,,,,,1.4,
1993,,,,,,,,,,,,,,,,,,,,,,,,,,,,,,,,,,,-6.06,
1994,,,,,,,,,,,,,,,,,,,,,,,,,,,,,,,,,,,0.28,
1995,,,,,,,,,,,,,,,,,,,,,,,,,,,,,,,,,,,-5.4,
1996,,,,,,,,,,,,,,,,,,,,,,,,,,,,,,,,,,,0.81,
1997,,,,,,,,,,,,,,,,,,,,,,,,,,,,,,,,,,,-3.77,
1998,,,,,,,,,,,,,,,,,,,,,,,,,,,,,,,,,,,-2.17,
1999,,,,,,,,,,,,,,,,,,,,,,,,,,,,,,,,,,,0.49,
2000,0,,,,,0,-8.9,0,0,21.75,0,,-0.13,,-3.51,-74.51,0,0,0.16,,0,0,-5.01,,-0.07,0.13,0,-3.85,0.12,0.94,-35.31,,,,-3.45,
2001,-18.24,,,,,4.46,20.29,-4.41,3.97,-50.88,38.14,,0.65,,13.97,3.49,4.88,-0.94,-8.17,-0.75,-21.55,2.26,49.01,,1.86,1.61,-0.89,9.31,3.25,-12.42,-19.99,,,4.8,1.67,
2002,20.73,,,,,31.1,16.97,13.56,-0.31,8.44,-13.82,,-0.42,,12.91,-1.37,-2.18,19.98,28.22,-1.42,3.19,-2.94,-3.89,,-1.28,3.21,3.95,2.69,-1.06,4.23,-13.27,,-0.85,-7.46,-2.27,
2003,40.44,,,,,28.16,-14.98,7.02,5.38,37.57,2.73,,0.74,,0.38,55.86,1.08,-2.25,15.83,-4.52,35.61,0.29,14.55,,4.76,-2.49,-1.67,5,0.56,-4.33,-27.6,,0.1,0.92,-2.41,
2004,9.53,,,,,8.66,-3.89,0.9,32.62,-7.52,11.2,,0.3,,-3.27,-23.22,-3.63,-6.79,-1.78,-9.86,-18.04,-0.03,8.88,-4.21,6.24,-1.47,-0.02,-46.96,1.21,5.92,2.82,,-0.85,-1.91,2.8,
2005,38.66,,,,,16.76,0.66,11.94,6.42,27.56,10.92,,0.15,,13.19,-12.23,5.43,3.53,3.8,0.42,32.28,0.36,17.53,-7.46,-4.32,-0.82,1.14,15.94,-1.17,1.8,-25.71,,-1.14,0.59,1.53,
2006,12.03,,12.81,,,-12.38,12.19,-9.49,0.5,27.38,-31.17,,0.15,,-4.88,-0.75,2.58,-22.75,-7.94,-5.84,-16.14,1.48,3.34,9.33,-1.47,-1.51,1.85,-20.21,1.78,1.27,-8.79,,-0.25,-4.75,-0.28,
2007,-3.05,,34.3,,1.32,-10.69,-20.49,8.78,1.88,34.69,-4.62,,1.16,,3.63,-12.29,-0.25,-16.06,3.09,-5.57,-8.47,2.18,19.37,-0.71,-0.3,3.75,0.83,8.82,-1.34,-5.56,0,0,-1.31,-3.69,-1.15,
2008,47.88,,23.76,,17.43,60.88,9.18,15.51,3.69,5.26,14.25,,-1.28,,-20.42,-2.74,-14.73,-23.51,-16.68,1.62,3.64,-1.39,-24.25,0.7,-12.01,-3.72,-8.35,22.45,2.33,-5.52,17.88,,-6.24,-10.72,2.6,
2009,26.3,,20.65,,13.9,39.24,0.41,3.99,12.82,26.71,74.49,,1.51,,2.95,-6.12,3.77,-0.29,0.19,-2.36,-3.05,-1.18,6.27,4.56,-7.15,5.6,1.2,-27.39,-0.47,-8.11,-30.93,-6.44,-1.7,-2.15,0.71,
2010,4.44,,40.18,,-4.15,24.43,-8.86,6.45,-2.16,23.62,-58.99,,1.28,,-22.82,-14.05,-7.09,24.31,-4.81,0.8,-7.67,-0.22,6.74,-0.52,11.72,-1.53,-1.94,1.75,-1.06,-0.05,-19.26,12.83,-0.65,-1.05,-2.32,
2011,-5.13,,26.23,,-27.63,-27.48,6.22,18.41,0.21,24.32,35.48,,2.44,,18.27,-26.6,0.66,-21.66,-4.99,2.82,9.21,0.66,6.14,5.99,-14.42,-5.74,-13.31,-23.78,-0.75,-2.44,4.85,-6.86,0.6,-3.29,-4,
2012,23.04,,39.16,,6.65,-26.74,25.95,-3.92,2.95,41.57,12.85,,0.75,,-0.1,-25.13,-0.26,11.38,9.1,3.32,0.22,0.29,-9.76,-4.76,1.7,1.38,-0.69,-16.03,4.69,1.63,8.86,-1.99,0.17,2.1,5.17,
2013,12.94,1.51,49.48,,-6.01,22.23,8.31,4.55,12.54,-7.05,13.23,-2.52,1.38,,-2.3,-22.98,-3.37,32.26,10.14,14.91,13.68,1.21,-5.32,-6.88,-11.1,-0.83,1.7,15.18,-3.4,-3.18,6.48,6.74,-2.26,-6.4,-4.6,
2014,18.28,1.24,32.22,,3.89,23.02,23.1,3.3,9.32,-7.2,-29.26,-5.99,2.16,,2.36,-3.02,2.12,22.06,-2.96,0.53,6.24,-1.08,-35.64,1.72,-3.56,-1.79,1.17,28.93,3.13,-2.21,0.85,-0.47,0.87,-0.62,2.78,
2015,-3.18,-0.75,39.75,,7.51,14.77,23.46,7.91,-1.28,27.48,18.83,1.87,-1.09,,27.35,-12.82,-4.11,12.45,0.38,1,1.75,-2.24,-24.18,-8.78,4.53,2.73,5.8,-5.85,0.51,-1.41,39.89,-1.22,0.23,4.06,-0.35,
2016,31.89,1.95,14.38,,20.51,-3.79,24.04,3.59,4.36,23.91,-20.94,1.83,-2.6,,-0.33,16.15,-2.74,-26.65,14.39,-10.39,25.79,1.16,-0.51,-3.74,-0.78,-7.56,1.16,-29.52,-7.58,2.71,15.8,-6.63,2.66,-1.55,-6.04,
2017,-0.4,2.12,0.53,0,-1.17,-5.82,0.72,11.99,3.39,-3.21,7.26,0.02,1.69,2.33,-1.25,14.31,4.69,-12.62,-7.57,0.4,29.69,-0.85,-3.4,-2.64,-3.25,3.33,-5.37,-23.12,2.13,-3.93,-9.65,-2.71,-0.57,-0.52,5.47,0
2018,15.49,1.46,32.97,-6.1,0.52,2.27,17,-2.21,3.81,11.53,28.14,3.93,-1.35,-6.52,-2.89,-52.7,5.05,17.48,-4.04,-5.83,-7.49,1.39,0.29,6.11,4.05,-2.01,0.47,-1.62,-4.28,-0.55,-24.11,4.47,0.11,-2.05,-3.9,-14.02
2019,14.69,-0.68,27.42,77.36,9.13,-8.74,1.84,2.94,-3.79,6.97,-34.3,-5.34,-1.18,4.58,4.48,24.26,-3.49,-9.29,17.86,0.27,-24.95,0.26,34.24,-8.79,4.57,-2.28,1.18,12.31,-1.66,3.32,9.7,1.81,0.34,-0.7,-3.34,-16.38
2020,55.52,2.54,-36.04,-66.5,10.61,8.61,6.82,-5.08,7.41,33.51,101.35,8.52,-1.2,-10.64,-30.36,122.44,6.24,-7.68,-24.17,1.36,25.1,-3.33,-61.92,17.99,1.43,-3.98,-0.16,6.16,-4.49,-10.38,7.93,-19.73,-1.16,3.74,-3.62,-11.03
2021,2.33,2.18,68.61,31.42,0.49,8.78,10.7,8.92,5.41,-16.99,0.41,4.42,-1,-15.6,3.86,-16.48,0.7,9.84,3.59,7.73,-10.16,0.34,-0.12,-7.93,1.32,-1.82,-3.05,-4.15,-2.56,7.85,15,-4.12,1.34,1.9,-7.48,2.43
2022,16.37,0.45,0.27,65.21,15.31,19.34,31.82,9.59,1.57,-16.7,31.07,-0.01,1.12,8.62,16.41,74.75,6.21,16.29,11.83,-3.41,40.49,-0.15,-23.81,-10.18,-0.71,-0.61,1.41,-6,1.55,-2.01,-16.04,7.19,-2.05,0.06,-0.17,-9.09
2023,10.85,2.64,16.54,105.06,4.87,17.58,-20.09,-12.08,-1.3,20.22,-8.7,3.83,-0.24,0.55,20.87,23.2,-0.97,9.71,-3.35,1.8,-51.87,0.33,10.38,3.67,-4,1.11,1.28,-37.13,-4.02,4.63,29.07,1.1,-4.91,4.37,-4.61,0.23
2024,19.73,1.63,43.54,17.97,3.68,6.65,27.85,7.51,-7.05,-66.94,0.07,1.85,0.85,16.14,7.94,-6.94,3.14,-3.41,2.17,8.36,-24.1,0.36,17.39,11.54,4.02,4.04,3.49,-2.24,0.51,4.82,14.49,-2.01,-2.5,4.02,1.62,-6.26
2025,9.81,4.16,62.59,38.64,-0.4,-1.7,-5.71,8.06,-3.11,-32.53,-40.97,1.47,0.58,11.7,-22.41,-31.05,3.21,-0.41,-18.7,11.25,1.31,-0.13,8.23,-4.85,-9.38,0.37,1.77,26.84,2.9,2.18,-3.26,-10.66,2.97,-2.35,3.31,-5.51
2026,19.45,0.09,5.57,44.39,50.09,2.62,11.13,-3.48,-2.94,2.96,-6.3,9.79,-0.41,-2.45,10.62,104.72,-0.49,-2.57,-0.83,0.81,-24.12,0.71,-20.11,-6.64,1.51,3.83,-1.17,28.91,-0.72,-7.71,-7.13,-30.06,-3.63,-5.28,1.87,0.32