year,BZ/CL,BW spot,Au/Ag,C/W,KE/ZW,Crush,Crack,CrackSpot,SHAu,SHAu-lag
2000,,32.91,-3.51,-8.9,0,0,0,14.55,,
2001,,13.23,13.97,20.29,-4.41,3.97,-18.24,11.13,,
2002,,5.21,12.91,16.97,13.56,-0.31,20.73,17.88,,
2003,,9.65,0.38,-14.98,7.02,5.38,40.44,52.03,,
2004,,-6.36,-3.27,-3.89,0.9,32.62,9.53,4.54,,
2005,,0.74,13.19,0.66,11.94,6.42,38.66,25.76,,
2006,,1.68,-4.88,12.19,-9.49,0.5,12.03,17.37,,
2007,1.32,13.26,3.63,-20.49,8.78,1.88,-3.05,-3.42,,
2008,17.43,-0.81,-20.42,9.18,15.51,3.69,47.88,28.73,,
2009,13.9,56.92,2.95,0.41,3.99,12.82,26.3,33.47,,
2010,-4.15,7.18,-22.82,-8.86,6.45,-2.16,4.44,22.21,,
2011,-27.63,-31.76,18.27,6.22,18.41,0.21,-5.13,-6.14,,
2012,6.65,3.07,-0.1,25.95,-3.92,2.95,23.04,12.25,,
2013,-6.01,-11.69,-2.3,8.31,4.55,12.54,12.94,-3.1,-2.52,-0.21
2014,3.89,4.38,2.36,23.1,3.3,9.32,18.28,4.05,-5.99,3.04
2015,7.51,21.92,27.35,23.46,7.91,-1.28,-3.18,-4.1,1.87,9.28
2016,20.51,11.73,-0.33,24.04,3.59,4.36,31.89,54.81,1.83,0.41
2017,-1.17,-0.94,-1.25,0.72,11.99,3.39,-0.4,7.16,0.02,0.11
2018,0.52,14.09,-2.89,17,-2.21,3.81,15.49,12.7,3.93,-0.27
2019,9.13,1.87,4.48,1.84,2.94,-3.79,14.69,15.5,-5.34,-2.5
2020,10.61,75.76,-30.36,6.82,-5.08,7.41,55.52,148.49,8.52,0.62
2021,0.49,4.1,3.86,10.7,8.92,5.41,2.33,3.52,4.42,1.52
2022,15.31,12.82,16.41,31.82,9.59,1.57,16.37,-18.36,-0.01,2.88
2023,4.87,3.84,20.87,-20.09,-12.08,-1.3,10.85,8.54,3.83,4.82
2024,3.68,12.9,7.94,27.85,7.51,-7.05,19.73,-0.1,1.85,1.88
2025,-0.4,3.72,-22.41,-5.71,8.06,-3.11,9.81,6.81,1.47,5.66
2026,50.09,22.31,10.62,11.13,-3.48,-2.94,19.45,32.69,9.79,4.77
