checkedAt,coin,premium,korbitPrice,foreignPrice,usdKrwRate
2026-09-05T13:00:01.862Z,BTC,1.3733,108940000,79662.7,1348.990395
2026-09-05T13:00:01.862Z,ETH,1.4138,3362000,2457.49,1348.990395
2026-09-05T13:00:01.862Z,SOL,1.2294,140900,103.18,1348.990395
2026-09-05T13:00:01.862Z,BNB,1.3903,1044000,763.3,1348.990395
2026-09-05T13:00:01.862Z,XRP,1.3383,1933,1.414,1348.990395
2026-09-05T13:00:01.862Z,ADA,1.3412,295.7,0.2163,1348.990395
2026-09-05T13:00:01.862Z,AVAX,2.2205,10400,7.542,1348.990395
2026-09-05T13:00:01.862Z,DOT,1.9857,1262,0.9173,1348.990395
2026-09-05T13:00:01.862Z,LINK,0.7068,16070,11.829,1348.990395
2026-09-05T13:00:06.949Z,BTC,1.3658,108940000,79668.6,1348.990395
2026-09-05T13:00:06.949Z,ETH,1.399,3362000,2457.85,1348.990395
2026-09-05T13:00:06.949Z,SOL,1.2522,141000,103.23,1348.990395
2026-09-05T13:00:06.949Z,BNB,1.3372,1044000,763.7,1348.990395
2026-09-05T13:00:06.949Z,XRP,1.3025,1933,1.4145,1348.990395
2026-09-05T13:00:06.949Z,ADA,1.2943,295.7,0.2164,1348.990395
2026-09-05T13:00:06.949Z,AVAX,2.2069,10400,7.543,1348.990395
2026-09-05T13:00:06.949Z,DOT,1.9079,1262,0.918,1348.990395
2026-09-05T13:00:06.949Z,LINK,0.6728,16070,11.833,1348.990395
2026-09-05T13:05:06.913Z,BTC,1.3867,108957000,79664.6,1348.990395
2026-09-05T13:05:06.913Z,ETH,1.2967,3361000,2459.6,1348.990395
2026-09-05T13:05:06.913Z,SOL,1.3142,141100,103.24,1348.990395
2026-09-05T13:05:06.913Z,BNB,1.2841,1044000,764.1,1348.990395
2026-09-05T13:05:06.913Z,XRP,1.3074,1932,1.4137,1348.990395
2026-09-05T13:05:06.913Z,ADA,1.444,296,0.2163,1348.990395
2026-09-05T13:05:06.913Z,AVAX,2.2476,10400,7.54,1348.990395
2026-09-05T13:05:06.913Z,DOT,2.242,1262,0.915,1348.990395
2026-09-05T13:05:06.913Z,LINK,0.5878,16070,11.843,1348.990395
2026-09-05T13:10:07.478Z,BTC,1.3943,108920000,79631.6,1348.990395
2026-09-05T13:10:07.478Z,ETH,1.389,3361000,2457.36,1348.990395
2026-09-05T13:10:07.478Z,SOL,1.4389,141000,103.04,1348.990395
2026-09-05T13:10:07.478Z,BNB,1.2179,1044000,764.6,1348.990395
2026-09-05T13:10:07.478Z,XRP,1.3455,1933,1.4139,1348.990395
2026-09-05T13:10:07.478Z,ADA,1.3594,296.3,0.2167,1348.990395
2026-09-05T13:10:07.478Z,AVAX,2.234,10400,7.541,1348.990395
2026-09-05T13:10:07.478Z,DOT,2.2644,1262,0.9148,1348.990395
2026-09-05T13:10:07.478Z,LINK,0.5708,16070,11.845,1348.990395
2026-09-05T13:15:07.103Z,BTC,1.3579,108938000,79673.3,1348.990395
2026-09-05T13:15:07.103Z,ETH,1.325,3360000,2458.18,1348.990395
2026-09-05T13:15:07.103Z,SOL,1.2718,141000,103.21,1348.990395
2026-09-05T13:15:07.103Z,BNB,0.9407,1044000,766.7,1348.990395
2026-09-05T13:15:07.103Z,XRP,1.3142,1935,1.4158,1348.990395
2026-09-05T13:15:07.103Z,ADA,1.444,296,0.2163,1348.990395
2026-09-05T13:15:07.103Z,AVAX,2.0987,10400,7.551,1348.990395
2026-09-05T13:15:07.103Z,DOT,2.2755,1262,0.9147,1348.990395
2026-09-05T13:15:07.103Z,LINK,0.5029,16070,11.853,1348.990395
2026-09-05T13:20:06.912Z,BTC,1.3712,108924000,79652.6,1348.990395
2026-09-05T13:20:06.912Z,ETH,1.3902,3360000,2456.6,1348.990395
2026-09-05T13:20:06.912Z,SOL,1.3503,141000,103.13,1348.990395
2026-09-05T13:20:06.912Z,BNB,0.967,1044000,766.5,1348.990395
2026-09-05T13:20:06.912Z,XRP,1.4051,1934,1.4138,1348.990395
2026-09-05T13:20:06.912Z,ADA,1.5849,296,0.216,1348.990395
2026-09-05T13:20:06.912Z,AVAX,2.2612,10400,7.539,1348.990395
2026-09-05T13:20:06.912Z,DOT,2.5221,1262,0.9125,1348.990395
2026-09-05T13:20:06.912Z,LINK,0.7324,16070,11.826,1348.990395
2026-09-05T13:25:06.878Z,BTC,1.3479,108970000,79704.6,1348.990395
2026-09-05T13:25:06.878Z,ETH,1.378,3363000,2459.09,1348.990395
2026-09-05T13:25:06.878Z,SOL,1.3798,141000,103.1,1348.990395
2026-09-05T13:25:06.878Z,BNB,1.3107,1044000,763.9,1348.990395
2026-09-05T13:25:06.878Z,XRP,1.35,1935,1.4153,1348.990395
2026-09-05T13:25:06.878Z,ADA,1.5125,296.2,0.2163,1348.990395
2026-09-05T13:25:06.878Z,AVAX,2.2747,10400,7.538,1348.990395
2026-09-05T13:25:06.878Z,DOT,2.5671,1262,0.9121,1348.990395
2026-09-05T13:25:06.878Z,LINK,0.7154,16070,11.828,1348.990395
2026-09-05T13:30:07.088Z,BTC,1.2856,108903000,79704.6,1348.990395
2026-09-05T13:30:07.088Z,ETH,1.3424,3361000,2458.49,1348.990395
2026-09-05T13:30:07.088Z,SOL,1.3276,140900,103.08,1348.990395
2026-09-05T13:30:07.088Z,BNB,1.2444,1044000,764.4,1348.990395
2026-09-05T13:30:07.088Z,XRP,1.3168,1933,1.4143,1348.990395
2026-09-05T13:30:07.088Z,ADA,1.5036,295.9,0.2161,1348.990395
2026-09-05T13:30:07.088Z,AVAX,2.234,10400,7.541,1348.990395
2026-09-05T13:30:07.088Z,DOT,2.5334,1262,0.9124,1348.990395
2026-09-05T13:30:07.088Z,LINK,0.758,16070,11.823,1348.990395
2026-09-05T13:35:06.535Z,BTC,1.3283,108920000,79683.4,1348.990395
2026-09-05T13:35:06.535Z,ETH,1.3366,3360000,2457.9,1348.990395
2026-09-05T13:35:06.535Z,SOL,1.3866,140900,103.02,1348.990395
2026-09-05T13:35:06.535Z,BNB,1.0593,1044000,765.8,1348.990395
2026-09-05T13:35:06.535Z,XRP,1.367,1933,1.4136,1348.990395
2026-09-05T13:35:06.535Z,ADA,1.5506,295.9,0.216,1348.990395
2026-09-05T13:35:06.535Z,AVAX,2.3426,10400,7.533,1348.990395
2026-09-05T13:35:06.535Z,DOT,2.3315,1262,0.9142,1348.990395
2026-09-05T13:35:06.535Z,LINK,0.5369,16070,11.849,1348.990395
2026-09-05T13:40:07.164Z,BTC,1.3956,108897000,79613.7,1348.990395
2026-09-05T13:40:07.164Z,ETH,1.3955,3359000,2455.74,1348.990395
2026-09-05T13:40:07.164Z,SOL,1.3903,140700,102.87,1348.990395
2026-09-05T13:40:07.164Z,BNB,1.1518,1044000,765.1,1348.990395
2026-09-05T13:40:07.164Z,XRP,1.3961,1930,1.411,1348.990395
2026-09-05T13:40:07.164Z,ADA,1.739,295.9,0.2156,1348.990395
2026-09-05T13:40:07.164Z,AVAX,1.5473,10300,7.519,1348.990395
2026-09-05T13:40:07.164Z,DOT,2.6571,1262,0.9113,1348.990395
2026-09-05T13:40:07.164Z,LINK,0.6473,16070,11.836,1348.990395
2026-09-05T13:45:06.919Z,BTC,1.3466,108853000,79620,1348.990395
2026-09-05T13:45:06.919Z,ETH,1.36,3358000,2455.87,1348.990395
2026-09-05T13:45:06.919Z,SOL,1.5019,140800,102.83,1348.990395
2026-09-05T13:45:06.919Z,BNB,1.1782,1044000,764.9,1348.990395
2026-09-05T13:45:06.919Z,XRP,1.3409,1931,1.4125,1348.990395
2026-09-05T13:45:06.919Z,ADA,1.6447,295.9,0.2158,1348.990395
2026-09-05T13:45:06.919Z,AVAX,1.5608,10300,7.518,1348.990395
2026-09-05T13:45:06.919Z,DOT,2.3203,1262,0.9143,1348.990395
2026-09-05T13:45:06.919Z,LINK,0.3674,16070,11.869,1348.990395
2026-09-05T13:50:06.870Z,BTC,1.4091,108900000,79605.3,1348.990395
2026-09-05T13:50:06.870Z,ETH,1.3868,3357000,2454.49,1348.990395
2026-09-05T13:50:06.870Z,SOL,1.5611,140800,102.77,1348.990395
2026-09-05T13:50:06.870Z,BNB,1.4701,1044000,762.7,1348.990395
2026-09-05T13:50:06.870Z,XRP,1.3961,1930,1.411,1348.990395
2026-09-05T13:50:06.870Z,ADA,1.739,295.9,0.2156,1348.990395
2026-09-05T13:50:06.870Z,AVAX,1.5068,10300,7.522,1348.990395
2026-09-05T13:50:06.870Z,DOT,1.919,1262,0.9179,1348.990395
2026-09-05T13:50:06.870Z,LINK,0.5623,16070,11.846,1348.990395
2026-09-05T13:55:07.065Z,BTC,1.347,108804000,79583.9,1348.990395
2026-09-05T13:55:07.065Z,ETH,1.3899,3354000,2452.22,1348.990395
2026-09-05T13:55:07.065Z,SOL,1.3317,140400,102.71,1348.990395
2026-09-05T13:55:07.065Z,BNB,1.7502,1044000,760.6,1348.990395
2026-09-05T13:55:07.065Z,XRP,1.31,1930,1.4122,1348.990395
2026-09-05T13:55:07.065Z,ADA,1.339,294.6,0.2155,1348.990395
2026-09-05T13:55:07.065Z,AVAX,1.4259,10300,7.528,1348.990395
2026-09-05T13:55:07.065Z,DOT,1.9412,1262,0.9177,1348.990395
2026-09-05T13:55:07.065Z,LINK,0.5793,16070,11.844,1348.990395
2026-09-05T14:00:06.881Z,BTC,1.3319,108805000,79596.5,1348.990395
2026-09-05T14:00:06.881Z,ETH,1.3258,3353000,2453.04,1348.990395
2026-09-05T14:00:06.881Z,SOL,1.4009,140400,102.64,1348.990395
2026-09-05T14:00:06.881Z,BNB,1.7101,1044000,760.9,1348.990395
2026-09-05T14:00:06.881Z,XRP,1.3387,1930,1.4118,1348.990395
2026-09-05T14:00:06.881Z,ADA,1.4205,294.7,0.2154,1348.990395
2026-09-05T14:00:06.881Z,AVAX,1.372,10300,7.532,1348.990395
2026-09-05T14:00:06.881Z,DOT,2.1415,1262,0.9159,1348.990395
2026-09-05T14:00:06.881Z,LINK,0.5623,16070,11.846,1348.990395
2026-09-05T14:05:06.924Z,BTC,1.4507,108941000,79602.6,1348.990395
2026-09-05T14:05:06.924Z,ETH,1.3672,3355000,2453.5,1348.990395
2026-09-05T14:05:06.924Z,SOL,1.3317,140400,102.71,1348.990395
2026-09-05T14:05:06.924Z,BNB,1.5633,1044000,762,1348.990395
2026-09-05T14:05:06.924Z,XRP,1.3768,1931,1.412,1348.990395
2026-09-05T14:05:06.924Z,ADA,1.502,294.8,0.2153,1348.990395
2026-09-05T14:05:06.924Z,AVAX,1.2242,10300,7.543,1348.990395
2026-09-05T14:05:06.924Z,DOT,2.3763,1262,0.9138,1348.990395
2026-09-05T14:05:06.924Z,LINK,0.5623,16070,11.846,1348.990395
2026-09-05T14:10:06.893Z,BTC,1.2999,108837000,79645,1348.990395
2026-09-05T14:10:06.893Z,ETH,1.345,3356000,2454.77,1348.990395
2026-09-05T14:10:06.893Z,SOL,1.407,140600,102.78,1348.990395
2026-09-05T14:10:06.893Z,BNB,1.3107,1044000,763.9,1348.990395
2026-09-05T14:10:06.893Z,XRP,1.3432,1932,1.4132,1348.990395
2026-09-05T14:10:06.893Z,ADA,1.4078,294.8,0.2155,1348.990395
2026-09-05T14:10:06.893Z,AVAX,1.2645,10300,7.54,1348.990395
2026-09-05T14:10:06.893Z,DOT,2.4435,1262,0.9132,1348.990395
2026-09-05T14:10:06.893Z,LINK,0.4013,16070,11.865,1348.990395
2026-09-05T14:15:06.880Z,BTC,1.3682,108890000,79630.1,1348.990395
2026-09-05T14:15:06.880Z,ETH,1.4078,3357000,2453.98,1348.990395
2026-09-05T14:15:06.880Z,SOL,1.4761,140600,102.71,1348.990395
2026-09-05T14:15:06.880Z,BNB,1.3239,1044000,763.8,1348.990395
2026-09-05T14:15:06.880Z,XRP,1.3194,1931,1.4128,1348.990395
2026-09-05T14:15:06.880Z,ADA,1.5492,294.8,0.2152,1348.990395
2026-09-05T14:15:06.880Z,AVAX,1.2645,10300,7.54,1348.990395
2026-09-05T14:15:06.880Z,DOT,2.5783,1262,0.912,1348.990395
2026-09-05T14:15:06.880Z,LINK,0.4436,16070,11.86,1348.990395
2026-09-05T14:20:06.868Z,BTC,1.3591,108890000,79637.3,1348.990395
2026-09-05T14:20:06.868Z,ETH,1.3317,3354000,2453.63,1348.990395
2026-09-05T14:20:06.868Z,SOL,1.4039,140500,102.71,1348.990395
2026-09-05T14:20:06.868Z,BNB,1.5499,1044000,762.1,1348.990395
2026-09-05T14:20:06.868Z,XRP,1.3791,1932,1.4127,1348.990395
2026-09-05T14:20:06.868Z,ADA,1.3138,294.8,0.2157,1348.990395
2026-09-05T14:20:06.868Z,AVAX,1.2645,10300,7.54,1348.990395
2026-09-05T14:20:06.868Z,DOT,2.4772,1262,0.9129,1348.990395
2026-09-05T14:20:06.868Z,LINK,0.4775,16070,11.856,1348.990395
2026-09-05T14:25:06.871Z,BTC,1.3314,108860000,79637.1,1348.990395
2026-09-05T14:25:06.871Z,ETH,1.4041,3357000,2454.07,1348.990395
2026-09-05T14:25:06.871Z,SOL,1.3842,140500,102.73,1348.990395
2026-09-05T14:25:06.871Z,BNB,1.377,1044000,763.4,1348.990395
2026-09-05T14:25:06.871Z,XRP,1.3145,1932,1.4136,1348.990395
2026-09-05T14:25:06.871Z,ADA,1.4295,295,0.2156,1348.990395
2026-09-05T14:25:06.871Z,AVAX,1.1437,10300,7.549,1348.990395
2026-09-05T14:25:06.871Z,DOT,2.6571,1262,0.9113,1348.990395
2026-09-05T14:25:06.871Z,LINK,1.989,16320,11.862,1348.990395
2026-09-05T14:30:06.902Z,BTC,1.3246,108921000,79687.1,1348.990395
2026-09-05T14:30:06.902Z,ETH,1.3306,3357000,2455.85,1348.990395
2026-09-05T14:30:06.902Z,SOL,1.2659,140500,102.85,1348.990395
2026-09-05T14:30:06.902Z,BNB,1.0461,1044000,765.9,1348.990395
2026-09-05T14:30:06.902Z,XRP,1.3477,1934,1.4146,1348.990395
2026-09-05T14:30:06.902Z,ADA,1.3754,295.8,0.2163,1348.990395
2026-09-05T14:30:06.902Z,AVAX,0.9298,10300,7.565,1348.990395
2026-09-05T14:30:06.902Z,DOT,2.2308,1262,0.9151,1348.990395
2026-09-05T14:30:06.902Z,LINK,1.8431,16320,11.879,1348.990395
2026-09-05T14:35:06.724Z,BTC,1.3129,108937000,79708,1348.990395
2026-09-05T14:35:06.724Z,ETH,1.2997,3357000,2456.6,1348.990395
2026-09-05T14:35:06.724Z,SOL,1.2757,140500,102.84,1348.990395
2026-09-05T14:35:06.724Z,BNB,1.2171,1050000,769,1348.990395
2026-09-05T14:35:06.724Z,XRP,1.2784,1935,1.4163,1348.990395
2026-09-05T14:35:06.724Z,ADA,1.4836,296.8,0.2168,1348.990395
2026-09-05T14:35:06.724Z,AVAX,0.9832,10300,7.561,1348.990395
2026-09-05T14:35:06.724Z,DOT,2.2197,1262,0.9152,1348.990395
2026-09-05T14:35:06.724Z,LINK,1.8431,16320,11.879,1348.990395
2026-09-05T14:40:06.864Z,BTC,1.3215,108931000,79696.8,1348.990395
2026-09-05T14:40:06.864Z,ETH,1.3257,3358000,2456.7,1348.990395
2026-09-05T14:40:06.864Z,SOL,1.2856,140500,102.83,1348.990395
2026-09-05T14:40:06.864Z,BNB,1.3489,1050000,768,1348.990395
2026-09-05T14:40:06.864Z,XRP,1.3161,1939,1.4187,1348.990395
2026-09-05T14:40:06.864Z,ADA,1.024,297.5,0.2183,1348.990395
2026-09-05T14:40:06.864Z,AVAX,0.7434,10300,7.579,1348.990395
2026-09-05T14:40:06.864Z,DOT,2.1192,1262,0.9161,1348.990395
2026-09-05T14:40:06.864Z,LINK,1.8602,16320,11.877,1348.990395
2026-09-05T14:45:06.887Z,BTC,1.3273,108928000,79690.1,1348.990395
2026-09-05T14:45:06.887Z,ETH,1.3397,3357000,2455.63,1348.990395
2026-09-05T14:45:06.887Z,SOL,1.394,140500,102.72,1348.990395
2026-09-05T14:45:06.887Z,BNB,1.372,1046000,764.9,1348.990395
2026-09-05T14:45:06.887Z,XRP,1.295,1936,1.4168,1348.990395
2026-09-05T14:45:06.887Z,ADA,1.163,297.5,0.218,1348.990395
2026-09-05T14:45:06.887Z,AVAX,1.0099,10300,7.559,1348.990395
2026-09-05T14:45:06.887Z,DOT,2.2308,1262,0.9151,1348.990395
2026-09-05T14:45:06.887Z,LINK,1.9718,16320,11.864,1348.990395
2026-09-05T14:50:06.874Z,BTC,1.3519,108950000,79686.8,1348.990395
2026-09-05T14:50:06.874Z,ETH,1.3277,3356000,2455.19,1348.990395
2026-09-05T14:50:06.874Z,SOL,1.2202,140300,102.75,1348.990395
2026-09-05T14:50:06.874Z,BNB,0.9892,1046000,767.8,1348.990395
2026-09-05T14:50:06.874Z,XRP,1.3643,1935,1.4151,1348.990395
2026-09-05T14:50:06.874Z,ADA,1.4889,297.5,0.2173,1348.990395
2026-09-05T14:50:06.874Z,AVAX,0.9966,10300,7.56,1348.990395
2026-09-05T14:50:06.874Z,DOT,2.2308,1262,0.9151,1348.990395
2026-09-05T14:50:06.874Z,LINK,2.1095,16320,11.848,1348.990395
2026-09-05T14:55:06.705Z,BTC,1.3348,108964000,79710.5,1348.990395
2026-09-05T14:55:06.705Z,ETH,1.3476,3359000,2456.9,1348.990395
2026-09-05T14:55:06.705Z,SOL,1.3053,140500,102.81,1348.990395
2026-09-05T14:55:06.705Z,BNB,0.8184,1046000,769.1,1348.990395
2026-09-05T14:55:06.705Z,XRP,1.3786,1935,1.4149,1348.990395
2026-09-05T14:55:06.705Z,ADA,1.3955,297.5,0.2175,1348.990395
2026-09-05T14:55:06.705Z,AVAX,1.0099,10300,7.559,1348.990395
2026-09-05T14:55:06.705Z,DOT,2.242,1262,0.915,1348.990395
2026-09-05T14:55:06.705Z,LINK,1.9117,16320,11.871,1348.990395
2026-09-05T15:00:07.078Z,BTC,1.3822,108976000,79682,1348.990395
2026-09-05T15:00:07.078Z,ETH,1.4125,3360000,2456.06,1348.990395
2026-09-05T15:00:07.078Z,SOL,1.3774,140600,102.81,1348.990395
2026-09-05T15:00:07.078Z,BNB,0.8231,1047000,769.8,1348.990395
2026-09-05T15:00:07.078Z,XRP,1.3598,1933,1.4137,1348.990395
2026-09-05T15:00:07.078Z,ADA,1.566,298,0.2175,1348.990395
2026-09-05T15:00:07.078Z,AVAX,1.0902,10300,7.553,1348.990395
2026-09-05T15:00:07.078Z,DOT,0.6136,1240,0.9136,1348.990395
2026-09-05T15:00:07.078Z,LINK,1.8516,16320,11.878,1348.990395
2026-09-05T15:05:07.061Z,BTC,1.3627,108969000,79692.2,1348.990395
2026-09-05T15:05:07.061Z,ETH,1.3997,3360000,2456.37,1348.990395
2026-09-05T15:05:07.061Z,SOL,1.4168,140600,102.77,1348.990395
2026-09-05T15:05:07.061Z,BNB,1.1994,1052000,770.6,1348.990395
2026-09-05T15:05:07.061Z,XRP,1.3934,1932,1.4125,1348.990395
2026-09-05T15:05:07.061Z,ADA,1.7062,298,0.2172,1348.990395
2026-09-05T15:05:07.061Z,AVAX,1.0634,10300,7.555,1348.990395
2026-09-05T15:05:07.061Z,DOT,0.6246,1240,0.9135,1348.990395
2026-09-05T15:05:07.061Z,LINK,1.8431,16320,11.879,1348.990395
2026-09-05T15:10:06.510Z,BTC,1.3662,108950000,79675.6,1348.990395
2026-09-05T15:10:06.510Z,ETH,1.4555,3362000,2456.48,1348.990395
2026-09-05T15:10:06.510Z,SOL,1.4366,140600,102.75,1348.990395
2026-09-05T15:10:06.510Z,BNB,1.3836,1052000,769.2,1348.990395
2026-09-05T15:10:06.510Z,XRP,1.3791,1932,1.4127,1348.990395
2026-09-05T15:10:06.510Z,ADA,1.7531,298,0.2171,1348.990395
2026-09-05T15:10:06.510Z,AVAX,1.1571,10300,7.548,1348.990395
2026-09-05T15:10:06.510Z,DOT,0.8122,1240,0.9118,1348.990395
2026-09-05T15:10:06.510Z,LINK,1.689,16320,11.897,1348.990395
2026-09-05T15:15:06.890Z,BTC,1.3629,108955000,79681.8,1348.990395
2026-09-05T15:15:06.890Z,ETH,1.3138,3359000,2457.72,1348.990395
2026-09-05T15:15:06.890Z,SOL,1.3349,140500,102.78,1348.990395
2026-09-05T15:15:06.890Z,BNB,1.4099,1052000,769,1348.990395
2026-09-05T15:15:06.890Z,XRP,1.384,1931,1.4119,1348.990395
2026-09-05T15:15:06.890Z,ADA,1.3183,297,0.2173,1348.990395
2026-09-05T15:15:06.890Z,AVAX,1.1169,10300,7.551,1348.990395
2026-09-05T15:15:06.890Z,DOT,0.7901,1240,0.912,1348.990395
2026-09-05T15:15:06.890Z,LINK,1.5694,16320,11.911,1348.990395
2026-09-05T15:20:06.878Z,BTC,1.3687,108917000,79649.5,1348.990395
2026-09-05T15:20:06.878Z,ETH,1.4025,3358000,2454.84,1348.990395
2026-09-05T15:20:06.878Z,SOL,1.4632,140500,102.65,1348.990395
2026-09-05T15:20:06.878Z,BNB,1.4627,1052000,768.6,1348.990395
2026-09-05T15:20:06.878Z,XRP,1.3701,1928,1.4099,1348.990395
2026-09-05T15:20:06.878Z,ADA,1.552,297,0.2168,1348.990395
2026-09-05T15:20:06.878Z,AVAX,1.4393,10300,7.527,1348.990395
2026-09-05T15:20:06.878Z,DOT,1.0116,1240,0.91,1348.990395
2026-09-05T15:20:06.878Z,LINK,1.8859,16320,11.874,1348.990395
2026-09-05T15:25:06.712Z,BTC,1.3196,108965000,79723.2,1348.990395
2026-09-05T15:25:06.712Z,ETH,1.2808,3358000,2457.79,1348.990395
2026-09-05T15:25:06.712Z,SOL,1.4237,140500,102.69,1348.990395
2026-09-05T15:25:06.712Z,BNB,1.6744,1052000,767,1348.990395
2026-09-05T15:25:06.712Z,XRP,1.2908,1931,1.4132,1348.990395
2026-09-05T15:25:06.712Z,ADA,1.3615,297.4,0.2175,1348.990395
2026-09-05T15:25:06.712Z,AVAX,1.2913,10300,7.538,1348.990395
2026-09-05T15:25:06.712Z,DOT,1.0005,1240,0.9101,1348.990395
2026-09-05T15:25:06.712Z,LINK,1.5183,16320,11.917,1348.990395
2026-09-05T15:30:06.905Z,BTC,1.3512,108900000,79650.8,1348.990395
2026-09-05T15:30:06.905Z,ETH,1.3447,3358000,2456.24,1348.990395
2026-09-05T15:30:06.905Z,SOL,1.4632,140500,102.65,1348.990395
2026-09-05T15:30:06.905Z,BNB,1.7805,1052000,766.2,1348.990395
2026-09-05T15:30:06.905Z,XRP,1.3172,1930,1.4121,1348.990395
2026-09-05T15:30:06.905Z,ADA,1.6088,298.4,0.2177,1348.990395
2026-09-05T15:30:06.905Z,AVAX,1.2242,10300,7.543,1348.990395
2026-09-05T15:30:06.905Z,DOT,1.0894,1240,0.9093,1348.990395
2026-09-05T15:30:06.905Z,LINK,1.5694,16320,11.911,1348.990395
2026-09-05T15:35:06.888Z,BTC,1.3516,108929000,79671.7,1348.990395
2026-09-05T15:35:06.888Z,ETH,1.2973,3358000,2457.39,1348.990395
2026-09-05T15:35:06.888Z,SOL,1.5027,140500,102.61,1348.990395
2026-09-05T15:35:06.888Z,BNB,1.7673,1052000,766.3,1348.990395
2026-09-05T15:35:06.888Z,XRP,1.3005,1929,1.4116,1348.990395
2026-09-05T15:35:06.888Z,ADA,1.8341,298.1,0.217,1348.990395
2026-09-05T15:35:06.888Z,AVAX,1.4393,10300,7.527,1348.990395
2026-09-05T15:35:06.888Z,DOT,1.2676,1240,0.9077,1348.990395
2026-09-05T15:35:06.888Z,LINK,1.6804,16320,11.898,1348.990395
2026-09-05T15:40:07.076Z,BTC,1.3771,108985000,79692.6,1348.990395
2026-09-05T15:40:07.076Z,ETH,1.3084,3358000,2457.12,1348.990395
2026-09-05T15:40:07.076Z,SOL,1.4533,140500,102.66,1348.990395
2026-09-05T15:40:07.076Z,BNB,1.7407,1052000,766.5,1348.990395
2026-09-05T15:40:07.076Z,XRP,1.3625,1931,1.4122,1348.990395
2026-09-05T15:40:07.076Z,ADA,1.5051,297,0.2169,1348.990395
2026-09-05T15:40:07.076Z,AVAX,1.372,10300,7.532,1348.990395
2026-09-05T15:40:07.076Z,DOT,1.1673,1240,0.9086,1348.990395
2026-09-05T15:40:07.076Z,LINK,1.5353,16320,11.915,1348.990395
2026-09-05T15:45:06.876Z,BTC,1.3386,108960000,79704.6,1348.990395
2026-09-05T15:45:06.876Z,ETH,1.3018,3358000,2457.28,1348.990395
2026-09-05T15:45:06.876Z,SOL,1.4335,140500,102.68,1348.990395
2026-09-05T15:45:06.876Z,BNB,1.1604,1046000,766.5,1348.990395
2026-09-05T15:45:06.876Z,XRP,1.3984,1931,1.4117,1348.990395
2026-09-05T15:45:06.876Z,ADA,1.5178,296.9,0.2168,1348.990395
2026-09-05T15:45:06.876Z,AVAX,1.3316,10300,7.535,1348.990395
2026-09-05T15:45:06.876Z,DOT,1.1005,1240,0.9092,1348.990395
2026-09-05T15:45:06.876Z,LINK,1.238,16320,11.95,1348.990395
2026-09-05T15:50:06.686Z,BTC,1.3045,108932000,79710.9,1348.990395
2026-09-05T15:50:06.686Z,ETH,1.2812,3358000,2457.78,1348.990395
2026-09-05T15:50:06.686Z,SOL,1.3743,140500,102.74,1348.990395
2026-09-05T15:50:06.686Z,BNB,1.1209,1046000,766.8,1348.990395
2026-09-05T15:50:06.686Z,XRP,1.3149,1929,1.4114,1348.990395
2026-09-05T15:50:06.686Z,ADA,1.5304,296.8,0.2167,1348.990395
2026-09-05T15:50:06.686Z,AVAX,1.4124,10300,7.529,1348.990395
2026-09-05T15:50:06.686Z,DOT,1.1784,1240,0.9085,1348.990395
2026-09-05T15:50:06.686Z,LINK,1.3907,16320,11.932,1348.990395
2026-09-05T15:55:06.889Z,BTC,1.2957,108930000,79716.4,1348.990395
2026-09-05T15:55:06.889Z,ETH,1.2919,3358000,2457.52,1348.990395
2026-09-05T15:55:06.889Z,SOL,1.2726,140400,102.77,1348.990395
2026-09-05T15:55:06.889Z,BNB,0.6091,1046000,770.7,1348.990395
2026-09-05T15:55:06.889Z,XRP,1.3005,1929,1.4116,1348.990395
2026-09-05T15:55:06.889Z,ADA,1.2967,296.8,0.2172,1348.990395
2026-09-05T15:55:06.889Z,AVAX,1.251,10300,7.541,1348.990395
2026-09-05T15:55:06.889Z,DOT,1.0894,1240,0.9093,1348.990395
2026-09-05T15:55:06.889Z,LINK,1.2549,16320,11.948,1348.990395
2026-09-05T16:00:07.112Z,BTC,1.2931,108985000,79758.7,1348.990395
2026-09-05T16:00:07.112Z,ETH,1.2519,3358000,2458.49,1348.990395
2026-09-05T16:00:07.112Z,SOL,1.3084,140600,102.88,1348.990395
2026-09-05T16:00:07.112Z,BNB,0.6875,1046000,770.1,1348.990395
2026-09-05T16:00:07.112Z,XRP,1.2934,1929,1.4117,1348.990395
2026-09-05T16:00:07.112Z,ADA,1.3308,296.9,0.2172,1348.990395
2026-09-05T16:00:07.112Z,AVAX,1.1705,10300,7.547,1348.990395
2026-09-05T16:00:07.112Z,DOT,0.934,1240,0.9107,1348.990395
2026-09-05T16:00:07.112Z,LINK,1.3312,16320,11.939,1348.990395
2026-09-05T16:05:06.892Z,BTC,1.2815,109029000,79800,1348.990395
2026-09-05T16:05:06.892Z,ETH,1.2231,3358000,2459.19,1348.990395
2026-09-05T16:05:06.892Z,SOL,1.2395,140600,102.95,1348.990395
2026-09-05T16:05:06.892Z,BNB,0.8184,1046000,769.1,1348.990395
2026-09-05T16:05:06.892Z,XRP,1.2741,1930,1.4127,1348.990395
2026-09-05T16:05:06.892Z,ADA,1.163,297.5,0.218,1348.990395
2026-09-05T16:05:06.892Z,AVAX,1.1571,10300,7.548,1348.990395
2026-09-05T16:05:06.892Z,DOT,0.9784,1240,0.9103,1348.990395
2026-09-05T16:05:06.892Z,LINK,1.3652,16320,11.935,1348.990395
2026-09-05T16:10:06.505Z,BTC,1.2834,108956000,79745.1,1348.990395
2026-09-05T16:10:06.505Z,ETH,1.292,3359000,2458.25,1348.990395
2026-09-05T16:10:06.505Z,SOL,1.3805,140700,102.88,1348.990395
2026-09-05T16:10:06.505Z,BNB,0.9234,1046000,768.3,1348.990395
2026-09-05T16:10:06.505Z,XRP,1.2647,1929,1.4121,1348.990395
2026-09-05T16:10:06.505Z,ADA,1.4763,297.6,0.2174,1348.990395
2026-09-05T16:10:06.505Z,AVAX,1.2376,10300,7.542,1348.990395
2026-09-05T16:10:06.505Z,DOT,0.9451,1240,0.9106,1348.990395
2026-09-05T16:10:06.505Z,LINK,1.5098,16320,11.918,1348.990395
2026-09-05T16:15:07.072Z,BTC,1.2941,108966000,79744,1348.990395
2026-09-05T16:15:07.072Z,ETH,1.2735,3359000,2458.7,1348.990395
2026-09-05T16:15:07.072Z,SOL,1.4002,140700,102.86,1348.990395
2026-09-05T16:15:07.072Z,BNB,0.4918,1046000,771.6,1348.990395
2026-09-05T16:15:07.072Z,XRP,1.2767,1928,1.4112,1348.990395
2026-09-05T16:15:07.072Z,ADA,1.383,297.6,0.2176,1348.990395
2026-09-05T16:15:07.072Z,AVAX,1.2779,10300,7.539,1348.990395
2026-09-05T16:15:07.072Z,DOT,0.8675,1240,0.9113,1348.990395
2026-09-05T16:15:07.072Z,LINK,1.3992,16320,11.931,1348.990395
2026-09-05T16:20:07.108Z,BTC,1.2523,108966000,79776.9,1348.990395
2026-09-05T16:20:07.108Z,ETH,1.2619,3359000,2458.98,1348.990395
2026-09-05T16:20:07.108Z,SOL,1.2757,140500,102.84,1348.990395
2026-09-05T16:20:07.108Z,BNB,0.4658,1046000,771.8,1348.990395
2026-09-05T16:20:07.108Z,XRP,1.3149,1929,1.4114,1348.990395
2026-09-05T16:20:07.108Z,ADA,1.4296,297.6,0.2175,1348.990395
2026-09-05T16:20:07.108Z,AVAX,1.4031,10310,7.537,1348.990395
2026-09-05T16:20:07.108Z,DOT,1.0338,1240,0.9098,1348.990395
2026-09-05T16:20:07.108Z,LINK,1.5268,16320,11.916,1348.990395
2026-09-05T16:25:06.873Z,BTC,1.2668,109039000,79818.9,1348.990395
2026-09-05T16:25:06.873Z,ETH,1.2691,3361000,2460.27,1348.990395
2026-09-05T16:25:06.873Z,SOL,1.2329,140700,103.03,1348.990395
2026-09-05T16:25:06.873Z,BNB,0.4007,1046000,772.3,1348.990395
2026-09-05T16:25:06.873Z,XRP,1.267,1930,1.4128,1348.990395
2026-09-05T16:25:06.873Z,ADA,1.383,297.6,0.2176,1348.990395
2026-09-05T16:25:06.873Z,AVAX,1.3225,10310,7.543,1348.990395
2026-09-05T16:25:06.873Z,DOT,1.0227,1240,0.9099,1348.990395
2026-09-05T16:25:06.873Z,LINK,1.4842,16320,11.921,1348.990395
2026-09-05T16:30:06.506Z,BTC,1.2391,109068000,79862,1348.990395
2026-09-05T16:30:06.506Z,ETH,1.2429,3363000,2462.37,1348.990395
2026-09-05T16:30:06.506Z,SOL,1.1543,140700,103.11,1348.990395
2026-09-05T16:30:06.506Z,BNB,0.5179,1046000,771.4,1348.990395
2026-09-05T16:30:06.506Z,XRP,1.267,1930,1.4128,1348.990395
2026-09-05T16:30:06.506Z,ADA,1.1166,297.5,0.2181,1348.990395
2026-09-05T16:30:06.506Z,AVAX,1.3897,10310,7.538,1348.990395
2026-09-05T16:30:06.506Z,DOT,1.1228,1240,0.909,1348.990395
2026-09-05T16:30:06.506Z,LINK,1.4928,16320,11.92,1348.990395
2026-09-05T16:35:06.926Z,BTC,1.1936,109130000,79943.3,1348.990395
2026-09-05T16:35:06.926Z,ETH,1.2653,3370000,2466.95,1348.990395
2026-09-05T16:35:06.926Z,SOL,1.2522,141000,103.23,1348.990395
2026-09-05T16:35:06.926Z,BNB,0.4527,1046000,771.9,1348.990395
2026-09-05T16:35:06.926Z,XRP,1.2859,1932,1.414,1348.990395
2026-09-05T16:35:06.926Z,ADA,1.3455,297.9,0.2179,1348.990395
2026-09-05T16:35:06.926Z,AVAX,1.309,10310,7.544,1348.990395
2026-09-05T16:35:06.926Z,DOT,1.0783,1240,0.9094,1348.990395
2026-09-05T16:35:06.926Z,LINK,1.5183,16320,11.917,1348.990395
2026-09-05T16:40:07.093Z,BTC,1.2891,109167000,79895,1348.990395
2026-09-05T16:40:07.093Z,ETH,1.361,3370000,2464.62,1348.990395
2026-09-05T16:40:07.093Z,SOL,1.429,141000,103.05,1348.990395
2026-09-05T16:40:07.093Z,BNB,0.4788,1046000,771.7,1348.990395
2026-09-05T16:40:07.093Z,XRP,1.3387,1930,1.4118,1348.990395
2026-09-05T16:40:07.093Z,ADA,1.4296,297.6,0.2175,1348.990395
2026-09-05T16:40:07.093Z,AVAX,1.5513,10310,7.526,1348.990395
2026-09-05T16:40:07.093Z,DOT,1.3569,1240,0.9069,1348.990395
2026-09-05T16:40:07.093Z,LINK,1.766,16320,11.888,1348.990395
2026-09-05T16:45:06.516Z,BTC,1.2913,109171000,79896.2,1348.990395
2026-09-05T16:45:06.516Z,ETH,1.3203,3369000,2464.88,1348.990395
2026-09-05T16:45:06.516Z,SOL,1.4487,141000,103.03,1348.990395
2026-09-05T16:45:06.516Z,BNB,0.2579,1046000,773.4,1348.990395
2026-09-05T16:45:06.516Z,XRP,1.3459,1930,1.4117,1348.990395
2026-09-05T16:45:06.516Z,ADA,1.4422,297.5,0.2174,1348.990395
2026-09-05T16:45:06.516Z,AVAX,1.4974,10310,7.53,1348.990395
2026-09-05T16:45:06.516Z,DOT,1.4576,1240,0.906,1348.990395
2026-09-05T16:45:06.516Z,LINK,1.6292,16320,11.904,1348.990395
2026-09-05T16:50:07.058Z,BTC,1.2375,109195000,79956.3,1348.990395
2026-09-05T16:50:07.058Z,ETH,1.2007,3372000,2469.99,1348.990395
2026-09-05T16:50:07.058Z,SOL,1.2196,140900,103.19,1348.990395
2026-09-05T16:50:07.058Z,BNB,1.1857,1058000,775.1,1348.990395
2026-09-05T16:50:07.058Z,XRP,1.2908,1931,1.4132,1348.990395
2026-09-05T16:50:07.058Z,ADA,1.231,297.7,0.218,1348.990395
2026-09-05T16:50:07.058Z,AVAX,1.2285,10310,7.55,1348.990395
2026-09-05T16:50:07.058Z,DOT,1.1116,1240,0.9091,1348.990395
2026-09-05T16:50:07.058Z,LINK,1.3992,16320,11.931,1348.990395
2026-09-05T16:55:06.850Z,BTC,1.2563,109415000,80102.5,1348.990395
2026-09-05T16:55:06.850Z,ETH,1.2356,3377000,2472.8,1348.990395
2026-09-05T16:55:06.850Z,SOL,1.2585,141200,103.37,1348.990395
2026-09-05T16:55:06.850Z,BNB,1.0077,1059000,777.2,1348.990395
2026-09-05T16:55:06.850Z,XRP,1.2261,1934,1.4163,1348.990395
2026-09-05T16:55:06.850Z,ADA,1.2741,298.1,0.2182,1348.990395
2026-09-05T16:55:06.850Z,AVAX,1.0412,10310,7.564,1348.990395
2026-09-05T16:55:06.850Z,DOT,1.0227,1240,0.9099,1348.990395
2026-09-05T16:55:06.850Z,LINK,1.2041,16320,11.954,1348.990395
2026-09-05T17:00:06.864Z,BTC,1.4224,109464000,80007.1,1348.990395
2026-09-05T17:00:06.864Z,ETH,1.2891,3375000,2470.03,1348.990395
2026-09-05T17:00:06.864Z,SOL,1.2683,141200,103.36,1348.990395
2026-09-05T17:00:06.864Z,BNB,1.2468,1057000,773.9,1348.990395
2026-09-05T17:00:06.864Z,XRP,1.3334,1934,1.4148,1348.990395
2026-09-05T17:00:06.864Z,ADA,1.5282,298.3,0.2178,1348.990395
2026-09-05T17:00:06.864Z,AVAX,1.0812,10310,7.561,1348.990395
2026-09-05T17:00:06.864Z,DOT,1.0783,1240,0.9094,1348.990395
2026-09-05T17:00:06.864Z,LINK,1.1195,16320,11.964,1348.990395
2026-09-05T17:05:06.902Z,BTC,1.3185,109337000,79996.2,1348.990395
2026-09-05T17:05:06.902Z,ETH,1.3429,3382000,2473.84,1348.990395
2026-09-05T17:05:06.902Z,SOL,1.3467,141200,103.28,1348.990395
2026-09-05T17:05:06.902Z,BNB,1.1292,1057000,774.8,1348.990395
2026-09-05T17:05:06.902Z,XRP,1.3164,1936,1.4165,1348.990395
2026-09-05T17:05:06.902Z,ADA,1.299,297.9,0.218,1348.990395
2026-09-05T17:05:06.902Z,AVAX,1.1214,10310,7.558,1348.990395
2026-09-05T17:05:06.902Z,DOT,1.1339,1240,0.9089,1348.990395
2026-09-05T17:05:06.902Z,LINK,0.9592,16320,11.983,1348.990395
2026-09-05T17:10:06.891Z,BTC,1.2784,109393000,80068.9,1348.990395
2026-09-05T17:10:06.891Z,ETH,1.2293,3384000,2478.08,1348.990395
2026-09-05T17:10:06.891Z,SOL,1.2808,141600,103.64,1348.990395
2026-09-05T17:10:06.891Z,BNB,0.7014,1060000,780.3,1348.990395
2026-09-05T17:10:06.891Z,XRP,1.2849,1941,1.4206,1348.990395
2026-09-05T17:10:06.891Z,ADA,1.3171,298.5,0.2184,1348.990395
2026-09-05T17:10:06.891Z,AVAX,0.8944,10310,7.575,1348.990395
2026-09-05T17:10:06.891Z,DOT,1.0561,1240,0.9096,1348.990395
2026-09-05T17:10:06.891Z,LINK,1.1333,16430,12.043,1348.990395
2026-09-05T17:15:07.114Z,BTC,1.2008,109372000,80114.9,1348.990395
2026-09-05T17:15:07.114Z,ETH,1.2311,3386000,2479.5,1348.990395
2026-09-05T17:15:07.114Z,SOL,1.3061,142100,103.98,1348.990395
2026-09-05T17:15:07.114Z,BNB,1.025,1060000,777.8,1348.990395
2026-09-05T17:15:07.114Z,XRP,1.2493,1941,1.4211,1348.990395
2026-09-05T17:15:07.114Z,ADA,1.2674,298.9,0.2188,1348.990395
2026-09-05T17:15:07.114Z,AVAX,0.8146,10310,7.581,1348.990395
2026-09-05T17:15:07.114Z,DOT,1.0227,1240,0.9099,1348.990395
2026-09-05T17:15:07.114Z,LINK,1.0301,16510,12.114,1348.990395
2026-09-05T17:20:07.006Z,BTC,1.2651,109308000,80017.2,1348.990395
2026-09-05T17:20:07.006Z,ETH,1.3833,3388000,2477.24,1348.990395
2026-09-05T17:20:07.006Z,SOL,1.5306,142100,103.75,1348.990395
2026-09-05T17:20:07.006Z,BNB,1.1812,1060000,776.6,1348.990395
2026-09-05T17:20:07.006Z,XRP,1.2447,1939,1.4197,1348.990395
2026-09-05T17:20:07.006Z,ADA,1.4314,298.7,0.2183,1348.990395
2026-09-05T17:20:07.006Z,AVAX,0.8146,10310,7.581,1348.990395
2026-09-05T17:20:07.006Z,DOT,1.1562,1240,0.9087,1348.990395
2026-09-05T17:20:07.006Z,LINK,0.9969,16540,12.14,1348.990395
2026-09-05T17:25:07.072Z,BTC,1.286,109340000,80024.1,1348.990395
2026-09-05T17:25:07.072Z,ETH,1.2629,3385000,2477.99,1348.990395
2026-09-05T17:25:07.072Z,SOL,1.0565,141600,103.87,1348.990395
2026-09-05T17:25:07.072Z,BNB,1.1551,1060000,776.8,1348.990395
2026-09-05T17:25:07.072Z,XRP,1.3161,1939,1.4187,1348.990395
2026-09-05T17:25:07.072Z,ADA,1.41,298.5,0.2182,1348.990395
2026-09-05T17:25:07.072Z,AVAX,0.8545,10310,7.578,1348.990395
2026-09-05T17:25:07.072Z,DOT,1.1896,1240,0.9084,1348.990395
2026-09-05T17:25:07.072Z,LINK,1.1767,16680,12.221,1348.990395
2026-09-05T17:30:06.926Z,BTC,1.3032,109312000,79990,1348.990395
2026-09-05T17:30:06.926Z,ETH,1.3107,3385000,2476.82,1348.990395
2026-09-05T17:30:06.926Z,SOL,1.0857,141600,103.84,1348.990395
2026-09-05T17:30:06.926Z,BNB,0.9731,1060000,778.2,1348.990395
2026-09-05T17:30:06.926Z,XRP,1.3375,1939,1.4184,1348.990395
2026-09-05T17:30:06.926Z,ADA,1.3081,298.2,0.2182,1348.990395
2026-09-05T17:30:06.926Z,AVAX,0.9744,10310,7.569,1348.990395
2026-09-05T17:30:06.926Z,DOT,1.145,1240,0.9088,1348.990395
2026-09-05T17:30:06.926Z,LINK,1.7847,16680,12.148,1348.990395
2026-09-05T17:35:06.893Z,BTC,1.2941,109349000,80024.3,1348.990395
2026-09-05T17:35:06.893Z,ETH,1.3506,3388000,2478.04,1348.990395
2026-09-05T17:35:06.893Z,SOL,1.3969,142200,103.96,1348.990395
2026-09-05T17:35:06.893Z,BNB,0.9991,1060000,778,1348.990395
2026-09-05T17:35:06.893Z,XRP,1.3514,1942,1.4204,1348.990395
2026-09-05T17:35:06.893Z,ADA,1.4565,298.5,0.2181,1348.990395
2026-09-05T17:35:06.893Z,AVAX,0.9477,10310,7.571,1348.990395
2026-09-05T17:35:06.893Z,DOT,1.1339,1240,0.9089,1348.990395
2026-09-05T17:35:06.893Z,LINK,2.604,16680,12.051,1348.990395
2026-09-05T17:40:07.114Z,BTC,1.3247,109294000,79959.9,1348.990395
2026-09-05T17:40:07.114Z,ETH,1.2355,3380000,2475,1348.990395
2026-09-05T17:40:07.114Z,SOL,1.2577,141800,103.81,1348.990395
2026-09-05T17:40:07.114Z,BNB,1.3508,1060000,775.3,1348.990395
2026-09-05T17:40:07.114Z,XRP,1.3183,1940,1.4194,1348.990395
2026-09-05T17:40:07.114Z,ADA,1.503,298.5,0.218,1348.990395
2026-09-05T17:40:07.114Z,AVAX,1.0278,10310,7.565,1348.990395
2026-09-05T17:40:07.114Z,DOT,1.0783,1240,0.9094,1348.990395
2026-09-05T17:40:07.114Z,LINK,1.2062,16420,12.027,1348.990395
2026-09-05T17:45:06.895Z,BTC,1.2444,109294000,80023.3,1348.990395
2026-09-05T17:45:06.895Z,ETH,1.2648,3383000,2476.48,1348.990395
2026-09-05T17:45:06.895Z,SOL,1.2124,141600,103.71,1348.990395
2026-09-05T17:45:06.895Z,BNB,1.1681,1060000,776.7,1348.990395
2026-09-05T17:45:06.895Z,XRP,1.2969,1940,1.4197,1348.990395
2026-09-05T17:45:06.895Z,ADA,1.3013,299,0.2188,1348.990395
2026-09-05T17:45:06.895Z,AVAX,1.0278,10310,7.565,1348.990395
2026-09-05T17:45:06.895Z,DOT,1.1673,1240,0.9086,1348.990395
2026-09-05T17:45:06.895Z,LINK,1.2116,16440,12.041,1348.990395
2026-09-05T17:50:07.049Z,BTC,1.3075,109352000,80015.9,1348.990395
2026-09-05T17:50:07.049Z,ETH,1.2243,3383000,2477.47,1348.990395
2026-09-05T17:50:07.049Z,SOL,1.2027,141600,103.72,1348.990395
2026-09-05T17:50:07.049Z,BNB,1.038,1060000,777.7,1348.990395
2026-09-05T17:50:07.049Z,XRP,1.3041,1940,1.4196,1348.990395
2026-09-05T17:50:07.049Z,ADA,1.2303,299.2,0.2191,1348.990395
2026-09-05T17:50:07.049Z,AVAX,0.8811,10310,7.576,1348.990395
2026-09-05T17:50:07.049Z,DOT,1.0783,1240,0.9094,1348.990395
2026-09-05T17:50:07.049Z,LINK,1.3042,16440,12.03,1348.990395
2026-09-05T17:55:06.887Z,BTC,1.2666,109330000,80032.1,1348.990395
2026-09-05T17:55:06.887Z,ETH,1.2268,3384000,2478.14,1348.990395
2026-09-05T17:55:06.887Z,SOL,1.2574,142100,104.03,1348.990395
2026-09-05T17:55:06.887Z,BNB,1.1421,1060000,776.9,1348.990395
2026-09-05T17:55:06.887Z,XRP,1.2516,1942,1.4218,1348.990395
2026-09-05T17:55:06.887Z,ADA,1.3126,300.4,0.2198,1348.990395
2026-09-05T17:55:06.887Z,AVAX,0.6685,10310,7.592,1348.990395
2026-09-05T17:55:06.887Z,DOT,0.8565,1240,0.9114,1348.990395
2026-09-05T17:55:06.887Z,LINK,1.1696,16440,12.046,1348.990395
2026-09-05T18:00:06.886Z,BTC,1.1991,109272000,80043,1348.990395
2026-09-05T18:00:06.886Z,ETH,1.1106,3384000,2480.99,1348.990395
2026-09-05T18:00:06.886Z,SOL,1.1374,142300,104.3,1348.990395
2026-09-05T18:00:06.886Z,BNB,1.1942,1060000,776.5,1348.990395
2026-09-05T18:00:06.886Z,XRP,1.1636,1947,1.4267,1348.990395
2026-09-05T18:00:06.886Z,ADA,0.8389,300.9,0.2212,1348.990395
2026-09-05T18:00:06.886Z,AVAX,1.205,10410,7.625,1348.990395
2026-09-05T18:00:06.886Z,DOT,0.8233,1240,0.9117,1348.990395
2026-09-05T18:00:06.886Z,LINK,0.6848,16440,12.104,1348.990395
2026-09-05T18:05:07.129Z,BTC,1.1631,109188000,80009.9,1348.990395
2026-09-05T18:05:07.129Z,ETH,1.1692,3383000,2478.82,1348.990395
2026-09-05T18:05:07.129Z,SOL,1.1958,142000,104.02,1348.990395
2026-09-05T18:05:07.129Z,BNB,1.1681,1060000,776.7,1348.990395
2026-09-05T18:05:07.129Z,XRP,1.2374,1942,1.422,1348.990395
2026-09-05T18:05:07.129Z,ADA,1.5699,301.3,0.2199,1348.990395
2026-09-05T18:05:07.129Z,AVAX,1.2316,10410,7.623,1348.990395
2026-09-05T18:05:07.129Z,DOT,1.0227,1240,0.9099,1348.990395
2026-09-05T18:05:07.129Z,LINK,0.9768,16440,12.069,1348.990395
2026-09-05T18:10:07.075Z,BTC,1.2336,109208000,79968.9,1348.990395
2026-09-05T18:10:07.075Z,ETH,1.2304,3383000,2477.32,1348.990395
2026-09-05T18:10:07.075Z,SOL,1.2999,141900,103.84,1348.990395
2026-09-05T18:10:07.075Z,BNB,1.1335,1058000,775.5,1348.990395
2026-09-05T18:10:07.075Z,XRP,1.2778,1941,1.4207,1348.990395
2026-09-05T18:10:07.075Z,ADA,1.316,300,0.2195,1348.990395
2026-09-05T18:10:07.075Z,AVAX,1.4178,10410,7.609,1348.990395
2026-09-05T18:10:07.075Z,DOT,1.1562,1240,0.9087,1348.990395
2026-09-05T18:10:07.075Z,LINK,1.2032,16440,12.042,1348.990395
2026-09-05T18:15:06.929Z,BTC,1.2212,109188000,79964,1348.990395
2026-09-05T18:15:06.929Z,ETH,1.1636,3381000,2477.49,1348.990395
2026-09-05T18:15:06.929Z,SOL,1.2219,141900,103.92,1348.990395
2026-09-05T18:15:06.929Z,BNB,1.0944,1058000,775.8,1348.990395
2026-09-05T18:15:06.929Z,XRP,1.1995,1941,1.4218,1348.990395
2026-09-05T18:15:06.929Z,ADA,1.0462,302.2,0.2217,1348.990395
2026-09-05T18:15:06.929Z,AVAX,3.6586,10640,7.609,1348.990395
2026-09-05T18:15:06.929Z,DOT,1.1116,1240,0.9091,1348.990395
2026-09-05T18:15:06.929Z,LINK,1.1025,16440,12.054,1348.990395
2026-09-05T18:20:07.183Z,BTC,1.1654,109158000,79986.1,1348.990395
2026-09-05T18:20:07.183Z,ETH,1.1628,3381000,2477.51,1348.990395
2026-09-05T18:20:07.183Z,SOL,1.1732,141900,103.97,1348.990395
2026-09-05T18:20:07.183Z,BNB,0.8993,1058000,777.3,1348.990395
2026-09-05T18:20:07.183Z,XRP,1.1923,1941,1.4219,1348.990395
2026-09-05T18:20:07.183Z,ADA,1.1161,302,0.2214,1348.990395
2026-09-05T18:20:07.183Z,AVAX,3.6994,10640,7.606,1348.990395
2026-09-05T18:20:07.183Z,DOT,0.8675,1240,0.9113,1348.990395
2026-09-05T18:20:07.183Z,LINK,0.9517,16440,12.072,1348.990395
2026-09-05T18:25:06.902Z,BTC,1.1929,109158000,79964.4,1348.990395
2026-09-05T18:25:06.902Z,ETH,1.1869,3381000,2476.92,1348.990395
2026-09-05T18:25:06.902Z,SOL,1.1732,141900,103.97,1348.990395
2026-09-05T18:25:06.902Z,BNB,0.8344,1058000,777.8,1348.990395
2026-09-05T18:25:06.902Z,XRP,1.1971,1940,1.4211,1348.990395
2026-09-05T18:25:06.902Z,ADA,1.4368,302,0.2207,1348.990395
2026-09-05T18:25:06.902Z,AVAX,3.6177,10640,7.612,1348.990395
2026-09-05T18:25:06.902Z,DOT,0.9894,1240,0.9102,1348.990395
2026-09-05T18:25:06.902Z,LINK,0.9936,16440,12.067,1348.990395
2026-09-05T18:30:06.865Z,BTC,1.247,109157000,79920.9,1348.990395
2026-09-05T18:30:06.865Z,ETH,1.2384,3381000,2475.66,1348.990395
2026-09-05T18:30:06.865Z,SOL,1.3291,141900,103.81,1348.990395
2026-09-05T18:30:06.865Z,BNB,0.8085,1058000,778,1348.990395
2026-09-05T18:30:06.865Z,XRP,1.1973,1937,1.4189,1348.990395
2026-09-05T18:30:06.865Z,ADA,1.621,302,0.2203,1348.990395
2026-09-05T18:30:06.865Z,AVAX,3.7677,10640,7.601,1348.990395
2026-09-05T18:30:06.865Z,DOT,1.145,1240,0.9088,1348.990395
2026-09-05T18:30:06.865Z,LINK,1.1864,16440,12.044,1348.990395
2026-09-05T18:35:06.868Z,BTC,1.2234,109161000,79942.5,1348.990395
2026-09-05T18:35:06.868Z,ETH,1.2151,3381000,2476.23,1348.990395
2026-09-05T18:35:06.868Z,SOL,1.3225,142000,103.89,1348.990395
2026-09-05T18:35:06.868Z,BNB,0.9123,1058000,777.2,1348.990395
2026-09-05T18:35:06.868Z,XRP,1.2376,1939,1.4198,1348.990395
2026-09-05T18:35:06.868Z,ADA,1.0918,300.7,0.2205,1348.990395
2026-09-05T18:35:06.868Z,AVAX,3.6586,10640,7.609,1348.990395
2026-09-05T18:35:06.868Z,DOT,1.0227,1240,0.9099,1348.990395
2026-09-05T18:35:06.868Z,LINK,1.2453,16440,12.037,1348.990395
2026-09-05T18:40:07.095Z,BTC,1.1707,109105000,79943.1,1348.990395
2026-09-05T18:40:07.095Z,ETH,1.2544,3382000,2476,1348.990395
2026-09-05T18:40:07.095Z,SOL,1.4592,142000,103.75,1348.990395
2026-09-05T18:40:07.095Z,BNB,0.7438,1058000,778.5,1348.990395
2026-09-05T18:40:07.095Z,XRP,1.2733,1939,1.4193,1348.990395
2026-09-05T18:40:07.095Z,ADA,1.046,300.7,0.2206,1348.990395
2026-09-05T18:40:07.095Z,AVAX,3.6449,10640,7.61,1348.990395
2026-09-05T18:40:07.095Z,DOT,1.0561,1240,0.9096,1348.990395
2026-09-05T18:40:07.095Z,LINK,1.2789,16440,12.033,1348.990395
2026-09-05T18:45:07.093Z,BTC,1.209,109115000,79920.2,1348.990395
2026-09-05T18:45:07.093Z,ETH,1.2328,3382000,2476.53,1348.990395
2026-09-05T18:45:07.093Z,SOL,1.1247,141600,103.8,1348.990395
2026-09-05T18:45:07.093Z,BNB,0.7697,1058000,778.3,1348.990395
2026-09-05T18:45:07.093Z,XRP,1.2164,1936,1.4179,1348.990395
2026-09-05T18:45:07.093Z,ADA,1.1377,300.7,0.2204,1348.990395
2026-09-05T18:45:07.093Z,AVAX,3.6313,10640,7.611,1348.990395
2026-09-05T18:45:07.093Z,DOT,0.9229,1240,0.9108,1348.990395
2026-09-05T18:45:07.093Z,LINK,0.7191,16360,12.041,1348.990395
2026-09-05T18:50:07.099Z,BTC,1.1962,109090000,79912,1348.990395
2026-09-05T18:50:07.099Z,ETH,1.261,3382000,2475.84,1348.990395
2026-09-05T18:50:07.099Z,SOL,1.1539,141600,103.77,1348.990395
2026-09-05T18:50:07.099Z,BNB,0.8993,1058000,777.3,1348.990395
2026-09-05T18:50:07.099Z,XRP,1.2307,1936,1.4177,1348.990395
2026-09-05T18:50:07.099Z,ADA,1.2295,300.7,0.2202,1348.990395
2026-09-05T18:50:07.099Z,AVAX,3.7267,10640,7.604,1348.990395
2026-09-05T18:50:07.099Z,DOT,1.1005,1240,0.9092,1348.990395
2026-09-05T18:50:07.099Z,LINK,0.8112,16360,12.03,1348.990395
2026-09-05T18:55:06.865Z,BTC,1.1873,109090000,79919,1348.990395
2026-09-05T18:55:06.865Z,ETH,1.2054,3382000,2477.2,1348.990395
2026-09-05T18:55:06.865Z,SOL,1.1441,141600,103.78,1348.990395
2026-09-05T18:55:06.865Z,BNB,1.0163,1058000,776.4,1348.990395
2026-09-05T18:55:06.865Z,XRP,1.2069,1935,1.4173,1348.990395
2026-09-05T18:55:06.865Z,ADA,1.3676,300.7,0.2199,1348.990395
2026-09-05T18:55:06.865Z,AVAX,3.7677,10640,7.601,1348.990395
2026-09-05T18:55:06.865Z,DOT,1.1562,1240,0.9087,1348.990395
2026-09-05T18:55:06.865Z,LINK,0.8364,16360,12.027,1348.990395
2026-09-05T19:00:06.899Z,BTC,1.1721,109120000,79953,1348.990395
2026-09-05T19:00:06.899Z,ETH,1.1995,3384000,2478.81,1348.990395
2026-09-05T19:00:06.899Z,SOL,1.0857,141600,103.84,1348.990395
2026-09-05T19:00:06.899Z,BNB,0.9772,1058000,776.7,1348.990395
2026-09-05T19:00:06.899Z,XRP,1.2212,1935,1.4171,1348.990395
2026-09-05T19:00:06.899Z,ADA,1.4138,300.7,0.2198,1348.990395
2026-09-05T19:00:06.899Z,AVAX,3.8086,10640,7.598,1348.990395
2026-09-05T19:00:06.899Z,DOT,1.2899,1240,0.9075,1348.990395
2026-09-05T19:00:06.899Z,LINK,0.828,16360,12.028,1348.990395
2026-09-05T19:05:06.883Z,BTC,1.1858,109057000,79896,1348.990395
2026-09-05T19:05:06.883Z,ETH,1.2769,3382000,2475.45,1348.990395
2026-09-05T19:05:06.883Z,SOL,1.2612,141600,103.66,1348.990395
2026-09-05T19:05:06.883Z,BNB,1.1465,1058000,775.4,1348.990395
2026-09-05T19:05:06.883Z,XRP,1.1642,1932,1.4157,1348.990395
2026-09-05T19:05:06.883Z,ADA,1.101,301,0.2207,1348.990395
2026-09-05T19:05:06.883Z,AVAX,3.9317,10640,7.589,1348.990395
2026-09-05T19:05:06.883Z,DOT,1.1339,1240,0.9089,1348.990395
2026-09-05T19:05:06.883Z,LINK,1.0464,16360,12.002,1348.990395
2026-09-05T19:10:06.521Z,BTC,1.2274,109128000,79915.2,1348.990395
2026-09-05T19:10:06.521Z,ETH,1.2398,3383000,2477.09,1348.990395
2026-09-05T19:10:06.521Z,SOL,1.2351,141700,103.76,1348.990395
2026-09-05T19:10:06.521Z,BNB,1.2118,1058000,774.9,1348.990395
2026-09-05T19:10:06.521Z,XRP,1.1404,1934,1.4175,1348.990395
2026-09-05T19:10:06.521Z,ADA,1.3786,302.1,0.2209,1348.990395
2026-09-05T19:10:06.521Z,AVAX,3.877,10640,7.593,1348.990395
2026-09-05T19:10:06.521Z,DOT,1.1228,1240,0.909,1348.990395
2026-09-05T19:10:06.521Z,LINK,0.9791,16360,12.01,1348.990395
2026-09-05T19:15:07.152Z,BTC,1.2136,109107000,79910.7,1348.990395
2026-09-05T19:15:07.152Z,ETH,1.1541,3380000,2476.99,1348.990395
2026-09-05T19:15:07.152Z,SOL,1.2156,141700,103.78,1348.990395
2026-09-05T19:15:07.152Z,BNB,0.9902,1058000,776.6,1348.990395
2026-09-05T19:15:07.152Z,XRP,1.2116,1937,1.4187,1348.990395
2026-09-05T19:15:07.152Z,ADA,1.3662,302.2,0.221,1348.990395
2026-09-05T19:15:07.152Z,AVAX,3.8223,10640,7.597,1348.990395
2026-09-05T19:15:07.152Z,DOT,1.0338,1240,0.9098,1348.990395
2026-09-05T19:15:07.152Z,LINK,0.9287,16360,12.016,1348.990395
2026-09-05T19:20:06.890Z,BTC,1.2488,109123000,79894.6,1348.990395
2026-09-05T19:20:06.890Z,ETH,1.1514,3381000,2477.79,1348.990395
2026-09-05T19:20:06.890Z,SOL,1.1961,141700,103.8,1348.990395
2026-09-05T19:20:06.890Z,BNB,0.9123,1058000,777.2,1348.990395
2026-09-05T19:20:06.890Z,XRP,1.1973,1937,1.4189,1348.990395
2026-09-05T19:20:06.890Z,ADA,1.1895,301.4,0.2208,1348.990395
2026-09-05T19:20:06.890Z,AVAX,3.7677,10640,7.601,1348.990395
2026-09-05T19:20:06.890Z,DOT,0.9451,1240,0.9106,1348.990395
2026-09-05T19:20:06.890Z,LINK,0.7861,16360,12.033,1348.990395
2026-09-05T19:25:07.087Z,BTC,1.154,109069000,79929.9,1348.990395
2026-09-05T19:25:07.087Z,ETH,1.0653,3381000,2479.9,1348.990395
2026-09-05T19:25:07.087Z,SOL,1.1279,141700,103.87,1348.990395
2026-09-05T19:25:07.087Z,BNB,0.9383,1058000,777,1348.990395
2026-09-05T19:25:07.087Z,XRP,1.1213,1935,1.4185,1348.990395
2026-09-05T19:25:07.087Z,ADA,1.3238,301.8,0.2208,1348.990395
2026-09-05T19:25:07.087Z,AVAX,3.6722,10640,7.608,1348.990395
2026-09-05T19:25:07.087Z,DOT,0.9673,1240,0.9104,1348.990395
2026-09-05T19:25:07.087Z,LINK,0.7107,16360,12.042,1348.990395
2026-09-05T19:30:06.909Z,BTC,1.2283,109148000,79929.1,1348.990395
2026-09-05T19:30:06.909Z,ETH,1.1159,3381000,2478.66,1348.990395
2026-09-05T19:30:06.909Z,SOL,1.1376,141700,103.86,1348.990395
2026-09-05T19:30:06.909Z,BNB,0.8474,1058000,777.7,1348.990395
2026-09-05T19:30:06.909Z,XRP,1.183,1937,1.4191,1348.990395
2026-09-05T19:30:06.909Z,ADA,1.3025,301.6,0.2207,1348.990395
2026-09-05T19:30:06.909Z,AVAX,3.4004,10640,7.628,1348.990395
2026-09-05T19:30:06.909Z,DOT,0.9784,1240,0.9103,1348.990395
2026-09-05T19:30:06.909Z,LINK,1.0438,16440,12.061,1348.990395
2026-09-05T19:35:06.884Z,BTC,1.1928,108898000,79774,1348.990395
2026-09-05T19:35:06.884Z,ETH,1.2204,3381000,2476.1,1348.990395
2026-09-05T19:35:06.884Z,SOL,1.2839,141700,103.71,1348.990395
2026-09-05T19:35:06.884Z,BNB,0.7179,1058000,778.7,1348.990395
2026-09-05T19:35:06.884Z,XRP,1.1975,1934,1.4167,1348.990395
2026-09-05T19:35:06.884Z,ADA,1.4068,301.5,0.2204,1348.990395
2026-09-05T19:35:06.884Z,AVAX,3.4004,10640,7.628,1348.990395
2026-09-05T19:35:06.884Z,DOT,1.1339,1240,0.9089,1348.990395
2026-09-05T19:35:06.884Z,LINK,1.1696,16440,12.046,1348.990395
2026-09-05T19:40:07.132Z,BTC,1.1889,108861000,79750,1348.990395
2026-09-05T19:40:07.132Z,ETH,1.1971,3377000,2473.74,1348.990395
2026-09-05T19:40:07.132Z,SOL,1.1572,141400,103.62,1348.990395
2026-09-05T19:40:07.132Z,BNB,0.9253,1058000,777.1,1348.990395
2026-09-05T19:40:07.132Z,XRP,1.2381,1933,1.4154,1348.990395
2026-09-05T19:40:07.132Z,ADA,1.4014,300.8,0.2199,1348.990395
2026-09-05T19:40:07.132Z,AVAX,3.6586,10640,7.609,1348.990395
2026-09-05T19:40:07.132Z,DOT,1.1562,1240,0.9087,1348.990395
2026-09-05T19:40:07.132Z,LINK,1.2958,16440,12.031,1348.990395
2026-09-05T19:45:06.875Z,BTC,1.1988,108970000,79822,1348.990395
2026-09-05T19:45:06.875Z,ETH,1.0962,3377000,2476.21,1348.990395
2026-09-05T19:45:06.875Z,SOL,1.128,141400,103.65,1348.990395
2026-09-05T19:45:06.875Z,BNB,0.8085,1058000,778,1348.990395
2026-09-05T19:45:06.875Z,XRP,1.1784,1935,1.4177,1348.990395
2026-09-05T19:45:06.875Z,ADA,1.1836,300.7,0.2203,1348.990395
2026-09-05T19:45:06.875Z,AVAX,3.4818,10640,7.622,1348.990395
2026-09-05T19:45:06.875Z,DOT,0.9562,1240,0.9105,1348.990395
2026-09-05T19:45:06.875Z,LINK,1.1696,16440,12.046,1348.990395
2026-09-05T19:50:06.882Z,BTC,1.2383,108861000,79711.1,1348.990395
2026-09-05T19:50:06.882Z,ETH,1.2364,3377000,2472.78,1348.990395
2026-09-05T19:50:06.882Z,SOL,1.3012,141000,103.18,1348.990395
2026-09-05T19:50:06.882Z,BNB,1.1987,1058000,775,1348.990395
2026-09-05T19:50:06.882Z,XRP,1.2311,1930,1.4133,1348.990395
2026-09-05T19:50:06.882Z,ADA,1.5899,300.4,0.2192,1348.990395
2026-09-05T19:50:06.882Z,AVAX,3.836,10640,7.596,1348.990395
2026-09-05T19:50:06.882Z,DOT,1.2118,1240,0.9082,1348.990395
2026-09-05T19:50:06.882Z,LINK,1.7695,16440,11.975,1348.990395
2026-09-05T19:55:06.714Z,BTC,1.2347,108860000,79713.2,1348.990395
2026-09-05T19:55:06.714Z,ETH,1.1827,3376000,2473.36,1348.990395
2026-09-05T19:55:06.714Z,SOL,1.1542,141000,103.33,1348.990395
2026-09-05T19:55:06.714Z,BNB,1.2771,1058000,774.4,1348.990395
2026-09-05T19:55:06.714Z,XRP,1.2166,1933,1.4157,1348.990395
2026-09-05T19:55:06.714Z,ADA,1.227,299.6,0.2194,1348.990395
2026-09-05T19:55:06.714Z,AVAX,3.9591,10640,7.587,1348.990395
2026-09-05T19:55:06.714Z,DOT,1.0783,1240,0.9094,1348.990395
2026-09-05T19:55:06.714Z,LINK,1.6337,16440,11.991,1348.990395
2026-09-05T20:00:07.099Z,BTC,1.1934,108815000,79712.7,1348.990395
2026-09-05T20:00:07.099Z,ETH,1.1069,3378000,2476.68,1348.990395
2026-09-05T20:00:07.099Z,SOL,1.2291,141200,103.4,1348.990395
2026-09-05T20:00:07.099Z,BNB,1.4343,1058000,773.2,1348.990395
2026-09-05T20:00:07.099Z,XRP,1.1857,1932,1.4154,1348.990395
2026-09-05T20:00:07.099Z,ADA,1.101,299.5,0.2196,1348.990395
2026-09-05T20:00:07.099Z,AVAX,3.8907,10640,7.592,1348.990395
2026-09-05T20:00:07.099Z,DOT,1.0116,1240,0.91,1348.990395
2026-09-05T20:00:07.099Z,LINK,1.4898,16440,12.008,1348.990395
2026-09-05T20:05:06.861Z,BTC,1.2323,108812000,79679.9,1348.990395
2026-09-05T20:05:06.861Z,ETH,1.3322,3382000,2474.1,1348.990395
2026-09-05T20:05:06.861Z,SOL,1.3761,141200,103.25,1348.990395
2026-09-05T20:05:06.861Z,BNB,1.6052,1058000,771.9,1348.990395
2026-09-05T20:05:06.861Z,XRP,1.2478,1931,1.4138,1348.990395
2026-09-05T20:05:06.861Z,ADA,1.4796,299.8,0.219,1348.990395
2026-09-05T20:05:06.861Z,AVAX,4.1651,10640,7.572,1348.990395
2026-09-05T20:05:06.861Z,DOT,1.1784,1240,0.9085,1348.990395
2026-09-05T20:05:06.861Z,LINK,1.761,16440,11.976,1348.990395
2026-09-05T20:10:07.075Z,BTC,1.2064,108827000,79711.3,1348.990395
2026-09-05T20:10:07.075Z,ETH,1.2988,3384000,2476.38,1348.990395
2026-09-05T20:10:07.075Z,SOL,1.3106,141300,103.39,1348.990395
2026-09-05T20:10:07.075Z,BNB,1.4737,1058000,772.9,1348.990395
2026-09-05T20:10:07.075Z,XRP,1.2189,1934,1.4164,1348.990395
2026-09-05T20:10:07.075Z,ADA,1.2665,300.4,0.2199,1348.990395
2026-09-05T20:10:07.075Z,AVAX,3.8633,10640,7.594,1348.990395
2026-09-05T20:10:07.075Z,DOT,0.7901,1240,0.912,1348.990395
2026-09-05T20:10:07.075Z,LINK,1.4053,16440,12.018,1348.990395
2026-09-05T20:15:06.874Z,BTC,1.1792,108786000,79702.7,1348.990395
2026-09-05T20:15:06.874Z,ETH,1.2223,3384000,2478.25,1348.990395
2026-09-05T20:15:06.874Z,SOL,1.3204,141300,103.38,1348.990395
2026-09-05T20:15:06.874Z,BNB,1.5394,1058000,772.4,1348.990395
2026-09-05T20:15:06.874Z,XRP,1.1476,1931,1.4152,1348.990395
2026-09-05T20:15:06.874Z,ADA,1.2328,300.3,0.2199,1348.990395
2026-09-05T20:15:06.874Z,AVAX,3.795,10640,7.599,1348.990395
2026-09-05T20:15:06.874Z,DOT,0.35,1240,0.916,1348.990395
2026-09-05T20:15:06.874Z,LINK,1.2428,16400,12.008,1348.990395
2026-09-05T20:20:06.889Z,BTC,1.2345,108779000,79654,1348.990395
2026-09-05T20:20:06.889Z,ETH,1.2949,3381000,2474.28,1348.990395
2026-09-05T20:20:06.889Z,SOL,1.3209,141000,103.16,1348.990395
2026-09-05T20:20:06.889Z,BNB,1.7502,1058000,770.8,1348.990395
2026-09-05T20:20:06.889Z,XRP,1.2288,1929,1.4126,1348.990395
2026-09-05T20:20:06.889Z,ADA,1.5348,300.1,0.2191,1348.990395
2026-09-05T20:20:06.889Z,AVAX,4.0826,10640,7.578,1348.990395
2026-09-05T20:20:06.889Z,DOT,0.5586,1240,0.9141,1348.990395
2026-09-05T20:20:06.889Z,LINK,1.5388,16400,11.973,1348.990395
2026-09-05T20:25:07.121Z,BTC,1.1737,108855000,79757.6,1348.990395
2026-09-05T20:25:07.121Z,ETH,1.2024,3381000,2476.54,1348.990395
2026-09-05T20:25:07.121Z,SOL,1.1836,141000,103.3,1348.990395
2026-09-05T20:25:07.121Z,BNB,1.7106,1058000,771.1,1348.990395
2026-09-05T20:25:07.121Z,XRP,1.1714,1932,1.4156,1348.990395
2026-09-05T20:25:07.121Z,ADA,1.2114,300.1,0.2198,1348.990395
2026-09-05T20:25:07.121Z,AVAX,3.9591,10640,7.587,1348.990395
2026-09-05T20:25:07.121Z,DOT,0.5256,1240,0.9144,1348.990395
2026-09-05T20:25:07.121Z,LINK,1.3526,16400,11.995,1348.990395
2026-09-05T20:30:06.865Z,BTC,1.2369,108844000,79699.7,1348.990395
2026-09-05T20:30:06.865Z,ETH,1.2032,3380000,2475.79,1348.990395
2026-09-05T20:30:06.865Z,SOL,1.2522,141000,103.23,1348.990395
2026-09-05T20:30:06.865Z,BNB,1.7634,1058000,770.7,1348.990395
2026-09-05T20:30:06.865Z,XRP,1.2383,1930,1.4132,1348.990395
2026-09-05T20:30:06.865Z,ADA,1.5524,300.7,0.2195,1348.990395
2026-09-05T20:30:06.865Z,AVAX,4.0414,10640,7.581,1348.990395
2026-09-05T20:30:06.865Z,DOT,0.7239,1240,0.9126,1348.990395
2026-09-05T20:30:06.865Z,LINK,1.4795,16400,11.98,1348.990395
2026-09-05T20:35:06.885Z,BTC,1.2579,108800000,79651,1348.990395
2026-09-05T20:35:06.885Z,ETH,1.1926,3377000,2473.85,1348.990395
2026-09-05T20:35:06.885Z,SOL,1.4813,141100,103.07,1348.990395
2026-09-05T20:35:06.885Z,BNB,1.8956,1058000,769.7,1348.990395
2026-09-05T20:35:06.885Z,XRP,1.3028,1930,1.4123,1348.990395
2026-09-05T20:35:06.885Z,ADA,1.5473,300,0.219,1348.990395
2026-09-05T20:35:06.885Z,AVAX,4.1651,10640,7.572,1348.990395
2026-09-05T20:35:06.885Z,DOT,0.8786,1240,0.9112,1348.990395
2026-09-05T20:35:06.885Z,LINK,1.1787,16320,11.957,1348.990395
2026-09-05T20:40:07.124Z,BTC,1.2094,108823000,79706,1348.990395
2026-09-05T20:40:07.124Z,ETH,1.1975,3381000,2476.66,1348.990395
2026-09-05T20:40:07.124Z,SOL,1.262,141000,103.22,1348.990395
2026-09-05T20:40:07.124Z,BNB,1.6447,1058000,771.6,1348.990395
2026-09-05T20:40:07.124Z,XRP,1.2286,1932,1.4148,1348.990395
2026-09-05T20:40:07.124Z,ADA,1.3621,300,0.2194,1348.990395
2026-09-05T20:40:07.124Z,AVAX,3.9866,10640,7.585,1348.990395
2026-09-05T20:40:07.124Z,DOT,0.8233,1240,0.9117,1348.990395
2026-09-05T20:40:07.124Z,LINK,0.8582,16320,11.995,1348.990395
2026-09-05T20:45:07.064Z,BTC,1.141,108801000,79743.8,1348.990395
2026-09-05T20:45:07.064Z,ETH,1.1151,3381000,2478.68,1348.990395
2026-09-05T20:45:07.064Z,SOL,1.1444,141000,103.34,1348.990395
2026-09-05T20:45:07.064Z,BNB,1.671,1058000,771.4,1348.990395
2026-09-05T20:45:07.064Z,XRP,1.188,1933,1.4161,1348.990395
2026-09-05T20:45:07.064Z,ADA,1.1562,299.8,0.2197,1348.990395
2026-09-05T20:45:07.064Z,AVAX,3.8633,10640,7.594,1348.990395
2026-09-05T20:45:07.064Z,DOT,0.6356,1240,0.9134,1348.990395
2026-09-05T20:45:07.064Z,LINK,0.6484,16320,12.02,1348.990395
2026-09-05T20:50:07.077Z,BTC,1.1761,108820000,79730,1348.990395
2026-09-05T20:50:07.077Z,ETH,1.124,3381000,2478.46,1348.990395
2026-09-05T20:50:07.077Z,SOL,1.1934,141000,103.29,1348.990395
2026-09-05T20:50:07.077Z,BNB,1.6447,1058000,771.6,1348.990395
2026-09-05T20:50:07.077Z,XRP,1.2095,1933,1.4158,1348.990395
2026-09-05T20:50:07.077Z,ADA,1.3497,300.1,0.2195,1348.990395
2026-09-05T20:50:07.077Z,AVAX,1.0458,10350,7.593,1348.990395
2026-09-05T20:50:07.077Z,DOT,0.7791,1240,0.9121,1348.990395
2026-09-05T20:50:07.077Z,LINK,0.5313,16320,12.034,1348.990395
2026-09-05T20:55:06.867Z,BTC,1.2487,108874000,79712.4,1348.990395
2026-09-05T20:55:06.867Z,ETH,1.2229,3381000,2476.04,1348.990395
2026-09-05T20:55:06.867Z,SOL,1.2326,141000,103.25,1348.990395
2026-09-05T20:55:06.867Z,BNB,1.7634,1058000,770.7,1348.990395
2026-09-05T20:55:06.867Z,XRP,1.2263,1931,1.4141,1348.990395
2026-09-05T20:55:06.867Z,ADA,1.5348,300.1,0.2191,1348.990395
2026-09-05T20:55:06.867Z,AVAX,1.2725,10350,7.576,1348.990395
2026-09-05T20:55:06.867Z,DOT,0.8122,1240,0.9118,1348.990395
2026-09-05T20:55:06.867Z,LINK,0.7406,16320,12.009,1348.990395
2026-09-05T21:00:06.899Z,BTC,1.2256,108830000,79698.4,1348.990395
2026-09-05T21:00:06.899Z,ETH,1.2024,3381000,2476.54,1348.990395
2026-09-05T21:00:06.899Z,SOL,1.2816,141000,103.2,1348.990395
2026-09-05T21:00:06.899Z,BNB,1.803,1058000,770.4,1348.990395
2026-09-05T21:00:06.899Z,XRP,1.212,1931,1.4143,1348.990395
2026-09-05T21:00:06.899Z,ADA,1.674,300.1,0.2188,1348.990395
2026-09-05T21:00:06.899Z,AVAX,1.2057,10350,7.581,1348.990395
2026-09-05T21:00:06.899Z,DOT,0.9008,1240,0.911,1348.990395
2026-09-05T21:00:06.899Z,LINK,0.6819,16320,12.016,1348.990395
2026-09-05T21:05:06.887Z,BTC,1.2361,108830000,79690.1,1348.990395
2026-09-05T21:05:06.887Z,ETH,1.2347,3381000,2475.75,1348.990395
2026-09-05T21:05:06.887Z,SOL,1.3012,141000,103.18,1348.990395
2026-09-05T21:05:06.887Z,BNB,1.803,1058000,770.4,1348.990395
2026-09-05T21:05:06.887Z,XRP,1.2334,1931,1.414,1348.990395
2026-09-05T21:05:06.887Z,ADA,1.5245,298.7,0.2181,1348.990395
2026-09-05T21:05:06.887Z,AVAX,1.4332,10350,7.564,1348.990395
2026-09-05T21:05:06.887Z,DOT,0.9894,1240,0.9102,1348.990395
2026-09-05T21:05:06.887Z,LINK,0.7741,16320,12.005,1348.990395
2026-09-05T21:10:07.085Z,BTC,1.1794,108837000,79739.9,1348.990395
2026-09-05T21:10:07.085Z,ETH,1.211,3381000,2476.33,1348.990395
2026-09-05T21:10:07.085Z,SOL,1.164,141000,103.32,1348.990395
2026-09-05T21:10:07.085Z,BNB,1.737,1058000,770.9,1348.990395
2026-09-05T21:10:07.085Z,XRP,1.1428,1932,1.416,1348.990395
2026-09-05T21:10:07.085Z,ADA,1.1658,298.6,0.2188,1348.990395
2026-09-05T21:10:07.085Z,AVAX,1.2859,10350,7.575,1348.990395
2026-09-05T21:10:07.085Z,DOT,1.0338,1240,0.9098,1348.990395
2026-09-05T21:10:07.085Z,LINK,0.5146,16320,12.036,1348.990395
2026-09-05T21:15:06.912Z,BTC,1.2099,108861000,79733.4,1348.990395
2026-09-05T21:15:06.912Z,ETH,1.2413,3381000,2475.59,1348.990395
2026-09-05T21:15:06.912Z,SOL,1.177,141100,103.38,1348.990395
2026-09-05T21:15:06.912Z,BNB,1.7898,1058000,770.5,1348.990395
2026-09-05T21:15:06.912Z,XRP,1.188,1933,1.4161,1348.990395
2026-09-05T21:15:06.912Z,ADA,1.3228,299.2,0.2189,1348.990395
2026-09-05T21:15:06.912Z,AVAX,1.2458,10350,7.578,1348.990395
2026-09-05T21:15:06.912Z,DOT,0.8122,1240,0.9118,1348.990395
2026-09-05T21:15:06.912Z,LINK,0.5397,16320,12.033,1348.990395
2026-09-05T21:20:06.884Z,BTC,1.2103,108944000,79793.9,1348.990395
2026-09-05T21:20:06.884Z,ETH,1.1428,3381000,2478,1348.990395
2026-09-05T21:20:06.884Z,SOL,1.0401,141100,103.52,1348.990395
2026-09-05T21:20:06.884Z,BNB,1.7766,1058000,770.6,1348.990395
2026-09-05T21:20:06.884Z,XRP,1.1,1932,1.4166,1348.990395
2026-09-05T21:20:06.884Z,ADA,1.1379,299.2,0.2193,1348.990395
2026-09-05T21:20:06.884Z,AVAX,1.0591,10350,7.592,1348.990395
2026-09-05T21:20:06.884Z,DOT,0.3062,1240,0.9164,1348.990395
2026-09-05T21:20:06.884Z,LINK,0.4562,16320,12.043,1348.990395
2026-09-05T21:25:06.701Z,BTC,1.2392,109008000,79818,1348.990395
2026-09-05T21:25:06.701Z,ETH,1.1685,3384000,2479.57,1348.990395
2026-09-05T21:25:06.701Z,SOL,1.0077,141300,103.7,1348.990395
2026-09-05T21:25:06.701Z,BNB,1.8426,1058000,770.1,1348.990395
2026-09-05T21:25:06.701Z,XRP,1.2187,1937,1.4186,1348.990395
2026-09-05T21:25:06.701Z,ADA,1.1317,300,0.2199,1348.990395
2026-09-05T21:25:06.701Z,AVAX,0.9129,10350,7.603,1348.990395
2026-09-05T21:25:06.701Z,DOT,0.1969,1240,0.9174,1348.990395
2026-09-05T21:25:06.701Z,LINK,0.2315,16320,12.07,1348.990395
2026-09-05T21:30:07.114Z,BTC,1.2145,108982000,79818.4,1348.990395
2026-09-05T21:30:07.114Z,ETH,1.1501,3384000,2480.02,1348.990395
2026-09-05T21:30:07.114Z,SOL,0.959,141300,103.75,1348.990395
2026-09-05T21:30:07.114Z,BNB,1.9221,1058000,769.5,1348.990395
2026-09-05T21:30:07.114Z,XRP,1.2068,1938,1.4195,1348.990395
2026-09-05T21:30:07.114Z,ADA,1.1713,300.8,0.2204,1348.990395
2026-09-05T21:30:07.114Z,AVAX,0.7274,10350,7.617,1348.990395
2026-09-05T21:30:07.114Z,DOT,0.8916,1252,0.9199,1348.990395
2026-09-05T21:30:07.114Z,LINK,0.2481,16320,12.068,1348.990395
2026-09-05T21:35:06.873Z,BTC,1.1877,108940000,79808.8,1348.990395
2026-09-05T21:35:06.873Z,ETH,1.2185,3386000,2479.81,1348.990395
2026-09-05T21:35:06.873Z,SOL,1.2222,141600,103.7,1348.990395
2026-09-05T21:35:06.873Z,BNB,1.737,1058000,770.9,1348.990395
2026-09-05T21:35:06.873Z,XRP,1.164,1938,1.4201,1348.990395
2026-09-05T21:35:06.873Z,ADA,1.4475,300.8,0.2198,1348.990395
2026-09-05T21:35:06.873Z,AVAX,0.8333,10350,7.609,1348.990395
2026-09-05T21:35:06.873Z,DOT,1.1445,1252,0.9176,1348.990395
2026-09-05T21:35:06.873Z,LINK,0.3312,16320,12.058,1348.990395
2026-09-05T21:40:06.504Z,BTC,1.1744,108958000,79832.5,1348.990395
2026-09-05T21:40:06.504Z,ETH,1.1014,3386000,2482.68,1348.990395
2026-09-05T21:40:06.504Z,SOL,1.1831,141600,103.74,1348.990395
2026-09-05T21:40:06.504Z,BNB,1.737,1058000,770.9,1348.990395
2026-09-05T21:40:06.504Z,XRP,1.0999,1938,1.421,1348.990395
2026-09-05T21:40:06.504Z,ADA,0.9817,300.1,0.2203,1348.990395
2026-09-05T21:40:06.504Z,AVAX,0.8731,10350,7.606,1348.990395
2026-09-05T21:40:06.504Z,DOT,0.8696,1252,0.9201,1348.990395
2026-09-05T21:40:06.504Z,LINK,0.1568,16320,12.079,1348.990395
2026-09-05T21:45:07.088Z,BTC,1.15,108979000,79867.1,1348.990395
2026-09-05T21:45:07.088Z,ETH,1.1264,3397000,2490.13,1348.990395
2026-09-05T21:45:07.088Z,SOL,1.0565,141600,103.87,1348.990395
2026-09-05T21:45:07.088Z,BNB,1.6315,1058000,771.7,1348.990395
2026-09-05T21:45:07.088Z,XRP,1.1687,1940,1.4215,1348.990395
2026-09-05T21:45:07.088Z,ADA,1.1836,300.7,0.2203,1348.990395
2026-09-05T21:45:07.088Z,AVAX,0.7671,10350,7.614,1348.990395
2026-09-05T21:45:07.088Z,DOT,0.7492,1252,0.9212,1348.990395
2026-09-05T21:45:07.088Z,LINK,0.0077,16320,12.097,1348.990395
2026-09-05T21:50:07.068Z,BTC,1.1809,108999000,79857.4,1348.990395
2026-09-05T21:50:07.068Z,ETH,1.1439,3397000,2489.7,1348.990395
2026-09-05T21:50:07.068Z,SOL,1.1929,141600,103.73,1348.990395
2026-09-05T21:50:07.068Z,BNB,1.6578,1058000,771.5,1348.990395
2026-09-05T21:50:07.068Z,XRP,1.1569,1938,1.4202,1348.990395
2026-09-05T21:50:07.068Z,ADA,1.2509,300.9,0.2203,1348.990395
2026-09-05T21:50:07.068Z,AVAX,0.7538,10350,7.615,1348.990395
2026-09-05T21:50:07.068Z,DOT,0.6618,1252,0.922,1348.990395
2026-09-05T21:50:07.068Z,LINK,0.1319,16320,12.082,1348.990395
2026-09-05T21:55:06.522Z,BTC,1.2648,109093000,79860,1348.990395
2026-09-05T21:55:06.522Z,ETH,1.2366,3397000,2487.42,1348.990395
2026-09-05T21:55:06.522Z,SOL,1.2417,141600,103.68,1348.990395
2026-09-05T21:55:06.522Z,BNB,1.6578,1058000,771.5,1348.990395
2026-09-05T21:55:06.522Z,XRP,1.2258,1937,1.4185,1348.990395
2026-09-05T21:55:06.522Z,ADA,1.3182,301.1,0.2203,1348.990395
2026-09-05T21:55:06.522Z,AVAX,0.7803,10350,7.613,1348.990395
2026-09-05T21:55:06.522Z,DOT,0.6072,1252,0.9225,1348.990395
2026-09-05T21:55:06.522Z,LINK,0.1982,16320,12.074,1348.990395
2026-09-05T22:00:06.878Z,BTC,1.2046,109066000,79887.8,1348.990395
2026-09-05T22:00:06.878Z,ETH,1.1925,3399000,2489.97,1348.990395
2026-09-05T22:00:06.878Z,SOL,1.2027,141600,103.72,1348.990395
2026-09-05T22:00:06.878Z,BNB,1.6974,1058000,771.2,1348.990395
2026-09-05T22:00:06.878Z,XRP,1.0976,1937,1.4203,1348.990395
2026-09-05T22:00:06.878Z,ADA,1.1468,301,0.2206,1348.990395
2026-09-05T22:00:06.878Z,AVAX,0.7274,10350,7.617,1348.990395
2026-09-05T22:00:06.878Z,DOT,0.4221,1252,0.9242,1348.990395
2026-09-05T22:00:06.878Z,LINK,0.1153,16320,12.084,1348.990395
2026-09-05T22:05:07.083Z,BTC,1.2032,108983000,79828.1,1348.990395
2026-09-05T22:05:07.083Z,ETH,1.3059,3398000,2486.45,1348.990395
2026-09-05T22:05:07.083Z,SOL,1.2515,141600,103.67,1348.990395
2026-09-05T22:05:07.083Z,BNB,1.803,1058000,770.4,1348.990395
2026-09-05T22:05:07.083Z,XRP,1.2044,1937,1.4188,1348.990395
2026-09-05T22:05:07.083Z,ADA,1.2599,301.2,0.2205,1348.990395
2026-09-05T22:05:07.083Z,AVAX,0.7406,10350,7.616,1348.990395
2026-09-05T22:05:07.083Z,DOT,0.7492,1252,0.9212,1348.990395
2026-09-05T22:05:07.083Z,LINK,0.1319,16320,12.082,1348.990395
2026-09-05T22:10:06.881Z,BTC,1.2104,108996000,79831.9,1348.990395
2026-09-05T22:10:06.881Z,ETH,1.1898,3393000,2485.64,1348.990395
2026-09-05T22:10:06.881Z,SOL,1.1182,141400,103.66,1348.990395
2026-09-05T22:10:06.881Z,BNB,1.7502,1058000,770.8,1348.990395
2026-09-05T22:10:06.881Z,XRP,1.0097,1933,1.4186,1348.990395
2026-09-05T22:10:06.881Z,ADA,1.3058,301.2,0.2204,1348.990395
2026-09-05T22:10:06.881Z,AVAX,0.8996,10350,7.604,1348.990395
2026-09-05T22:10:06.881Z,DOT,0.9245,1252,0.9196,1348.990395
2026-09-05T22:10:06.881Z,LINK,0.2398,16320,12.069,1348.990395
2026-09-05T22:15:07.074Z,BTC,1.245,109086000,79870.5,1348.990395
2026-09-05T22:15:07.074Z,ETH,1.2127,3394000,2485.81,1348.990395
2026-09-05T22:15:07.074Z,SOL,1.128,141400,103.65,1348.990395
2026-09-05T22:15:07.074Z,BNB,1.7106,1058000,771.1,1348.990395
2026-09-05T22:15:07.074Z,XRP,1.2401,1937,1.4183,1348.990395
2026-09-05T22:15:07.074Z,ADA,1.3518,301.2,0.2203,1348.990395
2026-09-05T22:15:07.074Z,AVAX,0.8333,10350,7.609,1348.990395
2026-09-05T22:15:07.074Z,DOT,0.8696,1252,0.9201,1348.990395
2026-09-05T22:15:07.074Z,LINK,0.3312,16320,12.058,1348.990395
2026-09-05T22:20:06.853Z,BTC,1.2002,108970000,79820.9,1348.990395
2026-09-05T22:20:06.853Z,ETH,1.2608,3394000,2484.63,1348.990395
2026-09-05T22:20:06.853Z,SOL,1.2061,141400,103.57,1348.990395
2026-09-05T22:20:06.853Z,BNB,1.8691,1058000,769.9,1348.990395
2026-09-05T22:20:06.853Z,XRP,1.257,1935,1.4166,1348.990395
2026-09-05T22:20:06.853Z,ADA,1.4138,300.7,0.2198,1348.990395
2026-09-05T22:20:06.853Z,AVAX,0.8068,10350,7.611,1348.990395
2026-09-05T22:20:06.853Z,DOT,0.6836,1252,0.9218,1348.990395
2026-09-05T22:20:06.853Z,LINK,0.4061,16320,12.049,1348.990395
2026-09-05T22:25:06.885Z,BTC,1.2107,108970000,79812.6,1348.990395
2026-09-05T22:25:06.885Z,ETH,1.2323,3390000,2482.4,1348.990395
2026-09-05T22:25:06.885Z,SOL,1.2812,141300,103.42,1348.990395
2026-09-05T22:25:06.885Z,BNB,1.7502,1058000,770.8,1348.990395
2026-09-05T22:25:06.885Z,XRP,1.2286,1932,1.4148,1348.990395
2026-09-05T22:25:06.885Z,ADA,1.4386,300.5,0.2196,1348.990395
2026-09-05T22:25:06.885Z,AVAX,0.7935,10350,7.612,1348.990395
2026-09-05T22:25:06.885Z,DOT,0.5854,1252,0.9227,1348.990395
2026-09-05T22:25:06.885Z,LINK,0.6065,16320,12.025,1348.990395
2026-09-05T22:30:07.084Z,BTC,1.2132,108924000,79777,1348.990395
2026-09-05T22:30:07.084Z,ETH,1.1656,3384000,2479.64,1348.990395
2026-09-05T22:30:07.084Z,SOL,1.1346,141000,103.35,1348.990395
2026-09-05T22:30:07.084Z,BNB,1.8294,1058000,770.2,1348.990395
2026-09-05T22:30:07.084Z,XRP,1.1667,1930,1.4142,1348.990395
2026-09-05T22:30:07.084Z,ADA,1.3924,300.5,0.2197,1348.990395
2026-09-05T22:30:07.084Z,AVAX,0.9926,10350,7.597,1348.990395
2026-09-05T22:30:07.084Z,DOT,0.7164,1252,0.9215,1348.990395
2026-09-05T22:30:07.084Z,LINK,0.8498,16320,11.996,1348.990395
2026-09-05T22:35:06.876Z,BTC,1.2133,108924000,79776.9,1348.990395
2026-09-05T22:35:06.876Z,ETH,1.2232,3389000,2481.89,1348.990395
2026-09-05T22:35:06.876Z,SOL,1.2129,141000,103.27,1348.990395
2026-09-05T22:35:06.876Z,BNB,1.8691,1058000,769.9,1348.990395
2026-09-05T22:35:06.876Z,XRP,1.2715,1932,1.4142,1348.990395
2026-09-05T22:35:06.876Z,ADA,1.2082,300.5,0.2201,1348.990395
2026-09-05T22:35:06.876Z,AVAX,0.8465,10350,7.608,1348.990395
2026-09-05T22:35:06.876Z,DOT,0.2053,1252,0.9262,1348.990395
2026-09-05T22:35:06.876Z,LINK,0.6149,16320,12.024,1348.990395
2026-09-05T22:40:06.970Z,BTC,1.2135,108924000,79776.7,1348.990395
2026-09-05T22:40:06.970Z,ETH,1.2228,3389000,2481.9,1348.990395
2026-09-05T22:40:06.970Z,SOL,1.1542,141000,103.33,1348.990395
2026-09-05T22:40:06.970Z,BNB,1.9088,1058000,769.6,1348.990395
2026-09-05T22:40:06.970Z,XRP,1.1905,1931,1.4146,1348.990395
2026-09-05T22:40:06.970Z,ADA,1.1622,300.5,0.2202,1348.990395
2026-09-05T22:40:06.970Z,AVAX,0.8996,10350,7.604,1348.990395
2026-09-05T22:40:06.970Z,DOT,0.4656,1252,0.9238,1348.990395
2026-09-05T22:40:06.970Z,LINK,0.6903,16320,12.015,1348.990395
2026-09-05T22:45:07.072Z,BTC,1.2254,108870000,79727.8,1348.990395
2026-09-05T22:45:07.072Z,ETH,1.2218,3387000,2480.46,1348.990395
2026-09-05T22:45:07.072Z,SOL,1.3534,141100,103.2,1348.990395
2026-09-05T22:45:07.072Z,BNB,1.9088,1058000,769.6,1348.990395
2026-09-05T22:45:07.072Z,XRP,1.212,1931,1.4143,1348.990395
2026-09-05T22:45:07.072Z,ADA,1.2393,299.5,0.2193,1348.990395
2026-09-05T22:45:07.072Z,AVAX,1.0591,10350,7.592,1348.990395
2026-09-05T22:45:07.072Z,DOT,0.9135,1252,0.9197,1348.990395
2026-09-05T22:45:07.072Z,LINK,0.875,16320,11.993,1348.990395
2026-09-05T22:50:07.088Z,BTC,1.2119,108880000,79745.8,1348.990395
2026-09-05T22:50:07.088Z,ETH,1.2409,3386000,2479.26,1348.990395
2026-09-05T22:50:07.088Z,SOL,1.2522,141000,103.23,1348.990395
2026-09-05T22:50:07.088Z,BNB,1.9486,1058000,769.3,1348.990395
2026-09-05T22:50:07.088Z,XRP,1.2263,1931,1.4141,1348.990395
2026-09-05T22:50:07.088Z,ADA,1.2393,299.5,0.2193,1348.990395
2026-09-05T22:50:07.088Z,AVAX,1.099,10350,7.589,1348.990395
2026-09-05T22:50:07.088Z,DOT,0.8806,1252,0.92,1348.990395
2026-09-05T22:50:07.088Z,LINK,0.875,16320,11.993,1348.990395
2026-09-05T22:55:06.865Z,BTC,1.1963,108880000,79758.1,1348.990395
2026-09-05T22:55:06.865Z,ETH,1.2095,3386000,2480.03,1348.990395
2026-09-05T22:55:06.865Z,SOL,1.1444,141000,103.34,1348.990395
2026-09-05T22:55:06.865Z,BNB,1.671,1058000,771.4,1348.990395
2026-09-05T22:55:06.865Z,XRP,1.2263,1931,1.4141,1348.990395
2026-09-05T22:55:06.865Z,ADA,1.1932,299.5,0.2194,1348.990395
2026-09-05T22:55:06.865Z,AVAX,0.9527,10350,7.6,1348.990395
2026-09-05T22:55:06.865Z,DOT,0.9794,1252,0.9191,1348.990395
2026-09-05T22:55:06.865Z,LINK,0.7825,16320,12.004,1348.990395
2026-09-05T23:00:06.882Z,BTC,1.2267,108899000,79748,1348.990395
2026-09-05T23:00:06.882Z,ETH,1.2307,3386000,2479.51,1348.990395
2026-09-05T23:00:06.882Z,SOL,1.1738,141000,103.31,1348.990395
2026-09-05T23:00:06.882Z,BNB,1.8294,1058000,770.2,1348.990395
2026-09-05T23:00:06.882Z,XRP,1.2693,1931,1.4135,1348.990395
2026-09-05T23:00:06.882Z,ADA,1.1932,299.5,0.2194,1348.990395
2026-09-05T23:00:06.882Z,AVAX,0.9926,10350,7.597,1348.990395
2026-09-05T23:00:06.882Z,DOT,0.9464,1252,0.9194,1348.990395
2026-09-05T23:00:06.882Z,LINK,0.8666,16320,11.994,1348.990395
2026-09-05T23:05:07.078Z,BTC,1.2726,108906000,79717,1348.990395
2026-09-05T23:05:07.078Z,ETH,1.2518,3385000,2478.26,1348.990395
2026-09-05T23:05:07.078Z,SOL,1.262,141000,103.22,1348.990395
2026-09-05T23:05:07.078Z,BNB,1.8559,1058000,770,1348.990395
2026-09-05T23:05:07.078Z,XRP,1.2693,1931,1.4135,1348.990395
2026-09-05T23:05:07.078Z,ADA,1.3318,299.5,0.2191,1348.990395
2026-09-05T23:05:07.078Z,AVAX,1.099,10350,7.589,1348.990395
2026-09-05T23:05:07.078Z,DOT,1.2217,1252,0.9169,1348.990395
2026-09-05T23:05:07.078Z,LINK,1.2123,16350,11.975,1348.990395
2026-09-05T23:10:07.018Z,BTC,1.2794,108905000,79710.9,1348.990395
2026-09-05T23:10:07.018Z,ETH,1.2702,3385000,2477.81,1348.990395
2026-09-05T23:10:07.018Z,SOL,1.4124,141100,103.14,1348.990395
2026-09-05T23:10:07.018Z,BNB,1.2709,1044000,764.2,1348.990395
2026-09-05T23:10:07.018Z,XRP,1.2764,1931,1.4134,1348.990395
2026-09-05T23:10:07.018Z,ADA,1.1471,299.5,0.2195,1348.990395
2026-09-05T23:10:07.018Z,AVAX,1.139,10350,7.586,1348.990395
2026-09-05T23:10:07.018Z,DOT,1.3322,1252,0.9159,1348.990395
2026-09-05T23:10:07.018Z,LINK,1.2631,16350,11.969,1348.990395
2026-09-05T23:15:07.060Z,BTC,1.1975,108829000,79719.8,1348.990395
2026-09-05T23:15:07.060Z,ETH,1.2182,3383000,2477.62,1348.990395
2026-09-05T23:15:07.060Z,SOL,1.3927,141100,103.16,1348.990395
2026-09-05T23:15:07.060Z,BNB,1.2179,1044000,764.6,1348.990395
2026-09-05T23:15:07.060Z,XRP,1.2836,1931,1.4133,1348.990395
2026-09-05T23:15:07.060Z,ADA,1.2393,299.5,0.2193,1348.990395
2026-09-05T23:15:07.060Z,AVAX,1.1657,10350,7.584,1348.990395
2026-09-05T23:15:07.060Z,DOT,1.2769,1252,0.9164,1348.990395
2026-09-05T23:15:07.060Z,LINK,1.2292,16350,11.973,1348.990395
2026-09-05T23:20:07.078Z,BTC,1.1735,108867000,79766.5,1348.990395
2026-09-05T23:20:07.078Z,ETH,1.1587,3384000,2479.81,1348.990395
2026-09-05T23:20:07.078Z,SOL,1.3044,141100,103.25,1348.990395
2026-09-05T23:20:07.078Z,BNB,1.1782,1044000,764.9,1348.990395
2026-09-05T23:20:07.078Z,XRP,1.1619,1931,1.415,1348.990395
2026-09-05T23:20:07.078Z,ADA,1.2055,299.4,0.2193,1348.990395
2026-09-05T23:20:07.078Z,AVAX,1.0192,10350,7.595,1348.990395
2026-09-05T23:20:07.078Z,DOT,0.9464,1252,0.9194,1348.990395
2026-09-05T23:20:07.078Z,LINK,1.0099,16350,11.999,1348.990395
2026-09-05T23:25:06.874Z,BTC,1.2098,108860000,79732.8,1348.990395
2026-09-05T23:25:06.874Z,ETH,1.1941,3383000,2478.21,1348.990395
2026-09-05T23:25:06.874Z,SOL,1.4419,141100,103.11,1348.990395
2026-09-05T23:25:06.874Z,BNB,1.1914,1044000,764.8,1348.990395
2026-09-05T23:25:06.874Z,XRP,1.236,1929,1.4125,1348.990395
2026-09-05T23:25:06.874Z,ADA,1.1072,298.7,0.219,1348.990395
2026-09-05T23:25:06.874Z,AVAX,1.1924,10350,7.582,1348.990395
2026-09-05T23:25:06.874Z,DOT,1.1665,1252,0.9174,1348.990395
2026-09-05T23:25:06.874Z,LINK,1.2039,16350,11.976,1348.990395
2026-09-05T23:30:06.878Z,BTC,1.2137,108910000,79766.3,1348.990395
2026-09-05T23:30:06.878Z,ETH,1.1689,3384000,2479.56,1348.990395
2026-09-05T23:30:06.878Z,SOL,1.3731,141100,103.18,1348.990395
2026-09-05T23:30:06.878Z,BNB,1.1121,1044000,765.4,1348.990395
2026-09-05T23:30:06.878Z,XRP,1.2526,1930,1.413,1348.990395
2026-09-05T23:30:06.878Z,ADA,1.0611,298.7,0.2191,1348.990395
2026-09-05T23:30:06.878Z,AVAX,1.1523,10350,7.585,1348.990395
2026-09-05T23:30:06.878Z,DOT,1.2438,1252,0.9167,1348.990395
2026-09-05T23:30:06.878Z,LINK,0.8586,16350,12.017,1348.990395
2026-09-05T23:35:07.045Z,BTC,1.1841,108924000,79799.9,1348.990395
2026-09-05T23:35:07.045Z,ETH,1.1803,3388000,2482.21,1348.990395
2026-09-05T23:35:07.045Z,SOL,1.2651,141100,103.29,1348.990395
2026-09-05T23:35:07.045Z,BNB,0.9275,1044000,766.8,1348.990395
2026-09-05T23:35:07.045Z,XRP,1.1905,1931,1.4146,1348.990395
2026-09-05T23:35:07.045Z,ADA,0.9689,298.7,0.2193,1348.990395
2026-09-05T23:35:07.045Z,AVAX,1.0857,10350,7.59,1348.990395
2026-09-05T23:35:07.045Z,DOT,1.2327,1252,0.9168,1348.990395
2026-09-05T23:35:07.045Z,LINK,0.574,16350,12.051,1348.990395
2026-09-05T23:40:07.039Z,BTC,1.2278,108922000,79764,1348.990395
2026-09-05T23:40:07.039Z,ETH,1.1095,3382000,2479.55,1348.990395
2026-09-05T23:40:07.039Z,SOL,1.1053,140700,103.16,1348.990395
2026-09-05T23:40:07.039Z,BNB,1.0197,1044000,766.1,1348.990395
2026-09-05T23:40:07.039Z,XRP,1.2649,1926,1.4099,1348.990395
2026-09-05T23:40:07.039Z,ADA,1.212,298.6,0.2187,1348.990395
2026-09-05T23:40:07.039Z,AVAX,1.1257,10350,7.587,1348.990395
2026-09-05T23:40:07.039Z,DOT,1.3765,1252,0.9155,1348.990395
2026-09-05T23:40:07.039Z,LINK,0.7328,16350,12.032,1348.990395
2026-09-05T23:45:06.989Z,BTC,1.2254,108922000,79765.9,1348.990395
2026-09-05T23:45:06.989Z,ETH,1.2008,3385000,2479.51,1348.990395
2026-09-05T23:45:06.989Z,SOL,1.1739,140700,103.09,1348.990395
2026-09-05T23:45:06.989Z,BNB,0.9407,1044000,766.7,1348.990395
2026-09-05T23:45:06.989Z,XRP,1.2911,1928,1.411,1348.990395
2026-09-05T23:45:06.989Z,ADA,1.3047,298.6,0.2185,1348.990395
2026-09-05T23:45:06.989Z,AVAX,1.2057,10350,7.581,1348.990395
2026-09-05T23:45:06.989Z,DOT,1.4873,1252,0.9145,1348.990395
2026-09-05T23:45:06.989Z,LINK,0.825,16350,12.021,1348.990395
2026-09-05T23:45:16.219Z,BTC,1.2267,108922000,79764.9,1348.990395
2026-09-05T23:45:16.219Z,ETH,1.238,3385000,2478.6,1348.990395
2026-09-05T23:45:16.219Z,SOL,1.1739,140700,103.09,1348.990395
2026-09-05T23:45:16.219Z,BNB,0.9538,1044000,766.6,1348.990395
2026-09-05T23:45:16.219Z,XRP,1.2911,1928,1.411,1348.990395
2026-09-05T23:45:16.219Z,ADA,1.3975,298.6,0.2183,1348.990395
2026-09-05T23:45:16.219Z,AVAX,1.2057,10350,7.581,1348.990395
2026-09-05T23:45:16.219Z,DOT,1.4873,1252,0.9145,1348.990395
2026-09-05T23:45:16.219Z,LINK,0.867,16350,12.016,1348.990395
2026-09-05T23:46:40.302Z,BTC,1.3096,109087000,79820.3,1348.990395
2026-09-05T23:46:40.302Z,ETH,1.1994,3387000,2481.01,1348.990395
2026-09-05T23:46:40.302Z,SOL,1.2326,141000,103.25,1348.990395
2026-09-05T23:46:40.302Z,BNB,0.888,1044000,767.1,1348.990395
2026-09-05T23:46:40.302Z,XRP,1.2478,1931,1.4138,1348.990395
2026-09-05T23:46:40.302Z,ADA,1.2088,299,0.219,1348.990395
2026-09-05T23:46:40.302Z,AVAX,1.0724,10350,7.591,1348.990395
2026-09-05T23:46:40.302Z,DOT,1.3211,1252,0.916,1348.990395
2026-09-05T23:46:40.302Z,LINK,0.6575,16350,12.041,1348.990395
2026-09-05T23:46:40.302Z,DOGE,1.2581,122.8,0.0899,1348.990395
2026-09-05T23:46:40.302Z,TRX,1.2129,455.7,0.33376,1348.990395
2026-09-05T23:46:40.302Z,XLM,1.2155,251.6,0.18427,1348.990395
2026-09-05T23:46:40.302Z,SHIB,0.4318,0.0074,0.000005462,1348.990395
2026-09-05T23:46:40.302Z,BCH,1.2824,351000,256.9,1348.990395
2026-09-05T23:46:40.302Z,UNI,0.6568,9600,7.07,1348.990395
2026-09-05T23:46:40.302Z,AAVE,-2.438,177200,134.64,1348.990395
2026-09-05T23:46:40.302Z,SUSHI,0.9855,348.2,0.2556,1348.990395
2026-09-05T23:46:40.302Z,LDO,-9.9604,485,0.3993,1348.990395
2026-09-05T23:46:40.302Z,ICP,2.1568,3685,2.674,1348.990395
2026-09-05T23:46:40.302Z,NEAR,0.2034,2963,2.192,1348.990395
2026-09-05T23:46:40.302Z,HBAR,1.3879,109.8,0.08028,1348.990395
2026-09-05T23:46:40.302Z,XTZ,2.1828,326,0.2365,1348.990395
2026-09-05T23:46:40.302Z,DYDX,-8.6846,149.2,0.12112,1348.990395
2026-09-05T23:46:40.302Z,ARB,0.979,241,0.17692,1348.990395
2026-09-05T23:46:40.302Z,GMX,-1.8178,10160,7.671,1348.990395
2026-09-05T23:46:40.302Z,IMX,1.9122,176,0.12802,1348.990395
2026-09-05T23:46:40.302Z,INJ,-2.6476,6460,4.919,1348.990395
2026-09-05T23:46:40.302Z,GRT,-7.4299,22.69,0.01817,1348.990395
2026-09-05T23:46:40.302Z,SUI,1.8084,1095,0.7973,1348.990395
2026-09-05T23:50:06.877Z,BTC,1.2606,108952000,79760.1,1348.990395
2026-09-05T23:50:06.877Z,ETH,1.2483,3387000,2479.81,1348.990395
2026-09-05T23:50:06.877Z,SOL,1.3209,141000,103.16,1348.990395
2026-09-05T23:50:06.877Z,BNB,0.9802,1044000,766.4,1348.990395
2026-09-05T23:50:06.877Z,XRP,1.2432,1929,1.4124,1348.990395
2026-09-05T23:50:06.877Z,ADA,1.3013,299,0.2188,1348.990395
2026-09-05T23:50:06.877Z,AVAX,1.139,10350,7.586,1348.990395
2026-09-05T23:50:06.877Z,DOT,1.4651,1252,0.9147,1348.990395
2026-09-05T23:50:06.877Z,LINK,0.5824,16350,12.05,1348.990395
2026-09-05T23:50:06.877Z,DOGE,1.337,122.8,0.08983,1348.990395
2026-09-05T23:50:06.877Z,TRX,1.2432,455.7,0.33366,1348.990395
2026-09-05T23:50:06.877Z,XLM,1.331,251.6,0.18406,1348.990395
2026-09-05T23:50:06.877Z,SHIB,0.5238,0.0074,0.000005457,1348.990395
2026-09-05T23:50:06.877Z,BCH,1.3614,351000,256.7,1348.990395
2026-09-05T23:50:06.877Z,UNI,0.8422,9600,7.057,1348.990395
2026-09-05T23:50:06.877Z,AAVE,-2.2274,177200,134.35,1348.990395
2026-09-05T23:50:06.877Z,SUSHI,1.3026,348.2,0.2548,1348.990395
2026-09-05T23:50:06.877Z,LDO,-9.7796,485,0.3985,1348.990395
2026-09-05T23:50:06.877Z,ICP,2.3865,3685,2.668,1348.990395
2026-09-05T23:50:06.877Z,NEAR,0.4324,2963,2.187,1348.990395
2026-09-05T23:50:06.877Z,HBAR,1.527,109.8,0.08017,1348.990395
2026-09-05T23:50:06.877Z,XTZ,2.2692,326,0.2363,1348.990395
2026-09-05T23:50:06.877Z,DYDX,-8.5865,149.2,0.12099,1348.990395
2026-09-05T23:50:06.877Z,ARB,1.162,241,0.1766,1348.990395
2026-09-05T23:50:06.877Z,GMX,-1.805,10160,7.67,1348.990395
2026-09-05T23:50:06.877Z,IMX,1.9122,176,0.12802,1348.990395
2026-09-05T23:50:06.877Z,INJ,-2.8056,6460,4.927,1348.990395
2026-09-05T23:50:06.877Z,GRT,-6.9691,22.69,0.01808,1348.990395
2026-09-05T23:50:06.877Z,SUI,1.8978,1095,0.7966,1348.990395
2026-09-05T23:52:55.223Z,BTC,1.1969,108952000,79810.3,1348.990395
2026-09-05T23:52:55.223Z,ETH,1.217,3388000,2481.31,1348.990395
2026-09-05T23:52:55.223Z,SOL,1.2816,141000,103.2,1348.990395
2026-09-05T23:52:55.223Z,BNB,0.9275,1044000,766.8,1348.990395
2026-09-05T23:52:55.223Z,XRP,1.2764,1931,1.4134,1348.990395
2026-09-05T23:52:55.223Z,ADA,1.255,299,0.2189,1348.990395
2026-09-05T23:52:55.223Z,AVAX,1.0724,10350,7.591,1348.990395
2026-09-05T23:52:55.223Z,DOT,1.2769,1252,0.9164,1348.990395
2026-09-05T23:52:55.223Z,LINK,0.4906,16350,12.061,1348.990395
2026-09-05T23:52:55.223Z,DOGE,1.2283,122.6,0.08978,1348.990395
2026-09-05T23:52:55.223Z,TRX,1.225,455.7,0.33372,1348.990395
2026-09-05T23:52:55.223Z,XLM,1.276,251.6,0.18416,1348.990395
2026-09-05T23:52:55.223Z,SHIB,0.5238,0.0074,0.000005457,1348.990395
2026-09-05T23:52:55.223Z,BCH,1.1643,351000,257.2,1348.990395
2026-09-05T23:52:55.223Z,UNI,1.1144,9600,7.038,1348.990395
2026-09-05T23:52:55.223Z,AAVE,-2.2928,177200,134.44,1348.990395
2026-09-05T23:52:55.223Z,SUSHI,0.9066,348.2,0.2558,1348.990395
2026-09-05T23:52:55.223Z,LDO,-9.8927,485,0.399,1348.990395
2026-09-05T23:52:55.223Z,ICP,2.3482,3685,2.669,1348.990395
2026-09-05T23:52:55.223Z,NEAR,0.2949,2963,2.19,1348.990395
2026-09-05T23:52:55.223Z,HBAR,1.5143,109.8,0.08018,1348.990395
2026-09-05T23:52:55.223Z,XTZ,1.7954,326,0.2374,1348.990395
2026-09-05T23:52:55.223Z,DYDX,-8.5865,149.2,0.12099,1348.990395
2026-09-05T23:52:55.223Z,ARB,0.8707,241,0.17711,1348.990395
2026-09-05T23:52:55.223Z,GMX,-1.805,10160,7.67,1348.990395
2026-09-05T23:52:55.223Z,IMX,1.7532,176,0.12822,1348.990395
2026-09-05T23:52:55.223Z,INJ,-3.0221,6460,4.938,1348.990395
2026-09-05T23:52:55.223Z,GRT,-7.5317,22.69,0.01819,1348.990395
2026-09-05T23:52:55.223Z,SUI,1.949,1095,0.7962,1348.990395
2026-09-05T23:55:07.026Z,BTC,1.1916,108952000,79814.5,1348.990395
2026-09-05T23:55:07.026Z,ETH,1.2359,3389000,2481.58,1348.990395
2026-09-05T23:55:07.026Z,SOL,1.2522,141000,103.23,1348.990395
2026-09-05T23:55:07.026Z,BNB,0.9143,1044000,766.9,1348.990395
2026-09-05T23:55:07.026Z,XRP,1.2859,1932,1.414,1348.990395
2026-09-05T23:55:07.026Z,ADA,1.255,299,0.2189,1348.990395
2026-09-05T23:55:07.026Z,AVAX,1.0325,10350,7.594,1348.990395
2026-09-05T23:55:07.026Z,DOT,1.3654,1252,0.9156,1348.990395
2026-09-05T23:55:07.026Z,LINK,0.474,16350,12.063,1348.990395
2026-09-05T23:55:07.026Z,DOGE,1.3935,122.8,0.08978,1348.990395
2026-09-05T23:55:07.026Z,TRX,1.2281,455.7,0.33371,1348.990395
2026-09-05T23:55:07.026Z,XLM,1.2925,251.6,0.18413,1348.990395
2026-09-05T23:55:07.026Z,SHIB,0.487,0.0074,0.000005459,1348.990395
2026-09-05T23:55:07.026Z,BCH,1.0857,351000,257.4,1348.990395
2026-09-05T23:55:07.026Z,UNI,0.8851,9600,7.054,1348.990395
2026-09-05T23:55:07.026Z,AAVE,-2.2565,177200,134.39,1348.990395
2026-09-05T23:55:07.026Z,SUSHI,1.4619,348.2,0.2544,1348.990395
2026-09-05T23:55:07.026Z,LDO,-9.7796,485,0.3985,1348.990395
2026-09-05T23:55:07.026Z,ICP,2.2715,3685,2.671,1348.990395
2026-09-05T23:55:07.026Z,NEAR,0.2949,2963,2.19,1348.990395
2026-09-05T23:55:07.026Z,HBAR,1.5017,109.8,0.08019,1348.990395
2026-09-05T23:55:07.026Z,XTZ,1.7525,326,0.2375,1348.990395
2026-09-05T23:55:07.026Z,DYDX,-8.5033,149.2,0.12088,1348.990395
2026-09-05T23:55:07.026Z,ARB,0.7342,241,0.17735,1348.990395
2026-09-05T23:55:07.026Z,GMX,-1.805,10160,7.67,1348.990395
2026-09-05T23:55:07.026Z,IMX,1.5868,176,0.12843,1348.990395
2026-09-05T23:55:07.026Z,INJ,-3.1006,6460,4.942,1348.990395
2026-09-05T23:55:07.026Z,GRT,-7.2257,22.69,0.01813,1348.990395
2026-09-05T23:55:07.026Z,SUI,1.9362,1095,0.7963,1348.990395
